method,regime1,regime2,regime3
UDE,0.8971374653139235,0.5747854242814959,0.6603030144060482
GP,0.8467821779717175,0.32660521947740767,0.5113955935205271
KERNEL,0.7174959871589084,0.0,0.0
