method,seed,train_size,r,K,h,time,rmseC,rmseC_alg,f1_1,f1_2,f1_3,macro_f1,weighted_f1,f1_1_dip,f1_2_dip,f1_3_dip,macro_f1_dip,weighted_f1_dip,rmse1,rmse5,rmse10,rmse12,rmse15,mae1,mae5,mae10,mae12,mae15,mape1,mape5,mape10,mape12,mape15,x_forecast,c_predicted
UDE-NN,96004,70,1,10,1,97.574,0.11379,0.28384,1,0,0,0.33333,1,1,0,0,0.33333,1,0.3736,0.52449,1.17131,1.47469,1.59403,0.3736,0.49468,0.87465,1.13924,1.30727,14.54458,19.91586,20.95988,23.45692,24.57449,"[2.94223, 2.97322, 3.03616, 3.12706, 3.24274, 3.3802, 3.5362, 3.70711, 3.88881, 4.07684, 4.26668, 4.45414, 4.63565, 4.80859, 4.97131, 5.1231, 5.264, 5.39457, 5.51564, 5.62818]","[-0.26912, -0.20322, -0.09318, -0.15434, -0.00709, -0.07297, -0.09328, -0.13656, -0.09728, 0.1271, 0.1799, 0.1184, 0.19852, 0.06927, 0.08678, 0.06999, 0.16981, 0.10882, 0.02162, -0.00011, 0.07633, 0.18468, 0.18638, 0.12783, 0.1977, 0.19204, 0.28264, 0.28556, 0.31479, 0.36295, 0.4185, 0.48623, 0.40266, 0.16967, 0.09265, 0.06659, 0.09513, 0.27155, 0.34897, 0.38005, 0.40572, 0.39383, 0.29943, 0.30294, 0.38538, 0.44794, 0.47188, 0.51907, 0.53683, 0.48519, 0.44082, 0.40463, 0.49768, 0.43959, 0.35839, 0.55062, 0.51905, 0.72433, 0.73249, 0.63612, 0.6987, 0.66896, 0.63445, 0.6522, 0.64351, 0.56095, 0.52316, 0.61002, 0.66576, 0.67941]"
GP,96004,70,1,10,1,211.729,0.04785,0.28384,1,0,0,0.33333,1,1,0,0,0.33333,1,0.36054,0.49937,1.17235,1.4724,1.5833,0.36054,0.46875,0.86525,1.12949,1.29222,14.03632,18.90285,20.50143,23.04624,24.1394,"[2.92918, 2.95084, 3.00748, 3.0948, 3.20945, 3.34839, 3.5083, 3.68536, 3.87513, 4.07267, 4.27288, 4.47094, 4.66274, 4.84521, 5.01647, 5.17575, 5.32317, 5.45943, 5.58555, 5.70265]","[-0.08366, -0.07239, -0.06112, -0.04985, -0.03858, -0.02731, -0.01604, -0.00477, 0.0065, 0.01777, 0.02904, 0.04031, 0.05158, 0.06285, 0.07412, 0.08539, 0.09666, 0.10793, 0.1192, 0.13047, 0.14174, 0.15301, 0.16428, 0.17555, 0.18682, 0.19809, 0.20936, 0.22063, 0.2319, 0.24317, 0.25444, 0.26571, 0.27698, 0.28825, 0.29952, 0.31079, 0.32206, 0.33333, 0.3446, 0.35587, 0.36714, 0.37841, 0.38968, 0.40095, 0.41222, 0.42349, 0.43476, 0.44603, 0.4573, 0.46857, 0.47984, 0.49111, 0.50238, 0.51365, 0.52492, 0.53619, 0.54746, 0.55873, 0.57, 0.58127, 0.59254, 0.60381, 0.61508, 0.62635, 0.63762, 0.64889, 0.66016, 0.67142, 0.68269, 0.69396]"
ARIMA,96004,70,1,10,1,18.438,,,,,,,,,,,,,0.44702,0.48548,1.66164,2.17804,2.58464,0.44702,0.4354,1.19426,1.63182,2.06179,17.40304,17.78615,26.67074,31.54574,36.35991,"[3.01566, 2.99995, 3.00365, 3.00277, 3.00298, 3.00293, 3.00294, 3.00294, 3.00294, 3.00294, 3.00294, 3.00294, 3.00294, 3.00294, 3.00294, 3.00294, 3.00294, 3.00294, 3.00294, 3.00294]",
RandomWalk,96004,70,1,10,1,1.647,,,,,,,,,,,,,0.38029,0.43574,1.68674,2.20979,2.62185,0.38029,0.37933,1.19322,1.63997,2.07911,14.80524,15.58793,26.15118,31.24491,36.27891,"[2.94893, 2.94893, 2.94893, 2.94893, 2.94893, 2.94893, 2.94893, 2.94893, 2.94893, 2.94893, 2.94893, 2.94893, 2.94893, 2.94893, 2.94893, 2.94893, 2.94893, 2.94893, 2.94893, 2.94893]",
LSTM,96004,70,1,10,1,43.553,,,,,,,,,,,,,2.16083,3.13456,4.5478,5.07614,5.54811,2.16083,3.08428,4.30174,4.77642,5.24539,84.12384,120.00094,116.53514,114.57943,112.65849,"[0.4078, -0.51823, -0.65198, -0.93908, -0.87195, -0.87607, -0.63964, -0.53223, -0.41307, -0.35475, -0.33157, -0.32289, -0.33341, -0.33714, -0.33947, -0.34067, -0.34112, -0.34195, -0.34224, -0.34251]",
Alg_c,96004,70,1,10,1,0,0.28384,0.28384,1,0,0,0.33333,1,1,0,0,0.33333,1,,,,,,,,,,,,,,,,,"[0.0, 0.0, 0.2638, 0.0, 0.43259, 0.0, 0.0, 0.0, 0.0, 0.43866, 0.40245, 0.0, 0.68644, 0.0, 0.23406, 0.0, 0.53025, 0.12884, 0.0, 0.0, 0.02763, 0.39159, 0.34396, 0.0, 0.46713, 0.0, 0.53317, 0.18022, 0.28573, 0.35713, 0.33589, 0.75364, 0.71733, 0.0, 0.01223, 0.0, 0.0, 0.46073, 0.41071, 0.3775, 0.47219, 0.5525, 0.11365, 0.15193, 0.417, 0.52785, 0.4141, 0.57229, 0.68021, 0.44142, 0.48779, 0.03302, 0.89294, 0.54139, 0.0, 1.26337, 0.0, 1.24938, 1.00925, 0.0, 1.09381, 0.64753, 0.45492, 0.70232, 0.89201, 0.46263, 0.17816, 0.77057, 0.76868]"
UDE-NN,19561,70,1,10,1,88.483,0.08679,0.20063,1,0,0,0.33333,1,0.82353,0,0,0.27451,0.57647,0.14941,1.0226,1.03272,1.08138,0.97098,0.14941,0.86191,0.89026,0.9501,0.79053,2.18821,16.00786,13.98594,14.12632,11.73748,"[6.67844, 6.5778, 6.57975, 6.62308, 6.68329, 6.74955, 6.81693, 6.88322, 6.94749, 7.00936, 7.06873, 7.12562, 7.18008, 7.2322, 7.28205, 7.32973, 7.3753, 7.41885, 7.46045, 7.50017]","[-0.07408, -0.07431, -0.10787, -0.02556, -0.00902, 0.01238, -0.0179, -0.10452, 0.0227, 0.10122, 0.3008, 0.32105, 0.1848, 0.14478, 0.1303, 0.13412, 0.10271, 0.03634, 0.00997, 0.13288, 0.14124, 0.22515, 0.21938, 0.29151, 0.30852, 0.33376, 0.40627, 0.29532, 0.2421, 0.28577, 0.22057, 0.23691, 0.20216, 0.30991, 0.38772, 0.51947, 0.48457, 0.48303, 0.44158, 0.40275, 0.3969, 0.41687, 0.40719, 0.44258, 0.5174, 0.57374, 0.62867, 0.58449, 0.57607, 0.4972, 0.4188, 0.44279, 0.47942, 0.539, 0.61754, 0.62785, 0.64753, 0.58215, 0.47585, 0.49989, 0.48939, 0.48984, 0.63136, 0.66748, 0.6336, 0.58951, 0.54745, 0.59404, 0.64742, 0.65808]"
GP,19561,70,1,10,1,217.365,0.02793,0.20063,1,0,0,0.33333,1,0.82353,0,0,0.27451,0.57647,0.13849,1.04334,1.03087,1.07045,0.96326,0.13849,0.87902,0.89297,0.94399,0.79544,2.02834,16.32821,14.10012,14.12087,11.872,"[6.68935, 6.59508, 6.60203, 6.64963, 6.71363, 6.78335, 6.85397, 6.92335, 6.99059, 7.05536, 7.11758, 7.17727, 7.2345, 7.28935, 7.34191, 7.39227, 7.44052, 7.48672, 7.53096, 7.57332]","[0.05017, 0.05882, 0.06747, 0.07611, 0.08476, 0.09341, 0.10206, 0.11071, 0.11936, 0.12801, 0.13666, 0.14531, 0.15395, 0.1626, 0.17125, 0.1799, 0.18855, 0.1972, 0.20585, 0.2145, 0.22315, 0.2318, 0.24044, 0.24909, 0.25774, 0.26639, 0.27504, 0.28369, 0.29234, 0.30099, 0.30964, 0.31829, 0.32694, 0.33559, 0.34424, 0.35288, 0.36153, 0.37018, 0.37883, 0.38748, 0.39613, 0.40478, 0.41343, 0.42208, 0.43073, 0.43938, 0.44802, 0.45667, 0.46532, 0.47397, 0.48262, 0.49127, 0.49992, 0.50857, 0.51722, 0.52587, 0.53451, 0.54316, 0.55181, 0.56046, 0.56911, 0.57776, 0.58641, 0.59506, 0.60371, 0.61235, 0.621, 0.62965, 0.6383, 0.64695]"
ARIMA,19561,70,1,10,1,18.698,,,,,,,,,,,,,1.0388,2.96194,2.72184,2.60319,2.75785,1.0388,2.75415,2.5471,2.43367,2.60745,15.21412,49.83615,41.64736,38.46708,40.10455,"[7.86664, 8.24351, 8.63122, 8.94516, 9.21584, 9.44516, 9.64038, 9.80635, 9.94751, 10.06754, 10.16962, 10.25643, 10.33026, 10.39304, 10.44643, 10.49183, 10.53044, 10.56328, 10.5912, 10.61495]",
RandomWalk,19561,70,1,10,1,1.213,,,,,,,,,,,,,0.25882,1.41251,1.23652,1.24739,1.11775,0.25882,1.26034,1.10817,1.13344,0.9343,3.79069,23.09655,17.97826,17.47646,14.36774,"[7.08667, 7.08667, 7.08667, 7.08667, 7.08667, 7.08667, 7.08667, 7.08667, 7.08667, 7.08667, 7.08667, 7.08667, 7.08667, 7.08667, 7.08667, 7.08667, 7.08667, 7.08667, 7.08667, 7.08667]",
LSTM,19561,70,1,10,1,44.699,,,,,,,,,,,,,4.60855,5.40228,5.06743,5.0277,5.19194,4.60855,5.37371,5.02938,4.9941,5.14956,67.49639,94.37191,79.55584,75.95041,77.04315,"[11.43639, 11.13691, 11.06928, 11.03364, 11.32394, 11.2353, 11.71065, 11.64807, 13.17134, 12.8666, 13.23661, 13.09183, 13.51687, 11.95385, 13.10542, 10.66182, 12.2795, 10.21365, 11.62018, 11.75618]",
Alg_c,19561,70,1,10,1,0,0.20063,0.20063,1,0,0,0.33333,1,0.81633,0,0,0.27211,0.56298,,,,,,,,,,,,,,,,,"[0.0, 0.0, 0.0, 0.12961, 0.0, 0.12757, 0.04936, 0.0, 0.09744, 0.0, 0.68263, 0.65632, 0.0, 0.03858, 0.08361, 0.21519, 0.1858, 0.0, 0.0, 0.32134, 0.03878, 0.4101, 0.03463, 0.39718, 0.2887, 0.22172, 0.78185, 0.15639, 0.04591, 0.5087, 0.02808, 0.35404, 0.0, 0.33927, 0.27877, 0.85483, 0.43362, 0.5578, 0.41904, 0.33016, 0.35231, 0.46867, 0.30685, 0.34642, 0.55357, 0.61343, 0.83149, 0.52535, 0.72217, 0.49352, 0.20902, 0.40122, 0.43238, 0.4871, 0.76507, 0.60796, 0.81763, 0.63861, 0.22724, 0.52591, 0.46031, 0.20477, 0.84693, 0.81991, 0.65508, 0.60511, 0.36233, 0.58797, 0.74082]"
UDE-NN,44769,70,1,10,1,87.261,0.10039,0.29066,1,0,0,0.33333,1,1,0,0,0.33333,1,0.25739,0.34548,1.24626,1.35345,1.26524,0.25739,0.32249,0.97056,1.10651,1.02479,2.79792,3.52115,9.0922,10.29549,9.62937,"[9.45688, 9.38704, 9.35515, 9.32888, 9.30372, 9.27898, 9.25453, 9.23035, 9.20644, 9.18277, 9.15933, 9.13612, 9.11313, 9.09035, 9.06777, 9.04538, 9.02317, 9.00113, 8.97926, 8.95755]","[0.08867, -0.02978, -0.00462, 0.04628, 0.1336, 0.12321, 0.07998, 0.0606, 0.09809, 0.08325, 0.05359, 0.03236, 0.10207, 0.15322, 0.07054, 0.02609, 0.00022, 0.13171, 0.17972, 0.19123, 0.22585, 0.28775, 0.29524, 0.40102, 0.4085, 0.26327, 0.30379, 0.32548, 0.44135, 0.44475, 0.42195, 0.44014, 0.31015, 0.347, 0.38511, 0.34568, 0.31718, 0.2805, 0.16407, 0.16666, 0.21918, 0.42503, 0.35838, 0.32398, 0.38699, 0.45347, 0.48829, 0.55775, 0.53653, 0.51508, 0.53764, 0.53935, 0.55195, 0.6001, 0.52237, 0.51805, 0.45382, 0.5569, 0.76852, 0.59772, 0.51499, 0.431, 0.45842, 0.64828, 0.68211, 0.75899, 0.77953, 0.92989, 0.87866, 0.89026]"
GP,44769,70,1,10,1,220.239,0.01935,0.29066,1,0,0,0.33333,1,1,0,0,0.33333,1,0.44779,0.46077,1.11339,1.19668,1.11087,0.44779,0.36418,0.87195,0.98262,0.90843,4.8676,4.05051,8.25345,9.21481,8.61461,"[9.64728, 9.60208, 9.57727, 9.55485, 9.53297, 9.51143, 9.49019, 9.46924, 9.44856, 9.42815, 9.408, 9.38809, 9.36843, 9.34899, 9.32977, 9.31077, 9.29197, 9.27337, 9.25496, 9.23672]","[0.0299, 0.03958, 0.04926, 0.05895, 0.06863, 0.07831, 0.08799, 0.09767, 0.10736, 0.11704, 0.12672, 0.1364, 0.14608, 0.15577, 0.16545, 0.17513, 0.18481, 0.1945, 0.20418, 0.21386, 0.22354, 0.23322, 0.24291, 0.25259, 0.26227, 0.27195, 0.28164, 0.29132, 0.301, 0.31068, 0.32037, 0.33005, 0.33973, 0.34941, 0.35909, 0.36878, 0.37846, 0.38814, 0.39782, 0.40751, 0.41719, 0.42687, 0.43655, 0.44624, 0.45592, 0.4656, 0.47528, 0.48496, 0.49465, 0.50433, 0.51401, 0.52369, 0.53338, 0.54306, 0.55274, 0.56242, 0.5721, 0.58179, 0.59147, 0.60115, 0.61083, 0.62051, 0.6302, 0.63988, 0.64956, 0.65924, 0.66892, 0.67861, 0.68829, 0.69797]"
ARIMA,44769,70,1,10,1,19.695,,,,,,,,,,,,,0.74787,0.57895,1.3052,1.42815,1.34515,0.74787,0.53766,1.07937,1.21959,1.12578,8.12949,5.8903,10.27386,11.48541,10.67277,"[9.94735, 10.03647, 9.83322, 9.66271, 9.51965, 9.39964, 9.29894, 9.21447, 9.14359, 9.08413, 9.03425, 8.99239, 8.95728, 8.92782, 8.90311, 8.88237, 8.86498, 8.85038, 8.83814, 8.82786]",
RandomWalk,44769,70,1,10,1,1.158,,,,,,,,,,,,,0.83234,0.84478,0.9279,0.92714,0.88402,0.83234,0.7696,0.7935,0.81162,0.76268,9.04769,8.46339,7.86583,7.92515,7.56081,"[10.03182, 10.03182, 10.03182, 10.03182, 10.03182, 10.03182, 10.03182, 10.03182, 10.03182, 10.03182, 10.03182, 10.03182, 10.03182, 10.03182, 10.03182, 10.03182, 10.03182, 10.03182, 10.03182, 10.03182]",
LSTM,44769,70,1,10,1,44.406,,,,,,,,,,,,,1.12537,2.74996,2.9495,3.03199,3.46574,1.12537,2.42917,2.76355,2.87077,3.25432,12.23299,26.69352,27.78077,28.35168,32.69158,"[10.32485, 10.87449, 11.62753, 12.47069, 13.15944, 13.6544, 13.90676, 14.0025, 14.02932, 14.14285, 14.30573, 14.376, 14.43818, 14.46739, 14.4883, 14.49993, 14.50662, 14.50966, 14.51079, 14.51103]",
Alg_c,44769,70,1,10,1,0,0.29066,0.29066,1,0,0,0.33333,1,1,0,0,0.33333,1,,,,,,,,,,,,,,,,,"[0.35449, 0.0, 0.0, 0.0, 0.33191, 0.18075, 0.04672, 0.0, 0.20111, 0.10435, 0.04914, 0.0, 0.15009, 0.42451, 0.0, 0.0, 0.0, 0.30063, 0.23507, 0.14655, 0.16017, 0.42454, 0.06987, 0.58606, 0.76233, 0.0, 0.36508, 0.11439, 0.67346, 0.48686, 0.28369, 0.84597, 0.0, 0.36203, 0.54678, 0.31449, 0.30972, 0.46684, 0.0, 0.14279, 0.0, 1.03455, 0.20075, 0.12675, 0.38702, 0.52777, 0.37907, 0.76656, 0.5153, 0.40998, 0.60583, 0.51916, 0.40701, 0.96341, 0.23049, 0.84656, 0.03469, 0.22775, 1.68399, 0.30728, 0.52891, 0.22563, 0.1368, 0.96633, 0.59242, 0.86833, 0.47407, 1.37875, 0.7275]"
UDE-NN,1322,70,1,10,1,99.435,0.13148,0.25534,1,0,0,0.33333,1,1,0,0,0.33333,1,0.31128,0.28574,1.60961,1.68437,1.84921,0.31128,0.25457,1.16721,1.30579,1.51777,3.5791,2.91582,10.49625,11.74529,13.51248,"[9.00832, 9.05767, 9.06799, 9.07198, 9.07464, 9.07673, 9.07835, 9.07954, 9.08031, 9.08067, 9.08065, 9.08024, 9.07946, 9.07833, 9.07684, 9.07502, 9.07287, 9.0704, 9.06763, 9.06455]","[-0.21688, -0.11142, -0.04262, 0.02349, 0.04166, -0.00502, 0.0585, 0.04857, 0.18025, 0.27017, 0.14227, 0.1528, 0.2338, 0.16321, 0.20133, 0.19979, 0.24944, 0.36295, 0.21091, 0.07652, 0.11167, 0.08535, 0.10907, 0.14254, 0.23231, 0.34017, 0.23006, 0.20225, 0.37913, 0.30173, 0.29314, 0.2284, 0.11076, 0.12341, 0.08154, 0.08587, 0.15499, 0.19296, 0.43897, 0.56003, 0.68791, 0.60491, 0.53204, 0.49501, 0.46409, 0.48831, 0.54116, 0.63605, 0.65133, 0.67257, 0.6423, 0.61116, 0.69867, 0.64201, 0.64617, 0.72958, 0.74192, 0.72795, 0.6356, 0.55741, 0.51692, 0.49539, 0.47862, 0.5424, 0.62381, 0.60984, 0.54806, 0.4944, 0.45321, 0.46305]"
GP,1322,70,1,10,1,208.863,0.0095,0.25534,1,0,0,0.33333,1,1,0,0,0.33333,1,0.08257,0.13639,1.78208,1.87704,2.0613,0.08257,0.10337,1.23047,1.40497,1.65308,0.94942,1.16346,10.87293,12.47892,14.58887,"[8.77961, 8.78822, 8.79247, 8.79543, 8.79776, 8.79958, 8.80093, 8.80183, 8.8023, 8.80234, 8.80198, 8.80122, 8.80008, 8.79856, 8.79668, 8.79445, 8.79188, 8.78897, 8.78574, 8.78219]","[0.01471, 0.02456, 0.03442, 0.04427, 0.05413, 0.06399, 0.07384, 0.0837, 0.09355, 0.10341, 0.11326, 0.12312, 0.13297, 0.14283, 0.15269, 0.16254, 0.1724, 0.18225, 0.19211, 0.20196, 0.21182, 0.22168, 0.23153, 0.24139, 0.25124, 0.2611, 0.27095, 0.28081, 0.29067, 0.30052, 0.31038, 0.32023, 0.33009, 0.33994, 0.3498, 0.35966, 0.36951, 0.37937, 0.38922, 0.39908, 0.40894, 0.41879, 0.42865, 0.4385, 0.44836, 0.45822, 0.46807, 0.47793, 0.48778, 0.49764, 0.50749, 0.51735, 0.52721, 0.53706, 0.54692, 0.55677, 0.56663, 0.57648, 0.58634, 0.59619, 0.60605, 0.6159, 0.62576, 0.63561, 0.64547, 0.65532, 0.66518, 0.67503, 0.68489, 0.69475]"
ARIMA,1322,70,1,10,1,18.952,,,,,,,,,,,,,0.28547,0.34317,1.99685,2.10843,2.30704,0.28547,0.31645,1.48865,1.67072,1.92575,3.28234,3.5736,13.44585,15.07992,17.1953,"[8.41157, 8.52757, 8.48798, 8.50149, 8.49688, 8.49846, 8.49792, 8.4981, 8.49804, 8.49806, 8.49805, 8.49806, 8.49806, 8.49806, 8.49806, 8.49806, 8.49806, 8.49806, 8.49806, 8.49806]",
RandomWalk,1322,70,1,10,1,1.186,,,,,,,,,,,,,0.05442,0.14877,1.81589,1.91395,2.10021,0.05442,0.10315,1.25533,1.43405,1.68573,0.62569,1.15535,11.09378,12.73843,14.87874,"[8.75146, 8.75146, 8.75146, 8.75146, 8.75146, 8.75146, 8.75146, 8.75146, 8.75146, 8.75146, 8.75146, 8.75146, 8.75146, 8.75146, 8.75146, 8.75146, 8.75146, 8.75146, 8.75146, 8.75146]",
LSTM,1322,70,1,10,1,44.597,,,,,,,,,,,,,3.18822,4.218,5.68523,5.85731,6.10942,3.18822,4.18118,5.48928,5.68205,5.94905,36.65862,47.44423,54.0737,55.05518,56.29854,"[5.50883, 4.41366, 4.63413, 4.29273, 4.2525, 4.23972, 4.28571, 4.3778, 4.43637, 4.46832, 4.43696, 4.42945, 4.43032, 4.42654, 4.42379, 4.42192, 4.42105, 4.42119, 4.42175, 4.42214]",
Alg_c,1322,70,1,10,1,0,0.25534,0.25534,1,0,0,0.33333,1,1,0,0,0.33333,1,,,,,,,,,,,,,,,,,"[0.0, 0.0, 0.0, 0.13024, 0.16713, 0.0, 0.14083, 0.0, 0.31171, 0.73955, 0.0, 0.04004, 0.53261, 0.0, 0.21892, 0.08156, 0.12741, 0.89088, 0.23358, 0.0, 0.19379, 0.0, 0.07161, 0.02692, 0.18561, 0.80016, 0.0, 0.0, 0.87581, 0.15197, 0.40362, 0.31831, 0.0, 0.1853, 0.0, 0.0, 0.18463, 0.0, 0.6411, 0.57522, 1.11372, 0.63018, 0.45842, 0.45965, 0.34223, 0.41202, 0.45944, 0.79394, 0.63364, 0.77724, 0.63022, 0.38696, 0.99653, 0.47423, 0.48174, 0.87276, 0.74304, 0.90246, 0.57462, 0.48296, 0.49375, 0.52865, 0.30427, 0.50253, 0.81862, 0.6808, 0.50916, 0.4907, 0.34467]"
UDE-NN,16782,70,1,10,1,97.799,0.18253,0.39772,1,0,0,0.33333,1,1,0,0,0.33333,1,1.51628,1.18208,1.46472,1.37325,1.26564,1.51628,1.13652,1.37988,1.25551,1.13811,25.78126,21.29861,24.40829,22.3438,20.72073,"[4.36504, 4.15813, 4.04373, 3.98992, 3.97976, 4.00307, 4.05299, 4.12443, 4.21317, 4.31549, 4.42792, 4.5472, 4.67027, 4.79439, 4.91717, 5.03672, 5.15158, 5.26081, 5.36385, 5.46053]","[-0.00557, 0.00215, -0.03488, 0.10134, 0.09195, 0.04239, -0.07593, -0.04474, -0.12229, -0.13622, -0.04951, 0.04659, -0.10464, 0.32751, 0.38281, 0.37485, 0.36956, 0.49597, 0.48436, 0.17792, 0.16486, 0.08842, 0.09726, 0.04449, -0.0082, -0.16296, -0.04239, 0.12252, 0.09541, 0.28685, 0.32681, 0.45066, 0.51242, 0.51282, 0.32859, 0.39417, 0.30981, 0.38778, 0.29557, 0.25638, 0.42979, 0.23749, 0.08213, 0.11367, 0.24188, 0.35448, 0.30979, 0.22555, 0.05858, 0.15644, 0.45324, 0.43039, 0.44047, 0.5287, 0.51233, 0.43548, 0.43448, 0.38994, 0.61158, 0.62342, 0.51248, 0.65007, 0.75021, 0.86477, 0.92059, 0.79141, 0.59621, 0.64146, 1.01787, 1.03292]"
GP,16782,70,1,10,1,208.727,0.03683,0.39772,1,0,0,0.33333,1,1,0,0,0.33333,1,1.16327,0.67658,0.62907,0.7313,0.95279,1.16327,0.55731,0.53698,0.59981,0.76047,19.77902,10.16358,9.44199,11.2596,15.42336,"[4.71805, 4.75864, 4.83622, 4.93715, 5.05214, 5.17462, 5.29991, 5.42475, 5.54696, 5.66523, 5.77884, 5.88747, 5.9911, 6.08985, 6.18393, 6.27357, 6.35903, 6.44054, 6.51833, 6.5926]","[-0.04537, -0.03509, -0.0248, -0.01452, -0.00424, 0.00605, 0.01633, 0.02661, 0.03689, 0.04718, 0.05746, 0.06774, 0.07803, 0.08831, 0.09859, 0.10888, 0.11916, 0.12944, 0.13973, 0.15001, 0.16029, 0.17058, 0.18086, 0.19114, 0.20143, 0.21171, 0.22199, 0.23228, 0.24256, 0.25284, 0.26313, 0.27341, 0.28369, 0.29398, 0.30426, 0.31454, 0.32483, 0.33511, 0.34539, 0.35568, 0.36596, 0.37624, 0.38653, 0.39681, 0.40709, 0.41738, 0.42766, 0.43794, 0.44823, 0.45851, 0.46879, 0.47908, 0.48936, 0.49964, 0.50993, 0.52021, 0.53049, 0.54078, 0.55106, 0.56134, 0.57163, 0.58191, 0.59219, 0.60248, 0.61276, 0.62304, 0.63333, 0.64361, 0.65389, 0.66418]"
ARIMA,16782,70,1,10,1,17.489,,,,,,,,,,,,,1.14497,0.67932,0.97023,0.91921,0.86443,1.14497,0.55924,0.79398,0.75732,0.71923,19.46796,10.12459,13.51849,13.16383,12.9301,"[4.73634, 4.73634, 4.73634, 4.73634, 4.73634, 4.73634, 4.73634, 4.73634, 4.73634, 4.73634, 4.73634, 4.73634, 4.73634, 4.73634, 4.73634, 4.73634, 4.73634, 4.73634, 4.73634, 4.73634]",
RandomWalk,16782,70,1,10,1,1.107,,,,,,,,,,,,,1.14497,0.67932,0.97023,0.91921,0.86443,1.14497,0.55924,0.79398,0.75732,0.71923,19.46796,10.12459,13.51849,13.16383,12.9301,"[4.73634, 4.73634, 4.73634, 4.73634, 4.73634, 4.73634, 4.73634, 4.73634, 4.73634, 4.73634, 4.73634, 4.73634, 4.73634, 4.73634, 4.73634, 4.73634, 4.73634, 4.73634, 4.73634, 4.73634]",
LSTM,16782,70,1,10,1,43.627,,,,,,,,,,,,,1.40883,3.89291,3.9891,4.00805,3.82691,1.40883,3.58805,3.78988,3.84169,3.66781,23.95433,71.33476,71.35731,73.51739,71.83667,"[7.29014, 8.11383, 8.70179, 9.84422, 10.20946, 10.62111, 9.58722, 9.19326, 9.56889, 9.81342, 9.67482, 8.36492, 8.19203, 7.61805, 7.16234, 6.73519, 6.35397, 6.67819, 6.48435, 7.31198]",
Alg_c,16782,70,1,10,1,0,0.39772,0.39772,0.98925,0,0,0.32975,0.98925,0.97674,0,0,0.32558,0.97674,,,,,,,,,,,,,,,,,"[0.01011, 0.09453, 0.0, 0.3941, 0.15537, 0.23276, 0.0, 0.24581, 0.0, 0.0, 0.0, 0.37977, 0.0, 0.90962, 0.53471, 0.37289, 0.1378, 0.73877, 1.05085, 0.0, 0.15797, 0.0, 0.19461, 0.09642, 0.17449, 0.0, 0.0, 0.4775, 0.0, 0.53657, 0.19384, 0.57313, 0.61532, 0.99437, 0.0, 0.75849, 0.0, 0.86795, 0.14573, 0.0, 1.29219, 0.0582, 0.0, 0.0, 0.26833, 0.66373, 0.3286, 0.42016, 0.0, 0.0, 1.1553, 0.26346, 0.2441, 0.76362, 0.63814, 0.21967, 0.68148, 0.0, 1.18672, 0.96374, 0.0, 0.90506, 0.6583, 0.92065, 1.28427, 1.01757, 0.08644, 0.0, 1.90552]"
UDE-NN,15318,70,1,10,1,97.659,0.23157,0.45038,1,0,0,0.33333,1,0.18182,0,0,0.06061,0.01818,0.93268,0.69916,0.62568,0.6145,1.0582,0.93268,0.61369,0.54211,0.5357,0.80794,5.91656,3.93798,3.58733,3.6443,6.3899,"[14.83125, 15.16058, 14.73087, 14.67182, 14.44617, 14.30277, 14.13134, 13.97862, 13.82531, 13.67875, 13.53597, 13.39784, 13.26386, 13.134, 13.00811, 12.88605, 12.7677, 12.65294, 12.54165, 12.43372]","[0.05945, 0.22345, 0.23435, 0.01052, 0.03605, 0.04617, -0.11239, -0.13302, 0.03647, 0.18235, 0.1926, 0.10606, 0.06542, 0.16566, 0.09103, 0.26513, 0.26313, 0.05217, 0.00189, 0.15749, 0.21174, 0.24558, 0.35116, 0.51151, 0.59089, 0.39878, 0.44056, 0.41602, 0.31843, 0.35319, 0.47514, 0.42988, 0.23231, 0.37263, 0.33696, 0.45513, 0.5479, 0.56729, 0.46358, 0.58384, 0.76555, 0.69897, 0.6909, 0.65908, 0.8847, 0.94474, 0.84267, 0.68431, 0.77485, 0.64296, 0.91208, 0.68565, 0.3694, 0.08446, 0.03351, 0.1202, 0.07715, 0.1446, 0.27324, 0.29025, 0.45671, 0.60754, 0.73068, 0.70141, 0.4544, 0.4186, 0.30644, 0.34186, 0.46468, 0.47074]"
GP,15318,70,1,10,1,205.594,0.10413,0.45038,1,0,0,0.33333,1,0.18182,0,0,0.06061,0.01818,0.88622,0.65,0.56938,0.59291,1.11468,0.88622,0.55424,0.47783,0.50761,0.82119,5.62182,3.54942,3.15827,3.48366,6.58142,"[14.87771, 15.20613, 14.78866, 14.74386, 14.5267, 14.39687, 14.2352, 14.09434, 13.95152, 13.81593, 13.68367, 13.55603, 13.43234, 13.31263, 13.19672, 13.08448, 12.97579, 12.87052, 12.76855, 12.66978]","[0.06258, 0.06871, 0.07554, 0.0838, 0.09182, 0.09845, 0.10498, 0.11166, 0.11999, 0.12571, 0.13309, 0.14199, 0.15104, 0.16232, 0.17491, 0.19232, 0.21038, 0.22849, 0.24517, 0.25795, 0.26975, 0.28283, 0.29641, 0.30923, 0.32032, 0.32899, 0.34018, 0.3509, 0.36303, 0.37594, 0.38824, 0.4016, 0.41644, 0.43331, 0.44964, 0.46438, 0.47769, 0.49111, 0.50065, 0.51133, 0.52239, 0.53558, 0.54721, 0.55783, 0.56778, 0.5731, 0.57715, 0.58233, 0.58308, 0.58297, 0.58104, 0.57294, 0.56381, 0.55495, 0.54584, 0.53635, 0.52757, 0.51729, 0.50875, 0.50413, 0.49734, 0.48832, 0.4809, 0.4707, 0.46779, 0.46051, 0.45185, 0.4441, 0.43533, 0.42409]"
ARIMA,15318,70,1,10,1,18.015,,,,,,,,,,,,,0.12146,0.68102,1.24992,1.66029,2.58401,0.12146,0.5174,1.03929,1.35586,2.01741,0.7705,3.4522,7.23035,9.81473,16.28255,"[15.88539, 15.90517, 15.90143, 15.90213, 15.902, 15.90203, 15.90202, 15.90202, 15.90202, 15.90202, 15.90202, 15.90202, 15.90202, 15.90202, 15.90202, 15.90202, 15.90202, 15.90202, 15.90202, 15.90202]",
RandomWalk,15318,70,1,10,1,1.612,,,,,,,,,,,,,0.22608,0.75068,1.32416,1.733,2.65333,0.22608,0.60818,1.12867,1.44501,2.10632,1.43413,4.04237,7.83253,10.42972,16.93185,"[15.99, 15.99, 15.99, 15.99, 15.99, 15.99, 15.99, 15.99, 15.99, 15.99, 15.99, 15.99, 15.99, 15.99, 15.99, 15.99, 15.99, 15.99, 15.99, 15.99]",
LSTM,15318,70,1,10,1,45.266,,,,,,,,,,,,,0.9782,0.72332,0.67557,0.96496,1.8285,0.9782,0.67782,0.55032,0.75734,1.30964,6.20531,4.36333,3.71099,5.40738,10.70998,"[14.78573, 14.85699, 14.78034, 14.80112, 14.75244, 14.75556, 14.74755, 14.74694, 14.74487, 14.74997, 14.75542, 14.75606, 14.75687, 14.75723, 14.75762, 14.75763, 14.75766, 14.75761, 14.75755, 14.75747]",
Alg_c,15318,70,1,10,1,0,0.45038,0.45038,0.99029,0,0,0.3301,0.99029,0.16,0.08696,0,0.08232,0.09304,,,,,,,,,,,,,,,,,"[0.0, 0.50462, 0.71983, 0.0, 0.05983, 0.3803, 0.0, 0.0, 0.06442, 0.44966, 0.37891, 0.02126, 0.0, 0.59871, 0.0, 0.64638, 0.74411, 0.0, 0.0, 0.38263, 0.25221, 0.10275, 0.23156, 0.67764, 1.18738, 0.0, 0.58815, 0.58804, 0.03278, 0.15516, 0.80699, 0.8282, 0.0, 0.9516, 0.0, 0.51331, 0.68579, 0.84422, 0.0, 0.38397, 1.34852, 0.49154, 0.83425, 0.0831, 1.23809, 1.25972, 0.90231, 0.19812, 1.17308, 0.00145, 1.86429, 1.03782, 0.22509, 0.0, 0.0, 0.28307, 0.0, 0.0, 0.43671, 0.01644, 0.42604, 0.76123, 1.12711, 1.08271, 0.11043, 0.43092, 0.0, 0.14162, 0.68429]"
UDE-NN,54133,70,1,10,1,98.771,0.06278,0.15111,1,0,0,0.33333,1,1,0,0,0.33333,1,0.11859,0.57566,0.80384,0.81074,0.96793,0.11859,0.50874,0.71767,0.73695,0.85521,1.08889,4.5837,7.06397,7.10862,7.9201,"[11.00935, 11.21459, 11.12365, 11.04587, 10.96946, 10.89497, 10.82231, 10.75143, 10.68226, 10.61474, 10.54882, 10.48445, 10.42158, 10.36014, 10.30011, 10.24142, 10.18403, 10.1279, 10.07299, 10.01925]","[-0.02686, -0.02149, 0.03419, 0.01367, 0.07096, 0.05419, 0.07491, 0.06311, 0.11475, 0.1258, 0.16654, 0.13041, 0.18322, 0.16329, 0.1666, 0.22083, 0.17761, 0.10335, 0.0956, 0.13968, 0.14905, 0.27165, 0.35516, 0.30702, 0.25671, 0.20611, 0.20342, 0.21545, 0.25123, 0.21794, 0.27381, 0.27264, 0.32051, 0.31406, 0.33998, 0.32526, 0.25771, 0.24932, 0.3161, 0.38803, 0.4072, 0.43628, 0.45948, 0.54653, 0.56276, 0.51512, 0.50659, 0.4513, 0.47947, 0.51541, 0.59205, 0.61995, 0.62704, 0.56652, 0.50831, 0.59468, 0.62603, 0.64774, 0.66342, 0.66064, 0.66733, 0.67605, 0.71069, 0.6899, 0.71921, 0.68144, 0.66403, 0.75698, 0.8105, 0.82251]"
GP,54133,70,1,10,1,221.259,0.02728,0.15111,1,0,0,0.33333,1,1,0,0,0.33333,1,0.196,0.58338,0.856,0.83982,0.9623,0.196,0.5234,0.76744,0.76312,0.85677,1.79969,4.74483,7.57693,7.40128,7.98787,"[11.08676, 11.29187, 11.19856, 11.1231, 11.04854, 10.97596, 10.90522, 10.83628, 10.76907, 10.70354, 10.63962, 10.57727, 10.51643, 10.45705, 10.39909, 10.34249, 10.28722, 10.23322, 10.18046, 10.12889]","[-0.0165, -0.00547, 0.00556, 0.01659, 0.02762, 0.03865, 0.04968, 0.06071, 0.07175, 0.08278, 0.09381, 0.10484, 0.11587, 0.1269, 0.13793, 0.14896, 0.15999, 0.17102, 0.18205, 0.19308, 0.20411, 0.21514, 0.22617, 0.2372, 0.24824, 0.25927, 0.2703, 0.28133, 0.29236, 0.30339, 0.31442, 0.32545, 0.33648, 0.34751, 0.35854, 0.36957, 0.3806, 0.39164, 0.40267, 0.4137, 0.42473, 0.43576, 0.44679, 0.45782, 0.46885, 0.47988, 0.49091, 0.50194, 0.51298, 0.52401, 0.53504, 0.54607, 0.5571, 0.56813, 0.57916, 0.59019, 0.60122, 0.61225, 0.62328, 0.63431, 0.64534, 0.65637, 0.6674, 0.67843, 0.68947, 0.7005, 0.71153, 0.72256, 0.73359, 0.74462]"
ARIMA,54133,70,1,10,1,18.692,,,,,,,,,,,,,1.86249,1.77482,2.427,2.28813,2.11684,1.86249,1.70211,2.31115,2.15875,1.93857,17.10155,15.64368,22.75166,21.0123,18.67333,"[12.75325, 12.74558, 12.74693, 12.74669, 12.74673, 12.74673, 12.74673, 12.74673, 12.74673, 12.74673, 12.74673, 12.74673, 12.74673, 12.74673, 12.74673, 12.74673, 12.74673, 12.74673, 12.74673, 12.74673]",
RandomWalk,54133,70,1,10,1,1.214,,,,,,,,,,,,,1.81887,1.73814,2.39129,2.2528,2.0826,1.81887,1.66391,2.2735,2.12119,1.9011,16.70103,15.29699,22.38935,20.65589,18.32457,"[12.70963, 12.70963, 12.70963, 12.70963, 12.70963, 12.70963, 12.70963, 12.70963, 12.70963, 12.70963, 12.70963, 12.70963, 12.70963, 12.70963, 12.70963, 12.70963, 12.70963, 12.70963, 12.70963, 12.70963]",
LSTM,54133,70,1,10,1,46.026,,,,,,,,,,,,,0.10989,0.70064,0.70117,1.1821,1.86883,0.10989,0.48284,0.55735,0.86928,1.38231,1.00904,4.18343,5.35453,8.02699,12.29851,"[11.00065, 10.74791, 10.56416, 10.60439, 10.50559, 10.34453, 10.3766, 10.36968, 10.39731, 9.36258, 8.97888, 8.86318, 8.76739, 8.3655, 7.63047, 7.16376, 7.14547, 9.03785, 9.60156, 9.83994]",
Alg_c,54133,70,1,10,1,0,0.15111,0.15111,1,0,0,0.33333,1,1,0,0,0.33333,1,,,,,,,,,,,,,,,,,"[0.0, 0.0, 0.18868, 0.0, 0.22564, 0.0, 0.14325, 0.0, 0.18441, 0.0799, 0.31489, 0.0, 0.30849, 0.12336, 0.07356, 0.41279, 0.24801, 0.0, 0.0, 0.22553, 0.0, 0.34553, 0.62237, 0.28718, 0.2676, 0.11076, 0.20204, 0.134, 0.43607, 0.01563, 0.3983, 0.1637, 0.4424, 0.24069, 0.4186, 0.41875, 0.1348, 0.08779, 0.30565, 0.49779, 0.3882, 0.44899, 0.32989, 0.66983, 0.68863, 0.41038, 0.61477, 0.27453, 0.48427, 0.41737, 0.70743, 0.66527, 0.76425, 0.55424, 0.2302, 0.66646, 0.6412, 0.66021, 0.69956, 0.64356, 0.65554, 0.63616, 0.80278, 0.62281, 0.8457, 0.60186, 0.43076, 0.81818, 0.9072]"
UDE-NN,46984,70,1,10,1,99.409,0.09899,0.23875,1,0,0,0.33333,1,1,0,0,0.33333,1,0.31478,0.81599,1.34284,1.32142,1.43858,0.31478,0.61959,1.16036,1.16681,1.29885,8.50723,11.98874,19.00826,18.88633,19.98326,"[4.01492, 4.06084, 4.14397, 4.2542, 4.38372, 4.52608, 4.67586, 4.82852, 4.98048, 5.12904, 5.27239, 5.40944, 5.53972, 5.66316, 5.77998, 5.89053, 5.99524, 6.09454, 6.18884, 6.2785]","[0.00133, 0.16208, 0.10959, 0.19449, 0.18467, 0.13099, 0.08118, 0.07875, 0.00787, 0.00868, 0.08951, 0.19333, 0.23928, 0.14795, 0.04979, 0.09332, 0.09026, 0.2041, 0.21954, 0.27098, 0.24408, 0.03514, -0.03669, 0.04844, 0.19739, 0.22353, 0.08959, 0.09065, 0.1869, 0.30121, 0.36618, 0.36786, 0.316, 0.31151, 0.26381, 0.23558, 0.27215, 0.27623, 0.21968, 0.21604, 0.25014, 0.27894, 0.2759, 0.38224, 0.5507, 0.54369, 0.62226, 0.68382, 0.5703, 0.54588, 0.49347, 0.44483, 0.39667, 0.40434, 0.45556, 0.53684, 0.55149, 0.5405, 0.54188, 0.64357, 0.70189, 0.66185, 0.60458, 0.59357, 0.63352, 0.59955, 0.63031, 0.69267, 0.65788, 0.66752]"
GP,46984,70,1,10,1,220.289,0.01604,0.23875,1,0,0,0.33333,1,1,0,0,0.33333,1,0.32164,0.80231,1.32187,1.29959,1.41593,0.32164,0.60662,1.14059,1.14584,1.27687,8.69264,11.73612,18.67845,18.54264,19.63879,"[4.02178, 4.07309, 4.16056, 4.27428, 4.40654, 4.55093, 4.70208, 4.85555, 5.00785, 5.15642, 5.29954, 5.43624, 5.56612, 5.68916, 5.80562, 5.91587, 6.02034, 6.11947, 6.21365, 6.30325]","[0.01199, 0.02138, 0.03078, 0.04017, 0.04957, 0.05896, 0.06836, 0.07775, 0.08715, 0.09654, 0.10594, 0.11533, 0.12473, 0.13412, 0.14352, 0.15291, 0.1623, 0.1717, 0.18109, 0.19049, 0.19988, 0.20928, 0.21867, 0.22807, 0.23746, 0.24686, 0.25625, 0.26565, 0.27504, 0.28444, 0.29383, 0.30323, 0.31262, 0.32202, 0.33141, 0.34081, 0.3502, 0.3596, 0.36899, 0.37839, 0.38778, 0.39718, 0.40657, 0.41597, 0.42536, 0.43476, 0.44416, 0.45355, 0.46295, 0.47234, 0.48173, 0.49113, 0.50052, 0.50992, 0.51931, 0.52871, 0.5381, 0.5475, 0.55689, 0.56629, 0.57568, 0.58508, 0.59447, 0.60387, 0.61326, 0.62266, 0.63205, 0.64145, 0.65084, 0.66023]"
ARIMA,46984,70,1,10,1,18.532,,,,,,,,,,,,,0.3206,1.01246,1.91883,2.03325,2.39124,0.3206,0.77271,1.64055,1.787,2.12304,8.66454,14.91178,26.63098,28.60091,32.13532,"[4.02074, 4.02074, 4.02074, 4.02074, 4.02074, 4.02074, 4.02074, 4.02074, 4.02074, 4.02074, 4.02074, 4.02074, 4.02074, 4.02074, 4.02074, 4.02074, 4.02074, 4.02074, 4.02074, 4.02074]",
RandomWalk,46984,70,1,10,1,1.183,,,,,,,,,,,,,0.3206,1.01246,1.91883,2.03325,2.39124,0.3206,0.77271,1.64055,1.787,2.12304,8.66454,14.91178,26.63098,28.60091,32.13532,"[4.02074, 4.02074, 4.02074, 4.02074, 4.02074, 4.02074, 4.02074, 4.02074, 4.02074, 4.02074, 4.02074, 4.02074, 4.02074, 4.02074, 4.02074, 4.02074, 4.02074, 4.02074, 4.02074, 4.02074]",
LSTM,46984,70,1,10,1,47.81,,,,,,,,,,,,,0.51704,2.25578,3.39356,3.5454,3.92174,0.51704,1.98469,3.10758,3.29263,3.6654,13.97356,39.91738,52.3358,54.35577,57.25378,"[3.1831, 2.8664, 2.60118, 2.41968, 2.33223, 2.29818, 2.29005, 2.29352, 2.30163, 2.30995, 2.31903, 2.32508, 2.32927, 2.33187, 2.33333, 2.33404, 2.33432, 2.33437, 2.33431, 2.33422]",
Alg_c,46984,70,1,10,1,0,0.23875,0.23875,1,0,0,0.33333,1,1,0,0,0.33333,1,,,,,,,,,,,,,,,,,"[0.0, 0.58728, 0.0, 0.41059, 0.26887, 0.13385, 0.0, 0.24202, 0.0, 0.0, 0.0551, 0.32694, 0.52451, 0.18206, 0.0, 0.22544, 0.0, 0.45618, 0.07627, 0.41109, 0.61226, 0.0, 0.0, 0.0, 0.48182, 0.56596, 0.0, 0.0, 0.11769, 0.40574, 0.50338, 0.47683, 0.23128, 0.39417, 0.22014, 0.09995, 0.3548, 0.41134, 0.10409, 0.13907, 0.25667, 0.35329, 0.0547, 0.19344, 1.00009, 0.27606, 0.58695, 1.15345, 0.21906, 0.67655, 0.4664, 0.47567, 0.28334, 0.34302, 0.37899, 0.68842, 0.58989, 0.56295, 0.2579, 0.75725, 0.90621, 0.67564, 0.50416, 0.42807, 0.93975, 0.34848, 0.4991, 1.06286, 0.43971]"
UDE-NN,24415,70,1,10,1,100.959,0.12005,0.2608,1,0,0,0.33333,1,1,0,0,0.33333,1,0.52152,0.85569,0.75374,0.76335,0.72292,0.52152,0.80779,0.68068,0.6992,0.64514,5.50692,8.32267,7.38348,7.76223,7.23539,"[8.94882, 9.02416, 9.03746, 9.03971, 9.03987, 9.03941, 9.03858, 9.03744, 9.036, 9.03427, 9.03225, 9.02997, 9.02741, 9.0246, 9.02154, 9.01824, 9.0147, 9.01093, 9.00693, 9.00273]","[0.01884, 0.01274, 0.17137, 0.28409, 0.33102, 0.24933, 0.28186, 0.30484, 0.17905, 0.16577, 0.13738, -0.00218, 0.03003, 0.21137, 0.24641, 0.25641, 0.29789, 0.2591, 0.31382, 0.35891, 0.22485, 0.25774, 0.25839, 0.21203, 0.13791, 0.12046, 0.08805, 0.16523, 0.21889, 0.31141, 0.32943, 0.38338, 0.41903, 0.36606, 0.28987, 0.41668, 0.42093, 0.36749, 0.46106, 0.45052, 0.42438, 0.3842, 0.24348, 0.23843, 0.28722, 0.40397, 0.51697, 0.59235, 0.66959, 0.66498, 0.61203, 0.47018, 0.57376, 0.65639, 0.65712, 0.73265, 0.77449, 0.76544, 0.58396, 0.52257, 0.39196, 0.4871, 0.55562, 0.615, 0.70421, 0.69423, 0.60602, 0.60322, 0.59593, 0.60449]"
GP,24415,70,1,10,1,212.339,0.05675,0.2608,1,0,0,0.33333,1,1,0,0,0.33333,1,0.58338,0.90439,0.77466,0.76912,0.72096,0.58338,0.84959,0.69462,0.69907,0.64039,6.16004,8.72006,7.47958,7.6996,7.12597,"[8.88697, 8.95115, 8.96369, 8.96631, 8.96688, 8.96682, 8.96637, 8.96561, 8.96455, 8.96319, 8.96155, 8.95963, 8.95745, 8.955, 8.95231, 8.94937, 8.94619, 8.94278, 8.93915, 8.93531]","[0.10758, 0.11569, 0.1238, 0.13191, 0.14002, 0.14813, 0.15624, 0.16435, 0.17245, 0.18056, 0.18867, 0.19678, 0.20489, 0.21301, 0.22112, 0.22923, 0.23734, 0.24545, 0.25356, 0.26167, 0.26978, 0.27789, 0.286, 0.29411, 0.30222, 0.31033, 0.31844, 0.32655, 0.33466, 0.34277, 0.35088, 0.35899, 0.3671, 0.37521, 0.38332, 0.39143, 0.39954, 0.40765, 0.41576, 0.42387, 0.43198, 0.44009, 0.4482, 0.45632, 0.46443, 0.47254, 0.48065, 0.48876, 0.49687, 0.50498, 0.51309, 0.5212, 0.52931, 0.53742, 0.54553, 0.55364, 0.56175, 0.56986, 0.57797, 0.58608, 0.59419, 0.6023, 0.61041, 0.61852, 0.62663, 0.63474, 0.64285, 0.65096, 0.65907, 0.66718]"
ARIMA,24415,70,1,10,1,19.527,,,,,,,,,,,,,0.47453,0.4539,1.97112,2.53041,3.09307,0.47453,0.33568,1.43745,1.92419,2.47698,5.01069,3.74219,16.68915,22.72688,29.10606,"[8.99582, 9.29173, 9.61077, 9.94837, 10.29985, 10.66045, 11.02542, 11.39008, 11.74985, 12.10034, 12.43737, 12.75703, 13.05573, 13.33023, 13.57767, 13.7956, 13.98199, 14.13527, 14.25433, 14.33849]",
RandomWalk,24415,70,1,10,1,1.157,,,,,,,,,,,,,0.87175,1.1802,0.9548,0.88653,0.80929,0.87175,1.05697,0.80512,0.73082,0.64491,9.205,10.69285,8.42239,7.75269,6.89815,"[8.5986, 8.5986, 8.5986, 8.5986, 8.5986, 8.5986, 8.5986, 8.5986, 8.5986, 8.5986, 8.5986, 8.5986, 8.5986, 8.5986, 8.5986, 8.5986, 8.5986, 8.5986, 8.5986, 8.5986]",
LSTM,24415,70,1,10,1,44.512,,,,,,,,,,,,,1.68548,1.76881,2.14645,2.52799,2.83219,1.68548,1.60062,1.97049,2.29354,2.58974,17.79741,17.34968,22.25588,26.46377,29.9811,"[11.15583, 11.37972, 11.20184, 11.12241, 11.06333, 11.00659, 10.9999, 11.02743, 11.15491, 11.74296, 12.15059, 12.14568, 12.17225, 12.3277, 12.72276, 13.22648, 13.62455, 13.83422, 13.99403, 14.13854]",
Alg_c,24415,70,1,10,1,0,0.2608,0.2608,1,0,0,0.33333,1,1,0,0,0.33333,1,,,,,,,,,,,,,,,,,"[0.04616, 0.0, 0.28912, 0.42503, 0.61836, 0.0, 0.33363, 0.61826, 0.0, 0.2237, 0.33973, 0.0, 0.0, 0.48922, 0.29248, 0.20782, 0.456, 0.07273, 0.33203, 0.69412, 0.0, 0.31465, 0.36778, 0.27504, 0.03347, 0.0926, 0.0, 0.16573, 0.16663, 0.45827, 0.25877, 0.42291, 0.60278, 0.3605, 0.0, 0.65028, 0.49133, 0.09729, 0.63675, 0.50563, 0.50699, 0.56686, 0.0, 0.0, 0.1125, 0.40071, 0.59945, 0.64979, 0.86171, 0.78461, 0.78218, 0.0, 0.58638, 0.83122, 0.50762, 0.78933, 0.85017, 1.13618, 0.29033, 0.71715, 0.0, 0.54311, 0.57401, 0.50944, 0.9196, 0.86371, 0.39394, 0.63102, 0.56151]"
UDE-NN,29623,70,1,10,1,101.063,0.11509,0.22104,1,0,0,0.33333,1,1,0,0,0.33333,1,0.97382,0.98508,0.77812,1.07487,1.2043,0.97382,0.73488,0.55592,0.78497,0.94745,7.77928,5.73434,4.61067,7.50941,9.55999,"[11.54436, 11.60125, 11.49722, 11.41133, 11.32621, 11.24347, 11.16289, 11.0844, 11.00794, 10.93344, 10.86084, 10.79006, 10.72106, 10.65377, 10.58814, 10.5241, 10.46162, 10.40063, 10.34109, 10.28294]","[0.02548, 0.06531, 0.00039, -0.00382, 0.03952, 0.02893, -0.0375, -0.12359, -0.11171, -0.02064, -0.08709, 0.02402, 0.1167, 0.17667, 0.14889, 0.22201, 0.16102, 0.17067, 0.21255, 0.22121, 0.12345, 0.06648, 0.14599, 0.17422, 0.25436, 0.39877, 0.39652, 0.35862, 0.30994, 0.37446, 0.3443, 0.38257, 0.29502, 0.24957, 0.23565, 0.25712, 0.31232, 0.35998, 0.41133, 0.43044, 0.38913, 0.28326, 0.22371, 0.34321, 0.33611, 0.31259, 0.31501, 0.50063, 0.52494, 0.63359, 0.68341, 0.67945, 0.66772, 0.6256, 0.63179, 0.68639, 0.76003, 0.76776, 0.79773, 0.8463, 0.85985, 0.78109, 0.81031, 0.77577, 0.69834, 0.54276, 0.54913, 0.66976, 0.77432, 0.78512]"
GP,29623,70,1,10,1,222.71,0.04284,0.22104,1,0,0,0.33333,1,1,0,0,0.33333,1,0.96225,0.97741,0.77409,1.07435,1.20533,0.96225,0.72496,0.55217,0.78291,0.94686,7.68681,5.65311,4.58207,7.49757,9.56229,"[11.55593, 11.6114, 11.50682, 11.42063, 11.33515, 11.25204, 11.17108, 11.09221, 11.01536, 10.94046, 10.86744, 10.79625, 10.72683, 10.6591, 10.59303, 10.52854, 10.4656, 10.40414, 10.34412, 10.2855]","[-0.02026, -0.00876, 0.00274, 0.01425, 0.02575, 0.03725, 0.04875, 0.06026, 0.07176, 0.08326, 0.09476, 0.10627, 0.11777, 0.12927, 0.14077, 0.15228, 0.16378, 0.17528, 0.18679, 0.19829, 0.20979, 0.22129, 0.2328, 0.2443, 0.2558, 0.26731, 0.27881, 0.29031, 0.30181, 0.31332, 0.32482, 0.33632, 0.34783, 0.35933, 0.37083, 0.38233, 0.39384, 0.40534, 0.41684, 0.42835, 0.43985, 0.45135, 0.46286, 0.47436, 0.48586, 0.49736, 0.50887, 0.52037, 0.53187, 0.54338, 0.55488, 0.56638, 0.57789, 0.58939, 0.60089, 0.61239, 0.6239, 0.6354, 0.6469, 0.6584, 0.66991, 0.68141, 0.69291, 0.70442, 0.71592, 0.72742, 0.73892, 0.75043, 0.76193, 0.77343]"
ARIMA,29623,70,1,10,1,18.947,,,,,,,,,,,,,2.65912,2.4616,1.92622,1.81157,1.6653,2.65912,2.35189,1.71605,1.59068,1.43296,21.24207,18.98721,14.35855,13.82056,12.85322,"[9.85906, 9.85906, 9.85906, 9.85906, 9.85906, 9.85906, 9.85906, 9.85906, 9.85906, 9.85906, 9.85906, 9.85906, 9.85906, 9.85906, 9.85906, 9.85906, 9.85906, 9.85906, 9.85906, 9.85906]",
RandomWalk,29623,70,1,10,1,1.19,,,,,,,,,,,,,2.65912,2.4616,1.92622,1.81157,1.6653,2.65912,2.35189,1.71605,1.59068,1.43296,21.24207,18.98721,14.35855,13.82056,12.85322,"[9.85906, 9.85906, 9.85906, 9.85906, 9.85906, 9.85906, 9.85906, 9.85906, 9.85906, 9.85906, 9.85906, 9.85906, 9.85906, 9.85906, 9.85906, 9.85906, 9.85906, 9.85906, 9.85906, 9.85906]",
LSTM,29623,70,1,10,1,46.315,,,,,,,,,,,,,3.89387,3.69223,2.72494,2.56164,2.30459,3.89387,3.59374,2.29043,2.14386,1.81512,31.10572,29.16622,19.02313,18.55226,15.96055,"[8.62431, 8.43866, 8.17517, 8.70396, 9.14393, 9.6836, 9.73904, 9.89894, 10.2146, 10.22468, 10.25989, 10.35256, 9.80995, 9.24524, 9.2892, 9.73399, 9.94243, 9.78718, 9.57155, 9.36098]",
Alg_c,29623,70,1,10,1,0,0.22104,0.22104,1,0,0,0.33333,1,1,0,0,0.33333,1,,,,,,,,,,,,,,,,,"[0.0, 0.28193, 0.0, 0.0, 0.14722, 0.13828, 0.03082, 0.0, 0.0, 0.33948, 0.0, 0.09572, 0.18358, 0.38024, 0.0, 0.55326, 0.0, 0.09764, 0.28674, 0.45055, 0.04319, 0.0, 0.26332, 0.05437, 0.10443, 0.6997, 0.45485, 0.35715, 0.08306, 0.56632, 0.17538, 0.65832, 0.19228, 0.19792, 0.16855, 0.19077, 0.3303, 0.35337, 0.47753, 0.55152, 0.51555, 0.18153, 0.0, 0.61493, 0.32033, 0.25589, 0.0, 0.86112, 0.32743, 0.74873, 0.7821, 0.67827, 0.73424, 0.52677, 0.54084, 0.63687, 0.90824, 0.72371, 0.75807, 0.93292, 1.05734, 0.56502, 0.92439, 0.86032, 0.84367, 0.18769, 0.26115, 0.71375, 0.96779]"
UDE-NN,52212,70,1,10,1,96.645,0.12706,0.28489,1,0,0,0.33333,1,1,0,0,0.33333,1,0.02281,0.24285,1.03852,1.19678,1.59891,0.02281,0.18925,0.76574,0.92908,1.27221,0.55025,5.69899,15.68522,17.96324,21.72081,"[4.16774, 3.7905, 3.59738, 3.50614, 3.48157, 3.50534, 3.56643, 3.65734, 3.7722, 3.90595, 4.05383, 4.21132, 4.37409, 4.53825, 4.70044, 4.85803, 5.00914, 5.15267, 5.28811, 5.41545]","[-0.29038, -0.12129, -0.23697, -0.16513, -0.17286, -0.13808, 0.0255, 0.13996, 0.14941, 0.26105, 0.2443, 0.10061, 0.12307, 0.05339, 0.02464, -0.03019, -0.09309, -0.23121, -0.00337, 0.10834, 0.27719, 0.21843, 0.20432, 0.27507, 0.28624, 0.24223, 0.37434, 0.32294, 0.23655, 0.25804, 0.1431, 0.08775, 0.13851, 0.17321, 0.31043, 0.44621, 0.50731, 0.52699, 0.45207, 0.39545, 0.27168, 0.41055, 0.54807, 0.52308, 0.35706, 0.49061, 0.38315, 0.50068, 0.64773, 0.57532, 0.59181, 0.64648, 0.60818, 0.44667, 0.35109, 0.40577, 0.53152, 0.62151, 0.60394, 0.50089, 0.49012, 0.60232, 0.63869, 0.58557, 0.66308, 0.69888, 0.69116, 0.56711, 0.60854, 0.62166]"
GP,52212,70,1,10,1,211.447,0.04067,0.28489,1,0,0,0.33333,1,1,0,0,0.33333,1,0.06199,0.24477,1.25808,1.44581,1.86251,0.06199,0.1957,0.93208,1.12932,1.50115,1.49556,5.4953,18.85405,21.65917,25.63911,"[4.08294, 3.65568, 3.42145, 3.29324, 3.23451, 3.22681, 3.25957, 3.32611, 3.42159, 3.54202, 3.68353, 3.8421, 4.01337, 4.19273, 4.37554, 4.55744, 4.73472, 4.90455, 5.06508, 5.21539]","[-0.07725, -0.06584, -0.05444, -0.04303, -0.03162, -0.02022, -0.00881, 0.0026, 0.014, 0.02541, 0.03682, 0.04822, 0.05963, 0.07104, 0.08245, 0.09385, 0.10526, 0.11667, 0.12807, 0.13948, 0.15089, 0.1623, 0.1737, 0.18511, 0.19652, 0.20792, 0.21933, 0.23074, 0.24215, 0.25355, 0.26496, 0.27637, 0.28777, 0.29918, 0.31059, 0.322, 0.3334, 0.34481, 0.35622, 0.36763, 0.37903, 0.39044, 0.40185, 0.41325, 0.42466, 0.43607, 0.44748, 0.45888, 0.47029, 0.4817, 0.4931, 0.50451, 0.51592, 0.52733, 0.53873, 0.55014, 0.56155, 0.57295, 0.58436, 0.59577, 0.60717, 0.61858, 0.62999, 0.64139, 0.6528, 0.66421, 0.67561, 0.68702, 0.69843, 0.70983]"
ARIMA,52212,70,1,10,1,18.591,,,,,,,,,,,,,1.08923,1.60965,1.23261,1.17675,1.3922,1.08923,1.56973,1.02527,0.97112,1.17777,26.27853,44.89933,27.71819,24.98964,25.53632,"[5.23416, 5.15896, 5.18442, 5.1758, 5.17872, 5.17773, 5.17806, 5.17795, 5.17799, 5.17798, 5.17798, 5.17798, 5.17798, 5.17798, 5.17798, 5.17798, 5.17798, 5.17798, 5.17798, 5.17798]",
RandomWalk,52212,70,1,10,1,1.103,,,,,,,,,,,,,0.86712,1.44344,1.11974,1.09855,1.39083,0.86712,1.39536,0.93198,0.92103,1.17089,20.91993,40.06269,25.01776,23.21278,24.57805,"[5.01205, 5.01205, 5.01205, 5.01205, 5.01205, 5.01205, 5.01205, 5.01205, 5.01205, 5.01205, 5.01205, 5.01205, 5.01205, 5.01205, 5.01205, 5.01205, 5.01205, 5.01205, 5.01205, 5.01205]",
LSTM,52212,70,1,10,1,44.311,,,,,,,,,,,,,0.05431,0.97323,1.08359,1.25628,1.79314,0.05431,0.82099,0.93224,1.08345,1.48738,1.31035,24.4205,22.00546,23.48126,27.39691,"[4.19925, 4.46524, 4.67174, 4.56343, 4.28873, 4.05498, 3.99067, 4.01007, 4.07119, 4.06176, 4.03184, 4.04579, 4.07456, 4.08561, 4.07763, 4.06482, 4.05782, 4.05715, 4.05992, 4.06054]",
Alg_c,52212,70,1,10,1,0,0.28489,0.28489,1,0,0,0.33333,1,1,0,0,0.33333,1,,,,,,,,,,,,,,,,,"[0.0, 0.4426, 0.0, 0.0, 0.0, 0.0, 0.11316, 0.32559, 0.0, 0.51334, 0.4626, 0.0, 0.26455, 0.0, 0.07271, 0.0, 0.02822, 0.0, 0.102, 0.0925, 0.74129, 0.15256, 0.03029, 0.39311, 0.41968, 0.0, 0.71323, 0.36835, 0.06955, 0.50298, 0.00595, 0.0, 0.15028, 0.0, 0.29981, 0.5936, 0.57298, 0.71902, 0.38551, 0.63358, 0.0, 0.38476, 0.86232, 0.85582, 0.0, 1.05455, 0.0, 0.40486, 1.15935, 0.26566, 0.49994, 0.82066, 0.87457, 0.29285, 0.053, 0.25751, 0.56871, 0.8173, 0.80637, 0.28072, 0.21908, 0.78771, 0.83931, 0.27456, 0.76406, 0.71868, 1.04371, 0.06985, 0.75654]"
UDE-NN,38315,70,1,10,1,103.773,0.13431,0.28056,1,0,0,0.33333,1,1,0,0,0.33333,1,0.00051,0.70146,0.81879,1.31311,1.6271,0.00051,0.56593,0.71035,0.99733,1.29634,0.00427,5.20692,6.4395,8.27959,10.32452,"[11.89206, 11.84988, 11.75439, 11.66978, 11.58627, 11.50518, 11.42624, 11.34942, 11.27463, 11.20182, 11.1309, 11.06183, 10.99453, 10.92896, 10.86505, 10.80275, 10.742, 10.68276, 10.62496, 10.56858]","[-0.23387, -0.19207, -0.03932, -0.01933, 0.13046, 0.10358, -0.09554, -0.23454, -0.27057, -0.19257, -0.06448, 0.05864, 0.19057, 0.20744, 0.07027, 0.05275, 0.18379, 0.28233, 0.37736, 0.14858, 0.06732, 0.09577, 0.25557, 0.21801, 0.09047, 0.05344, -0.04304, -0.12915, 0.06453, 0.2166, 0.27066, 0.27003, 0.37317, 0.42399, 0.40591, 0.40195, 0.39804, 0.40719, 0.42007, 0.39459, 0.45887, 0.31678, 0.43437, 0.32903, 0.34666, 0.33976, 0.53445, 0.56726, 0.56125, 0.46353, 0.50966, 0.61715, 0.64674, 0.6273, 0.58094, 0.58124, 0.47986, 0.59358, 0.61342, 0.52815, 0.54287, 0.58688, 0.57872, 0.53759, 0.42177, 0.50151, 0.62299, 0.4872, 0.50768, 0.51835]"
GP,38315,70,1,10,1,216.743,0.02248,0.28056,1,0,0,0.33333,1,1,0,0,0.33333,1,0.15173,0.62883,0.79658,1.34458,1.68959,0.15173,0.54313,0.71269,1.022,1.34348,1.27595,4.94757,6.39014,8.40742,10.6312,"[11.73982, 11.71893, 11.62157, 11.53645, 11.45251, 11.37098, 11.29162, 11.2144, 11.13923, 11.06605, 10.99478, 10.92538, 10.85778, 10.79191, 10.72773, 10.66516, 10.60418, 10.54471, 10.48671, 10.43013]","[-0.02475, -0.01466, -0.00457, 0.00552, 0.01561, 0.02571, 0.0358, 0.04589, 0.05598, 0.06607, 0.07617, 0.08626, 0.09635, 0.10644, 0.11653, 0.12663, 0.13672, 0.14681, 0.1569, 0.167, 0.17709, 0.18718, 0.19727, 0.20736, 0.21746, 0.22755, 0.23764, 0.24773, 0.25783, 0.26792, 0.27801, 0.2881, 0.2982, 0.30829, 0.31838, 0.32847, 0.33856, 0.34866, 0.35875, 0.36884, 0.37893, 0.38903, 0.39912, 0.40921, 0.4193, 0.4294, 0.43949, 0.44958, 0.45967, 0.46976, 0.47986, 0.48995, 0.50004, 0.51013, 0.52022, 0.53032, 0.54041, 0.5505, 0.56059, 0.57068, 0.58078, 0.59087, 0.60096, 0.61105, 0.62114, 0.63124, 0.64133, 0.65142, 0.66151, 0.6716]"
ARIMA,38315,70,1,10,1,19.151,,,,,,,,,,,,,0.15871,0.4949,0.97175,1.63926,2.03544,0.15871,0.33375,0.72197,1.13579,1.5349,1.33469,2.88524,6.1575,9.00001,11.85187,"[11.73283, 11.35123, 11.06848, 10.85898, 10.70375, 10.58873, 10.50351, 10.44037, 10.39358, 10.35892, 10.33323, 10.3142, 10.3001, 10.28965, 10.28191, 10.27617, 10.27192, 10.26878, 10.26644, 10.26471]",
RandomWalk,38315,70,1,10,1,1.2,,,,,,,,,,,,,0.35631,1.12131,1.16003,1.25958,1.25629,0.35631,0.93088,0.91031,0.97205,1.01244,2.99635,8.55937,8.47673,8.54631,8.56925,"[12.24786, 12.24786, 12.24786, 12.24786, 12.24786, 12.24786, 12.24786, 12.24786, 12.24786, 12.24786, 12.24786, 12.24786, 12.24786, 12.24786, 12.24786, 12.24786, 12.24786, 12.24786, 12.24786, 12.24786]",
LSTM,38315,70,1,10,1,44.87,,,,,,,,,,,,,0.23751,1.57676,2.34756,2.52766,2.48579,0.23751,1.35815,2.13327,2.32253,2.31966,1.99729,12.18949,18.87366,19.75034,19.24145,"[11.65404, 9.79409, 10.73147, 9.51455, 8.10002, 7.5194, 8.15315, 8.51826, 8.82673, 9.30224, 11.02545, 9.49421, 11.37193, 11.40328, 10.56582, 9.68658, 10.49161, 10.67171, 10.05898, 9.28829]",
Alg_c,38315,70,1,10,1,0,0.28056,0.28056,1,0,0,0.33333,1,1,0,0,0.33333,1,,,,,,,,,,,,,,,,,"[0.0, 0.0, 0.24142, 0.0, 0.51129, 0.47196, 0.0, 0.0, 0.0, 0.0, 0.0, 0.03682, 0.42081, 0.53948, 0.0, 0.0, 0.24527, 0.21925, 1.10198, 0.0, 0.0, 0.0, 0.67284, 0.38509, 0.0, 0.17144, 0.0, 0.0, 0.05524, 0.43152, 0.40764, 0.05753, 0.47035, 0.56996, 0.35718, 0.40873, 0.37172, 0.39329, 0.52126, 0.22984, 0.91973, 0.0, 0.84931, 0.12881, 0.40549, 0.0, 0.87128, 0.65967, 0.766, 0.16377, 0.39314, 0.78492, 0.74498, 0.6691, 0.49007, 0.81318, 0.02203, 0.79815, 0.81408, 0.34142, 0.47311, 0.69068, 0.64241, 0.70693, 0.01087, 0.38327, 1.12252, 0.20668, 0.50568]"
UDE-NN,11007,70,1,10,1,106.833,0.09207,0.22286,1,0,0,0.33333,1,0.69565,0,0,0.23188,0.37101,0.06779,0.49238,0.52363,0.50324,0.58733,0.06779,0.40185,0.39273,0.39105,0.45385,1.53969,8.83065,10.36973,10.1621,10.47136,"[4.33495, 4.04938, 3.90901, 3.85522, 3.86039, 3.90901, 3.99097, 4.09873, 4.22609, 4.36751, 4.51795, 4.6729, 4.82844, 4.98143, 5.12951, 5.27114, 5.40548, 5.53225, 5.65155, 5.76376]","[0.05411, 0.07049, 0.07317, 0.05119, -0.05596, -0.10968, -0.09074, -0.08182, -0.03354, 0.04942, 0.08053, 0.09344, 0.13086, 0.23476, 0.30673, 0.22885, 0.30516, 0.32009, 0.23294, 0.19039, 0.24178, 0.30279, 0.28405, 0.17653, 0.23786, 0.27861, 0.3537, 0.275, 0.17239, 0.18202, 0.20033, 0.24093, 0.32101, 0.36039, 0.42059, 0.41609, 0.22915, 0.30315, 0.37257, 0.38273, 0.41777, 0.40721, 0.40074, 0.4003, 0.43662, 0.55091, 0.5435, 0.62032, 0.59852, 0.55974, 0.56234, 0.53982, 0.63035, 0.66301, 0.56575, 0.60782, 0.53611, 0.40362, 0.30827, 0.41525, 0.41382, 0.4986, 0.57074, 0.55051, 0.63413, 0.64412, 0.7034, 0.6834, 0.74364, 0.75375]"
GP,11007,70,1,10,1,223.299,0.01342,0.22286,1,0,0,0.33333,1,0.69565,0,0,0.23188,0.37101,0.01292,0.37414,0.62142,0.63738,0.63313,0.01292,0.28413,0.48699,0.52419,0.52746,0.29352,6.19279,13.21025,13.82616,12.88656,"[4.41567, 4.18197, 4.08376, 4.06675, 4.10438, 4.18103, 4.28605, 4.41135, 4.5503, 4.69732, 4.84779, 4.998, 5.14516, 5.28735, 5.42343, 5.55283, 5.67546, 5.79149, 5.90127, 6.00522]","[0.02373, 0.03309, 0.04245, 0.05181, 0.06117, 0.07053, 0.0799, 0.08926, 0.09862, 0.10798, 0.11735, 0.12671, 0.13607, 0.14543, 0.1548, 0.16416, 0.17352, 0.18288, 0.19224, 0.20161, 0.21097, 0.22033, 0.22969, 0.23906, 0.24842, 0.25778, 0.26714, 0.27651, 0.28587, 0.29523, 0.30459, 0.31396, 0.32332, 0.33268, 0.34204, 0.35141, 0.36077, 0.37013, 0.37949, 0.38886, 0.39822, 0.40758, 0.41694, 0.42631, 0.43567, 0.44503, 0.45439, 0.46376, 0.47312, 0.48248, 0.49184, 0.50121, 0.51057, 0.51993, 0.52929, 0.53866, 0.54802, 0.55738, 0.56674, 0.5761, 0.58547, 0.59483, 0.60419, 0.61355, 0.62291, 0.63228, 0.64164, 0.651, 0.66036, 0.66972]"
ARIMA,11007,70,1,10,1,18.52,,,,,,,,,,,,,0.52969,0.60122,1.00954,0.9686,0.96092,0.52969,0.52879,0.86294,0.83906,0.82173,12.03095,12.487,23.48631,22.43605,20.425,"[4.93244, 4.93244, 4.93244, 4.93244, 4.93244, 4.93244, 4.93244, 4.93244, 4.93244, 4.93244, 4.93244, 4.93244, 4.93244, 4.93244, 4.93244, 4.93244, 4.93244, 4.93244, 4.93244, 4.93244]",
RandomWalk,11007,70,1,10,1,1.214,,,,,,,,,,,,,0.52969,0.60122,1.00954,0.9686,0.96092,0.52969,0.52879,0.86294,0.83906,0.82173,12.03095,12.487,23.48631,22.43605,20.425,"[4.93244, 4.93244, 4.93244, 4.93244, 4.93244, 4.93244, 4.93244, 4.93244, 4.93244, 4.93244, 4.93244, 4.93244, 4.93244, 4.93244, 4.93244, 4.93244, 4.93244, 4.93244, 4.93244, 4.93244]",
LSTM,11007,70,1,10,1,48.181,,,,,,,,,,,,,3.94869,4.95494,6.08015,6.46176,6.54922,3.94869,4.87852,5.94912,6.30808,6.42319,89.68707,112.17563,151.51759,158.3297,151.16779,"[8.35143, 9.43293, 8.65684, 10.28259, 9.687, 10.34715, 9.74882, 10.57834, 11.43953, 11.66155, 12.02331, 12.60792, 11.94677, 12.75543, 13.00312, 14.51855, 15.16594, 15.52062, 14.01213, 15.30387]",
Alg_c,11007,70,1,10,1,0,0.22286,0.22286,1,0,0,0.33333,1,0.69767,0,0,0.23256,0.37375,,,,,,,,,,,,,,,,,"[0.04231, 0.09848, 0.1053, 0.22945, 0.0, 0.0, 0.0, 0.0, 0.0, 0.15712, 0.1209, 0.04821, 0.0, 0.26505, 0.6301, 0.0, 0.44183, 0.53282, 0.12397, 0.0, 0.22805, 0.4867, 0.42902, 0.0, 0.25747, 0.245, 0.67652, 0.34428, 0.0, 0.08631, 0.1338, 0.1619, 0.38695, 0.36158, 0.57394, 0.70838, 0.0, 0.24798, 0.49651, 0.34398, 0.50661, 0.40654, 0.37872, 0.31822, 0.2726, 0.80605, 0.36846, 0.81371, 0.63599, 0.46477, 0.63556, 0.30161, 0.72804, 0.92959, 0.26801, 0.84174, 0.65439, 0.32714, 0.0, 0.70722, 0.15331, 0.52233, 0.81777, 0.22574, 0.87169, 0.44726, 0.9822, 0.38073, 0.92482]"
UDE-NN,60467,70,1,10,1,102.557,0.10706,0.22565,1,0,0,0.33333,1,1,0,0,0.33333,1,0.13753,0.90106,1.68076,1.55709,1.41076,0.13753,0.49612,1.25528,1.1396,1.00573,1.30896,5.74249,15.98551,14.20306,12.26356,"[10.3695, 10.37077, 10.32651, 10.28235, 10.2392, 10.19706, 10.15588, 10.11565, 10.07632, 10.03787, 10.00026, 9.96348, 9.92748, 9.89225, 9.85775, 9.82398, 9.79089, 9.75846, 9.72669, 9.69553]","[0.00578, 0.04383, 0.04153, 0.0007, -0.05452, 0.03244, 0.11939, 0.07248, 0.05232, 0.08738, 0.00912, 0.03608, -0.00482, 0.01377, 0.02697, 0.10235, 0.11364, 0.18833, 0.23487, 0.23279, 0.201, 0.09719, 0.1192, 0.09257, 0.23371, 0.20265, 0.14382, 0.19147, 0.28916, 0.30277, 0.30257, 0.43297, 0.57509, 0.61766, 0.60251, 0.56426, 0.41266, 0.37751, 0.27311, 0.2791, 0.37288, 0.39666, 0.46144, 0.52218, 0.58159, 0.58456, 0.56159, 0.63632, 0.64462, 0.65555, 0.55125, 0.60255, 0.70845, 0.74606, 0.75635, 0.71267, 0.5338, 0.41707, 0.62182, 0.61414, 0.60432, 0.62682, 0.66597, 0.64576, 0.70458, 0.68188, 0.60741, 0.56844, 0.64982, 0.65912]"
GP,60467,70,1,10,1,221.772,0.041,0.22565,1,0,0,0.33333,1,1,0,0,0.33333,1,0.18373,0.88618,1.64827,1.52972,1.39002,0.18373,0.51835,1.24253,1.12899,1.00688,1.74867,5.93046,15.782,14.02943,12.21781,"[10.3233, 10.32327, 10.2793, 10.23504, 10.19179, 10.14954, 10.10826, 10.06793, 10.02851, 9.98996, 9.95227, 9.91539, 9.87932, 9.84401, 9.80944, 9.77559, 9.74243, 9.70994, 9.6781, 9.64688]","[0.06281, 0.07213, 0.08145, 0.09077, 0.10008, 0.1094, 0.11872, 0.12804, 0.13736, 0.14668, 0.156, 0.16531, 0.17463, 0.18395, 0.19327, 0.20259, 0.21191, 0.22123, 0.23055, 0.23986, 0.24918, 0.2585, 0.26782, 0.27714, 0.28646, 0.29578, 0.3051, 0.31441, 0.32373, 0.33305, 0.34237, 0.35169, 0.36101, 0.37033, 0.37965, 0.38897, 0.39829, 0.4076, 0.41692, 0.42624, 0.43556, 0.44488, 0.4542, 0.46352, 0.47284, 0.48215, 0.49147, 0.50079, 0.51011, 0.51943, 0.52875, 0.53807, 0.54739, 0.5567, 0.56602, 0.57534, 0.58466, 0.59398, 0.6033, 0.61262, 0.62193, 0.63125, 0.64057, 0.64989, 0.65921, 0.66853, 0.67784, 0.68716, 0.69648, 0.7058]"
ARIMA,60467,70,1,10,1,19.155,,,,,,,,,,,,,0.81393,0.95615,1.29324,1.25948,1.21301,0.81393,0.93814,1.12237,1.08977,1.06893,7.74655,9.57486,13.46785,12.67906,12.03846,"[9.6931, 9.60392, 9.53954, 9.49306, 9.4595, 9.43527, 9.41777, 9.40514, 9.39602, 9.38944, 9.38469, 9.38125, 9.37878, 9.37699, 9.3757, 9.37476, 9.37409, 9.3736, 9.37325, 9.373]",
RandomWalk,60467,70,1,10,1,1.207,,,,,,,,,,,,,0.69042,0.90984,1.49525,1.39742,1.27674,0.69042,0.8222,1.26835,1.14743,1.02716,6.57101,8.64563,15.53996,13.78785,12.07697,"[9.81661, 9.81661, 9.81661, 9.81661, 9.81661, 9.81661, 9.81661, 9.81661, 9.81661, 9.81661, 9.81661, 9.81661, 9.81661, 9.81661, 9.81661, 9.81661, 9.81661, 9.81661, 9.81661, 9.81661]",
LSTM,60467,70,1,10,1,45.531,,,,,,,,,,,,,0.81307,0.93113,1.09307,1.03501,1.09985,0.81307,0.79598,0.96577,0.90624,0.96885,7.73837,8.44917,11.51822,10.56052,10.7839,"[9.69396, 9.73946, 9.97749, 10.09747, 9.92745, 9.38356, 8.82056, 8.35318, 8.86689, 10.07422, 10.08733, 9.95576, 8.70854, 9.16681, 10.59882, 10.36411, 8.96202, 9.43125, 11.0847, 10.66596]",
Alg_c,60467,70,1,10,1,0,0.22565,0.22565,1,0,0,0.33333,1,1,0,0,0.33333,1,,,,,,,,,,,,,,,,,"[0.0, 0.12453, 0.12014, 0.04751, 0.0, 0.00034, 0.39974, 0.0, 0.0, 0.34313, 0.0, 0.19699, 0.0, 0.02988, 0.0, 0.24121, 0.0, 0.23905, 0.32936, 0.27202, 0.36311, 0.0, 0.19848, 0.0, 0.55353, 0.23949, 0.0, 0.09387, 0.46136, 0.32526, 0.02785, 0.38008, 0.7675, 0.71436, 0.61688, 0.7995, 0.17752, 0.50328, 0.06794, 0.11843, 0.51236, 0.31507, 0.4788, 0.52065, 0.69503, 0.64266, 0.34661, 0.79003, 0.64272, 0.87138, 0.235, 0.44127, 0.86337, 0.80481, 0.84954, 0.99019, 0.53068, 0.0, 1.05041, 0.54024, 0.53432, 0.57688, 0.83158, 0.41785, 0.90437, 0.784, 0.54971, 0.29674, 0.83536]"
UDE-NN,48073,70,1,10,1,105.845,0.0962,0.23226,1,0,0,0.33333,1,1,0,0,0.33333,1,0.20146,0.80552,0.90379,0.85186,0.90596,0.20146,0.66734,0.80758,0.75908,0.80288,2.71539,7.9387,9.43193,8.96156,9.33997,"[7.21789, 7.3807, 7.46637, 7.51959, 7.55942, 7.59328, 7.62393, 7.65244, 7.67919, 7.70437, 7.72807, 7.75035, 7.77126, 7.79084, 7.80914, 7.8262, 7.84205, 7.85674, 7.87028, 7.88273]","[-0.20117, -0.25452, -0.13656, -0.14032, -0.11164, -0.00509, 0.1317, 0.09897, 0.04922, 0.04972, 0.08957, 0.1116, 0.10002, 0.11116, 0.16495, 0.21887, 0.14664, 0.0583, 0.07792, 0.25441, 0.21085, 0.12048, 0.13464, 0.11402, 0.04414, 0.13296, 0.1427, 0.20313, 0.3081, 0.3607, 0.30636, 0.40368, 0.51301, 0.43694, 0.3486, 0.33461, 0.28883, 0.28112, 0.27812, 0.26677, 0.24651, 0.29285, 0.49092, 0.41809, 0.45042, 0.39486, 0.31627, 0.40103, 0.36663, 0.40889, 0.48461, 0.45348, 0.53218, 0.6665, 0.6447, 0.58055, 0.59308, 0.61007, 0.50169, 0.48551, 0.64903, 0.70879, 0.65904, 0.59912, 0.64279, 0.7576, 0.79463, 0.77488, 0.76364, 0.77781]"
GP,48073,70,1,10,1,219.047,0.01422,0.23226,1,0,0,0.33333,1,1,0,0,0.33333,1,0.13947,0.72531,0.80214,0.76316,0.80565,0.13947,0.57197,0.69596,0.66646,0.69747,1.87985,6.76388,8.09967,7.87662,8.1141,"[7.27988, 7.47092, 7.56858, 7.62828, 7.67312, 7.7117, 7.74706, 7.78029, 7.8118, 7.84175, 7.87024, 7.89731, 7.92302, 7.94743, 7.97056, 7.99247, 8.0132, 8.03277, 8.05124, 8.06863]","[-0.02554, -0.01481, -0.00409, 0.00664, 0.01736, 0.02809, 0.03881, 0.04954, 0.06026, 0.07099, 0.08171, 0.09244, 0.10317, 0.11389, 0.12462, 0.13534, 0.14607, 0.15679, 0.16752, 0.17824, 0.18897, 0.19969, 0.21042, 0.22114, 0.23187, 0.2426, 0.25332, 0.26405, 0.27477, 0.2855, 0.29622, 0.30695, 0.31767, 0.3284, 0.33912, 0.34985, 0.36058, 0.3713, 0.38203, 0.39275, 0.40348, 0.4142, 0.42493, 0.43565, 0.44638, 0.4571, 0.46783, 0.47856, 0.48928, 0.50001, 0.51073, 0.52146, 0.53218, 0.54291, 0.55363, 0.56436, 0.57508, 0.58581, 0.59653, 0.60726, 0.61799, 0.62871, 0.63944, 0.65016, 0.66089, 0.67161, 0.68234, 0.69306, 0.70379, 0.71451]"
ARIMA,48073,70,1,10,1,18.519,,,,,,,,,,,,,0.28233,0.72987,0.62973,0.69144,0.65306,0.28233,0.60034,0.4948,0.54063,0.52237,3.80526,7.16858,5.79721,6.55946,6.2885,"[7.13703, 7.35488, 7.54987, 7.7244, 7.88063, 8.02046, 8.14562, 8.25766, 8.35793, 8.44769, 8.52803, 8.59994, 8.66431, 8.72192, 8.77349, 8.81965, 8.86096, 8.89794, 8.93104, 8.96067]",
RandomWalk,48073,70,1,10,1,1.194,,,,,,,,,,,,,0.52571,1.30092,1.52879,1.45787,1.56691,0.52571,1.20249,1.45365,1.36147,1.46415,7.08565,14.52742,17.13583,16.14327,17.13591,"[6.89364, 6.89364, 6.89364, 6.89364, 6.89364, 6.89364, 6.89364, 6.89364, 6.89364, 6.89364, 6.89364, 6.89364, 6.89364, 6.89364, 6.89364, 6.89364, 6.89364, 6.89364, 6.89364, 6.89364]",
LSTM,48073,70,1,10,1,46.421,,,,,,,,,,,,,1.93519,2.3429,2.30437,2.47379,2.40383,1.93519,2.30709,2.27683,2.41217,2.34909,26.08304,28.60461,27.39196,29.5698,28.4709,"[9.35455, 10.34718, 10.87077, 10.22761, 11.21598, 11.43725, 10.98601, 10.61409, 10.79393, 10.39391, 10.59721, 11.1689, 10.30487, 11.11844, 11.1725, 10.88876, 10.74579, 11.58483, 11.01195, 11.49833]",
Alg_c,48073,70,1,10,1,0,0.23226,0.23226,1,0,0,0.33333,1,1,0,0,0.33333,1,,,,,,,,,,,,,,,,,"[0.0, 0.0, 0.12341, 0.0, 0.0, 0.0, 0.48991, 0.1143, 0.0, 0.0, 0.11721, 0.1829, 0.05005, 0.02534, 0.13317, 0.48743, 0.1739, 0.0, 0.0, 0.68595, 0.29325, 0.0, 0.21516, 0.21039, 0.0, 0.29436, 0.02736, 0.10111, 0.40476, 0.61625, 0.0, 0.38088, 0.90705, 0.42064, 0.19829, 0.39607, 0.20704, 0.26729, 0.2947, 0.27866, 0.10014, 0.0, 1.06354, 0.21598, 0.61197, 0.41012, 0.0, 0.61984, 0.22685, 0.36288, 0.69586, 0.22643, 0.38453, 0.98095, 0.70286, 0.39701, 0.57447, 0.87705, 0.33331, 0.10504, 0.84514, 0.907, 0.65063, 0.40758, 0.48322, 0.95621, 0.89143, 0.74077, 0.71192]"
UDE-NN,89053,70,1,10,1,100.611,0.09909,0.26961,1,0,0,0.33333,1,1,0,0,0.33333,1,0.3575,0.44141,0.51553,0.66727,0.84058,0.3575,0.39007,0.44852,0.56568,0.71593,4.20164,5.01472,5.48531,6.60703,8.01533,"[8.15103, 8.03442, 8.02833, 8.05067, 8.08022, 8.11094, 8.1411, 8.17024, 8.19825, 8.22513, 8.2509, 8.27561, 8.29929, 8.32198, 8.3437, 8.36449, 8.38439, 8.40342, 8.42161, 8.439]","[0.38489, 0.30065, 0.19188, 0.10065, 0.01248, 0.04123, -0.00017, 0.07055, 0.10399, 0.1891, 0.11125, 0.1935, 0.24479, 0.10145, 0.08424, 0.12998, 0.08013, 0.13641, 0.26964, 0.19778, 0.20598, 0.1665, 0.23906, 0.31395, 0.34216, 0.26446, 0.32725, 0.383, 0.35779, 0.32499, 0.41566, 0.42072, 0.3938, 0.41688, 0.309, 0.29397, 0.35786, 0.33948, 0.34519, 0.2314, 0.27167, 0.2811, 0.23058, 0.30139, 0.27226, 0.23542, 0.31223, 0.4722, 0.56029, 0.63224, 0.60009, 0.55229, 0.5326, 0.51514, 0.49654, 0.58698, 0.63366, 0.51707, 0.57248, 0.66273, 0.56782, 0.66494, 0.62896, 0.62881, 0.64206, 0.64931, 0.69162, 0.73036, 0.7156, 0.72044]"
GP,89053,70,1,10,1,222.973,0.04435,0.26961,1,0,0,0.33333,1,1,0,0,0.33333,1,0.29089,0.46283,0.51535,0.65421,0.82162,0.29089,0.37541,0.43598,0.54771,0.6948,3.41879,4.88076,5.37741,6.4372,7.80944,"[8.21764, 8.11417, 8.1101, 8.13009, 8.15564, 8.18182, 8.20728, 8.23169, 8.255, 8.27722, 8.29836, 8.31848, 8.33759, 8.35574, 8.37295, 8.38926, 8.40469, 8.41928, 8.43304, 8.44602]","[0.08763, 0.09582, 0.10401, 0.11221, 0.1204, 0.1286, 0.13679, 0.14498, 0.15318, 0.16137, 0.16956, 0.17776, 0.18595, 0.19415, 0.20234, 0.21053, 0.21873, 0.22692, 0.23512, 0.24331, 0.2515, 0.2597, 0.26789, 0.27609, 0.28428, 0.29247, 0.30067, 0.30886, 0.31706, 0.32525, 0.33345, 0.34164, 0.34983, 0.35803, 0.36622, 0.37442, 0.38261, 0.3908, 0.399, 0.40719, 0.41539, 0.42358, 0.43177, 0.43997, 0.44816, 0.45636, 0.46455, 0.47275, 0.48094, 0.48913, 0.49733, 0.50552, 0.51372, 0.52191, 0.53011, 0.5383, 0.54649, 0.55469, 0.56288, 0.57108, 0.57927, 0.58746, 0.59566, 0.60385, 0.61204, 0.62024, 0.62843, 0.63663, 0.64482, 0.65301]"
ARIMA,89053,70,1,10,1,18.639,,,,,,,,,,,,,0.50568,1.11775,0.98509,0.91525,0.86657,0.50568,1.02471,0.85752,0.78135,0.74996,5.9432,13.18793,10.90732,9.79606,9.12963,"[9.01421, 9.01421, 9.01421, 9.01421, 9.01421, 9.01421, 9.01421, 9.01421, 9.01421, 9.01421, 9.01421, 9.01421, 9.01421, 9.01421, 9.01421, 9.01421, 9.01421, 9.01421, 9.01421, 9.01421]",
RandomWalk,89053,70,1,10,1,1.171,,,,,,,,,,,,,0.50568,1.11775,0.98509,0.91525,0.86657,0.50568,1.02471,0.85752,0.78135,0.74996,5.9432,13.18793,10.90732,9.79606,9.12963,"[9.01421, 9.01421, 9.01421, 9.01421, 9.01421, 9.01421, 9.01421, 9.01421, 9.01421, 9.01421, 9.01421, 9.01421, 9.01421, 9.01421, 9.01421, 9.01421, 9.01421, 9.01421, 9.01421, 9.01421]",
LSTM,89053,70,1,10,1,45.163,,,,,,,,,,,,,1.75252,2.29142,1.82395,1.78368,1.7147,1.75252,2.21682,1.59143,1.58629,1.52086,20.59722,28.22676,19.89959,19.34296,18.07896,"[10.26105, 10.26128, 9.99762, 10.59045, 9.92119, 9.24512, 8.36251, 7.92211, 7.71927, 7.3513, 7.83045, 7.87791, 8.27201, 9.12416, 7.7421, 7.28261, 7.60694, 7.67909, 9.99313, 9.25088]",
Alg_c,89053,70,1,10,1,0,0.26961,0.26961,1,0,0,0.33333,1,1,0,0,0.33333,1,,,,,,,,,,,,,,,,,"[0.56456, 0.34491, 0.15225, 0.09977, 0.0, 0.20616, 0.0, 0.17302, 0.0, 0.54104, 0.0, 0.25512, 0.6549, 0.0, 0.0, 0.38147, 0.0, 0.0105, 0.71375, 0.0, 0.34483, 0.0, 0.26805, 0.41948, 0.55558, 0.0, 0.31384, 0.54889, 0.38146, 0.04836, 0.61871, 0.49484, 0.19898, 0.78852, 0.03915, 0.14873, 0.53109, 0.28518, 0.58723, 0.0, 0.31878, 0.42906, 0.0, 0.5383, 0.28573, 0.0042, 0.13556, 0.64864, 0.55338, 0.84364, 0.60978, 0.48195, 0.53876, 0.56097, 0.23726, 0.61526, 1.10381, 0.02987, 0.45391, 1.24284, 0.0, 0.99992, 0.52985, 0.6095, 0.68072, 0.56023, 0.68662, 0.86746, 0.64766]"
UDE-NN,8694,70,1,10,1,99.665,0.09589,0.22909,1,0,0,0.33333,1,1,0,0,0.33333,1,0.10545,0.41874,1.96097,2.28977,2.5675,0.10545,0.30014,1.4411,1.78336,2.11301,0.72565,2.12368,13.97244,18.03594,22.2452,"[14.42564, 13.84784, 13.84699, 13.63601, 13.50338, 13.35066, 13.20996, 13.07111, 12.93694, 12.80648, 12.67984, 12.55682, 12.43733, 12.32124, 12.20844, 12.09883, 11.99229, 11.88874, 11.78806, 11.69017]","[0.02599, -0.04694, -0.07447, -0.10718, -0.02165, 0.02633, 0.0547, -0.02563, -0.00232, 0.10878, 0.15107, 0.10922, 0.16606, 0.13692, 0.22011, 0.23022, 0.27811, 0.24143, 0.13487, 0.06254, 0.16666, 0.22319, 0.26595, 0.21805, 0.28135, 0.2246, 0.17261, 0.11388, 0.08289, 0.19704, 0.38382, 0.29375, 0.33379, 0.37067, 0.33707, 0.31115, 0.28402, 0.41503, 0.45662, 0.4685, 0.50246, 0.43869, 0.48139, 0.54335, 0.56202, 0.5293, 0.42216, 0.40062, 0.33659, 0.35926, 0.55119, 0.72364, 0.75836, 0.73829, 0.59396, 0.6908, 0.76417, 0.71374, 0.7016, 0.68677, 0.71441, 0.75498, 0.75374, 0.76583, 0.66467, 0.69371, 0.70016, 0.70039, 0.69249, 0.7022]"
GP,8694,70,1,10,1,210.136,0.0503,0.22909,1,0,0,0.33333,1,1,0,0,0.33333,1,0.19385,0.4414,1.90825,2.22845,2.49678,0.19385,0.31449,1.40677,1.73924,2.05759,1.33406,2.2064,13.61217,17.5655,21.64126,"[14.33723, 13.79466, 13.77143, 13.56643, 13.42759, 13.27352, 13.1296, 12.98812, 12.85108, 12.71777, 12.58821, 12.46225, 12.33976, 12.22063, 12.10475, 11.99202, 11.88232, 11.77556, 11.67164, 11.57046]","[-0.04394, -0.03184, -0.01973, -0.00763, 0.00447, 0.01657, 0.02867, 0.04077, 0.05288, 0.06498, 0.07708, 0.08918, 0.10128, 0.11339, 0.12549, 0.13759, 0.14969, 0.1618, 0.1739, 0.186, 0.1981, 0.2102, 0.22231, 0.23441, 0.24651, 0.25861, 0.27071, 0.28282, 0.29492, 0.30702, 0.31912, 0.33123, 0.34333, 0.35543, 0.36753, 0.37963, 0.39174, 0.40384, 0.41594, 0.42804, 0.44015, 0.45225, 0.46435, 0.47645, 0.48855, 0.50066, 0.51276, 0.52486, 0.53696, 0.54907, 0.56117, 0.57327, 0.58537, 0.59747, 0.60958, 0.62168, 0.63378, 0.64588, 0.65798, 0.67009, 0.68219, 0.69429, 0.70639, 0.71849, 0.7306, 0.7427, 0.7548, 0.7669, 0.779, 0.79111]"
ARIMA,8694,70,1,10,1,17.51,,,,,,,,,,,,,1.20591,0.85115,2.22132,2.65567,3.10236,1.20591,0.63594,1.73124,2.14201,2.59936,8.29881,4.40052,16.37002,21.31783,27.13526,"[13.32518, 13.31734, 13.32035, 13.31919, 13.31964, 13.31947, 13.31953, 13.31951, 13.31952, 13.31951, 13.31952, 13.31952, 13.31952, 13.31952, 13.31952, 13.31952, 13.31952, 13.31952, 13.31952, 13.31952]",
RandomWalk,8694,70,1,10,1,0.956,,,,,,,,,,,,,1.22631,0.86348,2.21434,2.64692,3.09217,1.22631,0.64574,1.72877,2.1375,2.59281,8.4392,4.46849,16.33304,21.26009,27.05578,"[13.30478, 13.30478, 13.30478, 13.30478, 13.30478, 13.30478, 13.30478, 13.30478, 13.30478, 13.30478, 13.30478, 13.30478, 13.30478, 13.30478, 13.30478, 13.30478, 13.30478, 13.30478, 13.30478, 13.30478]",
LSTM,8694,70,1,10,1,38.18,,,,,,,,,,,,,0.57771,1.39717,2.57873,2.95412,3.70865,0.57771,1.30589,2.23262,2.58913,3.20158,3.97571,9.5003,20.53492,25.10282,33.00966,"[15.1088, 15.40378, 15.76108, 15.34925, 12.06847, 13.44897, 14.32624, 13.2265, 13.55619, 13.70364, 13.67444, 13.31619, 13.15416, 15.26437, 15.20782, 15.79428, 14.98382, 14.34743, 12.13502, 13.64561]",
Alg_c,8694,70,1,10,1,0,0.22909,0.22909,1,0,0,0.33333,1,1,0,0,0.33333,1,,,,,,,,,,,,,,,,,"[0.20069, 0.0, 0.0, 0.0, 0.05436, 0.07445, 0.2988, 0.0, 0.0, 0.26214, 0.34465, 0.0, 0.33391, 0.0, 0.36974, 0.17446, 0.45144, 0.3817, 0.04613, 0.0, 0.2138, 0.29741, 0.47037, 0.02795, 0.50011, 0.23852, 0.18635, 0.04912, 0.0, 0.0313, 0.93359, 0.05378, 0.31648, 0.51598, 0.32691, 0.29277, 0.00616, 0.54931, 0.54472, 0.4817, 0.676, 0.23629, 0.41824, 0.64506, 0.70179, 0.67883, 0.2872, 0.44169, 0.1026, 0.0, 0.53956, 1.01826, 0.95641, 0.91796, 0.12195, 0.7067, 1.09067, 0.65161, 0.68452, 0.59721, 0.69762, 0.84008, 0.75571, 0.97058, 0.42399, 0.70427, 0.72413, 0.71712, 0.65788]"
UDE-NN,61917,70,1,10,1,100.2,0.11713,0.22793,1,0,0,0.33333,1,1,0,0,0.33333,1,0.14022,0.4987,0.4776,0.97798,1.35072,0.14022,0.40648,0.41937,0.70647,0.99778,1.23568,3.88445,3.99103,7.60573,11.59014,"[11.20765, 11.18356, 11.09999, 11.0218, 10.94538, 10.87082, 10.79807, 10.72706, 10.65772, 10.59002, 10.52389, 10.45927, 10.39612, 10.33439, 10.27402, 10.21498, 10.15721, 10.10067, 10.04532, 9.99113]","[-0.07342, -0.17721, -0.1909, -0.08173, -0.02624, 0.04838, 0.20252, 0.32908, 0.29968, 0.36256, 0.26638, 0.17917, 0.1705, 0.19768, 0.23652, 0.25566, 0.24035, 0.27917, 0.23637, 0.14823, 0.18216, 0.16044, 0.23126, 0.3922, 0.43279, 0.41308, 0.37679, 0.34052, 0.34288, 0.34954, 0.31997, 0.25553, 0.24134, 0.23365, 0.19412, 0.18428, 0.1757, 0.19599, 0.32665, 0.4365, 0.51339, 0.46529, 0.45103, 0.44752, 0.4486, 0.48964, 0.5036, 0.60233, 0.68785, 0.78749, 0.65372, 0.56177, 0.53587, 0.57679, 0.65694, 0.69661, 0.58338, 0.57142, 0.55928, 0.59281, 0.64486, 0.70678, 0.67847, 0.6746, 0.56805, 0.55169, 0.71694, 0.76975, 0.81119, 0.82365]"
GP,61917,70,1,10,1,221.938,0.04641,0.22793,1,0,0,0.33333,1,1,0,0,0.33333,1,0.03831,0.57725,0.53165,1.05106,1.44126,0.03831,0.46998,0.44136,0.74801,1.06119,0.33761,4.49794,4.23544,8.08771,12.34733,"[11.30956, 11.28269, 11.20256, 11.1286, 11.05634, 10.986, 10.91753, 10.85084, 10.78589, 10.72262, 10.66097, 10.60089, 10.54232, 10.48522, 10.42955, 10.37524, 10.32226, 10.27056, 10.2201, 10.17085]","[0.0616, 0.07115, 0.08071, 0.09027, 0.09982, 0.10938, 0.11894, 0.12849, 0.13805, 0.14761, 0.15716, 0.16672, 0.17627, 0.18583, 0.19539, 0.20494, 0.2145, 0.22406, 0.23361, 0.24317, 0.25273, 0.26228, 0.27184, 0.2814, 0.29095, 0.30051, 0.31007, 0.31962, 0.32918, 0.33874, 0.3483, 0.35785, 0.36741, 0.37697, 0.38652, 0.39608, 0.40564, 0.41519, 0.42475, 0.43431, 0.44386, 0.45342, 0.46298, 0.47253, 0.48209, 0.49165, 0.5012, 0.51076, 0.52032, 0.52987, 0.53943, 0.54899, 0.55854, 0.5681, 0.57766, 0.58721, 0.59677, 0.60633, 0.61588, 0.62544, 0.635, 0.64455, 0.65411, 0.66367, 0.67322, 0.68278, 0.69233, 0.70189, 0.71145, 0.721]"
ARIMA,61917,70,1,10,1,18.312,,,,,,,,,,,,,0.20165,0.96426,1.00992,1.62219,2.14251,0.20165,0.86501,0.88606,1.28284,1.71518,1.77697,8.21568,8.48223,13.59515,19.53588,"[11.54952, 11.63876, 11.60883, 11.61887, 11.6155, 11.61663, 11.61625, 11.61638, 11.61634, 11.61635, 11.61635, 11.61635, 11.61635, 11.61635, 11.61635, 11.61635, 11.61635, 11.61635, 11.61635, 11.61635]",
RandomWalk,61917,70,1,10,1,1.194,,,,,,,,,,,,,0.46775,1.14817,1.18944,1.78442,2.30542,0.46775,1.07434,1.09034,1.48629,1.91779,4.12196,10.16035,10.38715,15.58047,21.61579,"[11.81563, 11.81563, 11.81563, 11.81563, 11.81563, 11.81563, 11.81563, 11.81563, 11.81563, 11.81563, 11.81563, 11.81563, 11.81563, 11.81563, 11.81563, 11.81563, 11.81563, 11.81563, 11.81563, 11.81563]",
LSTM,61917,70,1,10,1,43.66,,,,,,,,,,,,,0.92137,0.78498,0.9103,1.0788,1.31096,0.92137,0.74038,0.7866,0.93545,1.11546,8.1193,6.82566,7.17085,9.33372,12.158,"[10.4265, 10.04959, 10.00618, 9.8015, 9.72078, 9.74508, 9.846, 9.89729, 9.999, 10.02725, 10.02784, 10.03082, 10.01776, 10.00612, 9.99802, 9.99813, 9.99758, 10.00085, 10.0033, 10.00439]",
ARIMA,69686,70,1,10,1,18.508,,,,,,,,,,,,,0.61307,0.71117,0.85954,1.32753,1.67605,0.61307,0.61498,0.73584,1.03996,1.35676,5.62135,7.32401,9.8033,15.46521,20.6407,"[10.29297, 9.6312, 9.0798, 8.64798, 8.33716, 8.14222, 8.05295, 8.05545, 8.13349, 8.26979, 8.44707, 8.64896, 8.86068, 9.06953, 9.2652, 9.43986, 9.58814, 9.70698, 9.79539, 9.85412]",
RandomWalk,69686,70,1,10,1,1.036,,,,,,,,,,,,,0.14095,2.39834,3.17807,3.56647,3.80283,0.14095,1.96453,2.86872,3.23385,3.50824,1.29237,24.57148,38.55136,46.39868,51.6086,"[11.04698, 11.04698, 11.04698, 11.04698, 11.04698, 11.04698, 11.04698, 11.04698, 11.04698, 11.04698, 11.04698, 11.04698, 11.04698, 11.04698, 11.04698, 11.04698, 11.04698, 11.04698, 11.04698, 11.04698]",
LSTM,69686,70,1,10,1,40.046,,,,,,,,,,,,,2.29785,1.78622,2.13905,2.36049,2.54362,2.29785,1.63327,1.99419,2.19894,2.39251,21.06953,18.44619,25.73027,30.55737,34.3569,"[8.60819, 8.39918, 8.39659, 8.85342, 9.6231, 9.63189, 9.43715, 9.60095, 10.29229, 9.18371, 9.26805, 9.15226, 9.10238, 10.06639, 9.65515, 11.11178, 10.16055, 12.37399, 12.00887, 10.44726]",
Alg_c,69686,70,1,10,1,0,0.27489,0.27489,1,0,0,0.33333,1,1,0,0,0.33333,1,,,,,,,,,,,,,,,,,"[0.0, 0.18369, 0.0, 0.0, 0.0, 0.0, 0.0, 0.0, 0.46363, 0.0, 0.12919, 0.0, 0.0, 0.0, 0.09528, 0.03497, 0.79994, 0.25105, 0.13088, 0.27603, 0.0821, 0.01459, 0.8038, 0.20897, 1.27391, 2.0e-5, 0.1635, 0.13192, 0.37007, 0.01822, 0.01491, 0.0, 0.37558, 0.10902, 0.04651, 0.59351, 0.28698, 0.18852, 0.36553, 0.32389, 0.31721, 0.20995, 0.40151, 0.8106, 0.35161, 0.36878, 0.07586, 0.7371, 0.63091, 0.26883, 0.11393, 1.19014, 0.66739, 0.26955, 0.30808, 0.31195, 1.08438, 0.2222, 1.04333, 0.52741, 0.66544, 0.93335, 0.42197, 0.82816, 0.5226, 0.52933, 0.63433, 1.18125, 0.95906]"
UDE-NN,97565,70,1,10,1,105.356,0.11803,0.25937,1,0,0,0.33333,1,1,0,0,0.33333,1,0.72732,1.9688,2.51942,2.64813,2.76482,0.72732,1.77866,2.3537,2.49585,2.59329,11.55468,23.43384,28.38419,29.38838,29.7522,"[5.5673, 5.46821, 5.45426, 5.48775, 5.54872, 5.62535, 5.71021, 5.79854, 5.88731, 5.97461, 6.05936, 6.14094, 6.21908, 6.2937, 6.36484, 6.43261, 6.49714, 6.55857, 6.61705, 6.67271]","[0.09698, 0.0153, 0.03479, 0.01435, 0.09171, 0.12984, 0.29629, 0.20093, 0.1342, 0.1315, 0.07016, 0.06916, -0.00342, -0.08651, -0.05124, -0.01121, 0.0096, 0.14531, 0.2018, 0.15856, 0.21691, 0.28065, 0.36543, 0.33702, 0.41717, 0.33105, 0.32994, 0.3016, 0.29704, 0.2512, 0.2145, 0.17101, 0.36445, 0.45798, 0.39829, 0.37792, 0.41638, 0.31311, 0.23482, 0.25718, 0.37773, 0.35668, 0.4076, 0.52135, 0.48796, 0.51144, 0.61648, 0.57298, 0.61474, 0.54546, 0.51354, 0.50145, 0.47794, 0.56988, 0.6688, 0.64469, 0.54197, 0.42295, 0.4083, 0.41205, 0.3198, 0.29378, 0.43597, 0.512, 0.55781, 0.49993, 0.67656, 0.80551, 0.88758, 0.89924]"
GP,69377,70,1,10,1,217.543,0.08512,0.28901,1,0,0,0.33333,1,1,0,0,0.33333,1,0.17696,0.74969,1.07505,1.11747,1.21308,0.17696,0.58583,0.82156,0.89194,1.00757,2.05614,6.14812,10.60834,11.67475,13.49442,"[8.78348, 8.72869, 8.71915, 8.71809, 8.71835, 8.71847, 8.71813, 8.71731, 8.71599, 8.71419, 8.71192, 8.7092, 8.70603, 8.70243, 8.69841, 8.69398, 8.68915, 8.68394, 8.67834, 8.67239]","[-0.15357, -0.1411, -0.12864, -0.11617, -0.10371, -0.09124, -0.07878, -0.06631, -0.05385, -0.04138, -0.02892, -0.01645, -0.00399, 0.00848, 0.02094, 0.03341, 0.04587, 0.05834, 0.0708, 0.08327, 0.09573, 0.1082, 0.12066, 0.13313, 0.14559, 0.15806, 0.17052, 0.18299, 0.19545, 0.20792, 0.22038, 0.23285, 0.24531, 0.25778, 0.27024, 0.28271, 0.29517, 0.30764, 0.3201, 0.33257, 0.34503, 0.3575, 0.36996, 0.38243, 0.39489, 0.40736, 0.41982, 0.43229, 0.44475, 0.45722, 0.46968, 0.48214, 0.49461, 0.50707, 0.51954, 0.532, 0.54447, 0.55693, 0.5694, 0.58186, 0.59433, 0.60679, 0.61926, 0.63172, 0.64419, 0.65665, 0.66912, 0.68158, 0.69405, 0.70651]"
GP,97565,70,1,10,1,221.716,0.03483,0.25937,1,0,0,0.33333,1,1,0,0,0.33333,1,0.47088,1.51929,1.99354,2.1105,2.22742,0.47088,1.32518,1.82473,1.95515,2.04258,7.48067,17.28743,21.83413,22.85562,23.23635,"[5.82374, 5.86864, 5.9432, 6.03187, 6.1262, 6.22158, 6.31554, 6.40683, 6.49488, 6.57948, 6.66062, 6.73838, 6.81288, 6.88425, 6.95264, 7.01816, 7.08094, 7.14111, 7.19876, 7.25401]","[0.06211, 0.07042, 0.07872, 0.08703, 0.09534, 0.10364, 0.11195, 0.12026, 0.12856, 0.13687, 0.14518, 0.15348, 0.16179, 0.1701, 0.1784, 0.18671, 0.19502, 0.20332, 0.21163, 0.21994, 0.22824, 0.23655, 0.24486, 0.25316, 0.26147, 0.26978, 0.27809, 0.28639, 0.2947, 0.30301, 0.31131, 0.31962, 0.32793, 0.33623, 0.34454, 0.35285, 0.36115, 0.36946, 0.37777, 0.38608, 0.39438, 0.40269, 0.411, 0.4193, 0.42761, 0.43592, 0.44422, 0.45253, 0.46084, 0.46914, 0.47745, 0.48576, 0.49406, 0.50237, 0.51068, 0.51898, 0.52729, 0.5356, 0.5439, 0.55221, 0.56052, 0.56882, 0.57713, 0.58544, 0.59374, 0.60205, 0.61036, 0.61866, 0.62697, 0.63528]"
ARIMA,69377,70,1,10,1,18.547,,,,,,,,,,,,,0.53981,0.63788,1.26463,1.35296,1.49584,0.53981,0.5585,0.99221,1.10678,1.26825,6.27209,6.10198,13.06097,14.69404,17.14237,"[9.14633, 9.14633, 9.14633, 9.14633, 9.14633, 9.14633, 9.14633, 9.14633, 9.14633, 9.14633, 9.14633, 9.14633, 9.14633, 9.14633, 9.14633, 9.14633, 9.14633, 9.14633, 9.14633, 9.14633]",
RandomWalk,69377,70,1,10,1,1.14,,,,,,,,,,,,,0.53981,0.63788,1.26463,1.35296,1.49584,0.53981,0.5585,0.99221,1.10678,1.26825,6.27209,6.10198,13.06097,14.69404,17.14237,"[9.14633, 9.14633, 9.14633, 9.14633, 9.14633, 9.14633, 9.14633, 9.14633, 9.14633, 9.14633, 9.14633, 9.14633, 9.14633, 9.14633, 9.14633, 9.14633, 9.14633, 9.14633, 9.14633, 9.14633]",
LSTM,69377,70,1,10,1,43.833,,,,,,,,,,,,,1.34772,1.7091,1.65025,1.51656,1.3609,1.34772,1.51669,1.39184,1.22978,1.02699,15.65934,16.30466,15.77761,14.09744,11.86144,"[7.2588, 8.47973, 7.13169, 6.97972, 8.31168, 6.53127, 6.93497, 6.14805, 6.38834, 6.72288, 7.56428, 7.53882, 6.96961, 7.51946, 7.15911, 7.40343, 7.80537, 7.82147, 8.05178, 7.98738]",
ARIMA,97565,70,1,10,1,19.772,,,,,,,,,,,,,0.45574,1.67643,2.39745,2.60901,2.83485,0.45574,1.44503,2.16704,2.38384,2.59442,7.24014,18.7882,25.79479,27.69667,29.40413,"[5.83888, 5.83888, 5.83888, 5.83888, 5.83888, 5.83888, 5.83888, 5.83888, 5.83888, 5.83888, 5.83888, 5.83888, 5.83888, 5.83888, 5.83888, 5.83888, 5.83888, 5.83888, 5.83888, 5.83888]",
RandomWalk,97565,70,1,10,1,1.331,,,,,,,,,,,,,0.45574,1.67643,2.39745,2.60901,2.83485,0.45574,1.44503,2.16704,2.38384,2.59442,7.24014,18.7882,25.79479,27.69667,29.40413,"[5.83888, 5.83888, 5.83888, 5.83888, 5.83888, 5.83888, 5.83888, 5.83888, 5.83888, 5.83888, 5.83888, 5.83888, 5.83888, 5.83888, 5.83888, 5.83888, 5.83888, 5.83888, 5.83888, 5.83888]",
Alg_c,69377,70,1,10,1,0,0.28901,0.28901,1,0,0,0.33333,1,1,0,0,0.33333,1,,,,,,,,,,,,,,,,,"[0.08267, 0.0, 0.0, 0.0, 0.0, 0.0, 0.42044, 0.08604, 0.0, 0.0, 0.02464, 0.09163, 0.40967, 0.0, 0.78691, 0.0, 0.47494, 0.0, 0.59589, 0.50192, 0.0, 0.01635, 0.54176, 0.0, 0.0, 0.58916, 0.10361, 0.25158, 0.44483, 0.0, 0.79989, 0.18226, 0.0, 0.19627, 0.52926, 0.0, 0.45072, 0.17245, 0.0, 0.20552, 0.72443, 0.86065, 0.21271, 0.20376, 0.59014, 0.84607, 0.38479, 0.03225, 1.0072, 0.31317, 0.25875, 0.0, 0.32546, 0.48715, 0.2044, 0.46322, 0.44833, 0.0, 0.22424, 0.72816, 1.3577, 0.53614, 0.91165, 0.54937, 0.87376, 1.24491, 0.27056, 0.65448, 0.42902]"
Alg_c,97565,70,1,10,1,0,0.25937,0.25937,1,0,0,0.33333,1,1,0,0,0.33333,1,,,,,,,,,,,,,,,,,"[0.29121, 0.0, 0.10206, 0.0, 0.19546, 0.0, 0.85886, 0.14626, 0.00225, 0.24267, 0.0, 0.2134, 0.00371, 0.0, 0.0, 0.0, 0.0, 0.30057, 0.39326, 0.0, 0.17067, 0.25432, 0.58325, 0.18212, 0.74327, 0.14367, 0.36831, 0.26556, 0.37623, 0.2356, 0.19325, 0.0, 0.54608, 0.77377, 0.32061, 0.21806, 0.73427, 0.25888, 0.02481, 0.06182, 0.6551, 0.21856, 0.2567, 0.85402, 0.32962, 0.32468, 0.9622, 0.31256, 0.8904, 0.43793, 0.48216, 0.54847, 0.2375, 0.55453, 0.91416, 0.78849, 0.57622, 0.20392, 0.34708, 0.61465, 0.1959, 0.0, 0.60972, 0.54495, 0.84253, 0.0, 0.83337, 0.85806, 1.02847]"
UDE-NN,60590,70,1,10,1,106.508,0.05173,0.15578,1,0,0,0.33333,1,0.84615,0,0,0.28205,0.62051,0.01519,0.83895,1.46649,1.6867,1.91822,0.01519,0.67805,1.27886,1.48441,1.71594,0.32638,20.76084,44.24455,52.78457,60.92085,"[4.66831, 4.42373, 4.32491, 4.31046, 4.35101, 4.42948, 4.53441, 4.65728, 4.7914, 4.93142, 5.07315, 5.21342, 5.35003, 5.48155, 5.60722, 5.72677, 5.84022, 5.9478, 6.04984, 6.14671]","[0.07206, 0.06169, 0.06503, 0.07169, 0.10092, 0.11851, 0.16477, 0.15084, 0.17695, 0.21252, 0.22929, 0.23819, 0.13067, 0.13775, 0.16704, 0.14621, 0.10958, 0.15749, 0.16707, 0.15284, 0.15875, 0.20889, 0.23499, 0.26802, 0.24822, 0.27602, 0.3343, 0.36117, 0.35117, 0.31487, 0.28857, 0.31768, 0.31027, 0.27996, 0.29394, 0.3783, 0.43293, 0.43011, 0.40159, 0.40836, 0.37205, 0.43168, 0.40409, 0.38374, 0.38856, 0.41908, 0.51836, 0.4621, 0.49774, 0.5155, 0.52135, 0.47618, 0.54278, 0.52428, 0.52718, 0.58616, 0.59084, 0.58597, 0.60362, 0.65117, 0.66357, 0.70703, 0.71659, 0.67916, 0.67253, 0.69779, 0.6837, 0.64948, 0.684, 0.69298]"
GP,60590,70,1,10,1,220.042,0.02818,0.15578,1,0,0,0.33333,1,0.84615,0,0,0.28205,0.62051,0.01274,0.83262,1.45542,1.67419,1.90409,0.01274,0.672,1.26872,1.47296,1.70291,0.27386,20.58416,43.90027,52.38355,60.46333,"[4.66586, 4.41943, 4.31883, 4.30262, 4.34141, 4.41817, 4.52148, 4.64288, 4.77572, 4.91465, 5.05549, 5.19505, 5.33109, 5.46216, 5.58746, 5.70667, 5.81981, 5.92709, 6.02881, 6.12535]","[0.04668, 0.05608, 0.06548, 0.07489, 0.08429, 0.09369, 0.10309, 0.1125, 0.1219, 0.1313, 0.14071, 0.15011, 0.15951, 0.16892, 0.17832, 0.18772, 0.19713, 0.20653, 0.21593, 0.22534, 0.23474, 0.24414, 0.25355, 0.26295, 0.27236, 0.28176, 0.29116, 0.30057, 0.30997, 0.31937, 0.32878, 0.33818, 0.34758, 0.35699, 0.36639, 0.37579, 0.3852, 0.3946, 0.40401, 0.41341, 0.42281, 0.43222, 0.44162, 0.45102, 0.46043, 0.46983, 0.47923, 0.48864, 0.49804, 0.50745, 0.51685, 0.52625, 0.53566, 0.54506, 0.55446, 0.56387, 0.57327, 0.58267, 0.59208, 0.60148, 0.61088, 0.62029, 0.62969, 0.63909, 0.6485, 0.6579, 0.6673, 0.67671, 0.68611, 0.69551]"
ARIMA,60590,70,1,10,1,20.512,,,,,,,,,,,,,0.62952,1.64939,2.25045,2.43917,2.63778,0.62952,1.53357,2.12414,2.30684,2.50748,13.52908,44.72921,71.18763,79.72315,87.18433,"[5.28265, 5.25743, 5.25202, 5.26586, 5.29806, 5.34744, 5.41255, 5.4917, 5.58302, 5.68447, 5.7939, 5.90911, 6.02783, 6.14783, 6.26693, 6.38303, 6.49416, 6.59849, 6.6944, 6.78044]",
RandomWalk,60590,70,1,10,1,1.202,,,,,,,,,,,,,0.5817,1.61463,2.07317,2.17062,2.21827,0.5817,1.49719,1.97144,2.07682,2.14092,12.50135,43.71454,65.79618,71.3232,74.00337,"[5.23482, 5.23482, 5.23482, 5.23482, 5.23482, 5.23482, 5.23482, 5.23482, 5.23482, 5.23482, 5.23482, 5.23482, 5.23482, 5.23482, 5.23482, 5.23482, 5.23482, 5.23482, 5.23482, 5.23482]",
LSTM,60590,70,1,10,1,47.659,,,,,,,,,,,,,1.29478,2.47504,3.28926,3.38772,3.6959,1.29478,2.3798,3.13602,3.25365,3.5185,27.82597,68.23007,103.9722,110.97842,121.39746,"[5.9479, 6.09303, 6.23303, 6.17903, 6.13417, 6.14586, 6.1023, 7.78608, 6.67838, 6.69427, 6.54383, 6.40204, 6.8005, 6.48886, 8.95678, 7.5039, 8.86271, 7.19986, 6.64768, 6.97357]",
Alg_c,60590,70,1,10,1,0,0.15578,0.15578,1,0,0,0.33333,1,0.86275,0,0,0.28758,0.6545,,,,,,,,,,,,,,,,,"[0.11204, 0.03298, 0.06083, 0.02372, 0.1327, 0.04157, 0.30285, 0.06421, 0.16306, 0.25233, 0.21516, 0.51556, 0.0, 0.09421, 0.27387, 0.19711, 0.0, 0.2857, 0.21438, 0.12005, 0.03992, 0.30618, 0.17399, 0.42746, 0.11086, 0.20573, 0.40962, 0.41712, 0.40648, 0.30928, 0.11293, 0.43691, 0.37662, 0.19421, 0.1231, 0.47942, 0.54026, 0.48001, 0.29794, 0.55214, 0.11379, 0.65606, 0.3456, 0.33542, 0.34781, 0.26125, 0.87698, 0.20307, 0.56557, 0.51832, 0.67859, 0.15501, 0.8038, 0.44603, 0.38512, 0.72511, 0.5922, 0.53754, 0.53111, 0.75289, 0.56725, 0.77379, 0.82086, 0.60691, 0.59879, 0.78548, 0.75193, 0.45995, 0.75943]"
UDE-NN,22918,70,1,10,1,102.305,0.11021,0.21809,1,0,0,0.33333,1,1,0,0,0.33333,1,0.10536,0.60164,1.93952,2.54228,3.34824,0.10536,0.5102,1.56516,2.04141,2.73106,1.02915,5.06266,20.3583,30.65772,49.77347,"[10.34306, 10.4444, 10.39485, 10.34194, 10.29007, 10.2393, 10.1896, 10.14093, 10.09325, 10.04653, 10.00073, 9.95583, 9.91179, 9.86858, 9.82618, 9.78455, 9.74366, 9.7035, 9.66403, 9.62523]","[-0.17004, -0.06213, 0.08501, 0.06371, 0.13491, 0.19954, 0.1816, 0.12786, 0.05836, 0.14577, 0.06301, 0.15311, 0.15888, 0.13432, 0.15543, 0.10382, -0.05766, -0.06162, -0.07346, 0.02935, 0.17206, 0.21937, 0.31536, 0.2828, 0.14675, 0.16116, 0.1742, 0.20274, 0.26084, 0.35317, 0.4371, 0.47521, 0.39853, 0.37489, 0.49804, 0.43014, 0.38872, 0.41772, 0.41946, 0.3642, 0.41099, 0.43748, 0.41221, 0.4538, 0.38514, 0.33611, 0.32469, 0.31222, 0.24583, 0.31388, 0.36029, 0.4348, 0.53336, 0.52791, 0.55734, 0.52172, 0.55433, 0.64301, 0.65735, 0.7153, 0.72837, 0.68674, 0.75461, 0.81653, 0.9286, 0.88187, 0.74761, 0.71762, 0.71891, 0.73164]"
GP,22918,70,1,10,1,215.337,0.01888,0.21809,1,0,0,0.33333,1,1,0,0,0.33333,1,0.11487,0.6058,1.96054,2.56727,3.37908,0.11487,0.51427,1.58187,2.06198,2.75705,1.12203,5.11097,20.58098,30.96517,50.23872,"[10.35257, 10.45695, 10.40987, 10.35973, 10.31069, 10.26278, 10.21598, 10.17024, 10.12553, 10.08181, 10.03906, 9.99723, 9.9563, 9.91624, 9.87702, 9.8386, 9.80097, 9.76409, 9.72794, 9.6925]","[0.00417, 0.01457, 0.02498, 0.03538, 0.04579, 0.05619, 0.06659, 0.077, 0.0874, 0.09781, 0.10821, 0.11861, 0.12902, 0.13942, 0.14983, 0.16023, 0.17064, 0.18104, 0.19144, 0.20185, 0.21225, 0.22266, 0.23306, 0.24347, 0.25387, 0.26428, 0.27468, 0.28508, 0.29549, 0.30589, 0.3163, 0.3267, 0.33711, 0.34751, 0.35792, 0.36832, 0.37873, 0.38913, 0.39953, 0.40994, 0.42034, 0.43075, 0.44115, 0.45156, 0.46196, 0.47237, 0.48277, 0.49317, 0.50358, 0.51398, 0.52439, 0.53479, 0.5452, 0.5556, 0.56601, 0.57641, 0.58681, 0.59722, 0.60762, 0.61803, 0.62843, 0.63884, 0.64924, 0.65965, 0.67005, 0.68045, 0.69086, 0.70126, 0.71167, 0.72207]"
ARIMA,22918,70,1,10,1,18.498,,,,,,,,,,,,,1.28398,0.919,2.11644,2.69051,3.48551,1.28398,0.74166,1.77326,2.23463,2.91408,12.54173,7.5254,22.79934,33.05375,52.34587,"[11.52168, 11.23852, 11.00373, 10.80906, 10.64765, 10.51381, 10.40284, 10.31083, 10.23454, 10.17128, 10.11883, 10.07534, 10.03929, 10.00939, 9.9846, 9.96404, 9.947, 9.93287, 9.92115, 9.91144]",
RandomWalk,22918,70,1,10,1,1.169,,,,,,,,,,,,,1.6255,1.68998,3.32222,3.98772,4.89284,1.6255,1.56073,2.95106,3.51048,4.30518,15.87755,15.62042,37.18994,50.42868,74.74531,"[11.86319, 11.86319, 11.86319, 11.86319, 11.86319, 11.86319, 11.86319, 11.86319, 11.86319, 11.86319, 11.86319, 11.86319, 11.86319, 11.86319, 11.86319, 11.86319, 11.86319, 11.86319, 11.86319, 11.86319]",
LSTM,22918,70,1,10,1,44.58,,,,,,,,,,,,,0.50414,0.61086,1.65857,2.26859,2.8094,0.50414,0.56345,1.38283,1.83909,2.33657,4.92439,5.51743,17.72436,27.44939,41.78363,"[9.73355, 10.22219, 10.46478, 9.87589, 10.09386, 10.30723, 9.85947, 9.40098, 9.18861, 9.86379, 9.95526, 9.39665, 9.09803, 9.04618, 7.97289, 7.45005, 6.8001, 6.45742, 7.39642, 7.89821]",
Alg_c,22918,70,1,10,1,0,0.21809,0.21809,1,0,0,0.33333,1,1,0,0,0.33333,1,,,,,,,,,,,,,,,,,"[0.0, 0.0, 0.43316, 0.0, 0.16316, 0.36066, 0.23869, 0.1566, 0.0, 0.52386, 0.0, 0.29593, 0.21894, 0.0272, 0.29693, 0.30481, 0.0, 0.0, 0.0, 0.0, 0.35597, 0.13241, 0.5979, 0.54062, 0.0, 0.14759, 0.14327, 0.14285, 0.1915, 0.36709, 0.52628, 0.7224, 0.26024, 0.07924, 0.88601, 0.35813, 0.24323, 0.47701, 0.53019, 0.15557, 0.44484, 0.56654, 0.22045, 0.71279, 0.30767, 0.25895, 0.33149, 0.43717, 0.0, 0.34529, 0.30395, 0.38161, 0.7539, 0.42725, 0.71413, 0.37943, 0.43909, 0.82745, 0.53042, 0.80512, 0.87255, 0.42776, 0.78218, 0.73768, 1.24301, 1.049, 0.53831, 0.65925, 0.69448]"
UDE-NN,28020,70,1,10,1,98.662,0.09671,0.19512,1,0,0,0.33333,1,1,0,0,0.33333,1,0.11042,1.0977,1.77299,1.81639,1.70645,0.11042,0.93375,1.56423,1.63558,1.5389,1.03759,9.96335,18.64539,19.61929,18.2958,"[10.5314, 10.80275, 10.73744, 10.66728, 10.59876, 10.53176, 10.46623, 10.40213, 10.33941, 10.27801, 10.21789, 10.15901, 10.10133, 10.04479, 9.98936, 9.935, 9.88168, 9.82935, 9.77798, 9.72754]","[-0.14678, -0.17219, -0.06065, 0.00907, 0.12528, 0.09751, 0.06528, -0.01783, 0.07966, 0.08953, 0.12632, 0.19967, 0.14495, 0.13236, 0.20409, 0.13489, 0.16768, 0.21488, 0.20548, 0.19461, 0.21679, 0.18957, 0.21373, 0.32521, 0.3837, 0.397, 0.40172, 0.39338, 0.38954, 0.40316, 0.34362, 0.34546, 0.36398, 0.30941, 0.30467, 0.39762, 0.31482, 0.37572, 0.38838, 0.47605, 0.48754, 0.4544, 0.50516, 0.59854, 0.62956, 0.67657, 0.66155, 0.64428, 0.56538, 0.46347, 0.42113, 0.37578, 0.43196, 0.50792, 0.55142, 0.63317, 0.71708, 0.67217, 0.73993, 0.70684, 0.66651, 0.62257, 0.62126, 0.69183, 0.6795, 0.73599, 0.76892, 0.83497, 0.84337, 0.85786]"
GP,28020,70,1,10,1,205.727,0.06093,0.19512,1,0,0,0.33333,1,1,0,0,0.33333,1,0.05446,1.15006,1.83779,1.88547,1.77876,0.05446,0.97313,1.6226,1.69918,1.60956,0.51177,10.3893,19.33416,20.37581,19.12356,"[10.58736, 10.86399, 10.79805, 10.73114, 10.66591, 10.60226, 10.54012, 10.47946, 10.42022, 10.36235, 10.3058, 10.25054, 10.19652, 10.14369, 10.09203, 10.04148, 9.99201, 9.94358, 9.89616, 9.84971]","[-0.01034, 0.00143, 0.0132, 0.02496, 0.03673, 0.0485, 0.06026, 0.07203, 0.08379, 0.09556, 0.10733, 0.11909, 0.13086, 0.14263, 0.15439, 0.16616, 0.17793, 0.18969, 0.20146, 0.21323, 0.22499, 0.23676, 0.24853, 0.26029, 0.27206, 0.28383, 0.29559, 0.30736, 0.31913, 0.33089, 0.34266, 0.35443, 0.36619, 0.37796, 0.38973, 0.40149, 0.41326, 0.42503, 0.43679, 0.44856, 0.46033, 0.47209, 0.48386, 0.49563, 0.50739, 0.51916, 0.53093, 0.54269, 0.55446, 0.56622, 0.57799, 0.58976, 0.60152, 0.61329, 0.62506, 0.63682, 0.64859, 0.66036, 0.67212, 0.68389, 0.69566, 0.70742, 0.71919, 0.73096, 0.74272, 0.75449, 0.76625, 0.77802, 0.78979, 0.80155]"
ARIMA,28020,70,1,10,1,17.906,,,,,,,,,,,,,2.0552,2.98896,3.83772,3.95828,3.92911,2.0552,2.92087,3.7056,3.8385,3.83203,19.31244,30.40857,42.96171,44.99299,44.56552,"[12.69702, 12.69978, 12.69894, 12.6992, 12.69912, 12.69914, 12.69913, 12.69914, 12.69914, 12.69914, 12.69914, 12.69914, 12.69914, 12.69914, 12.69914, 12.69914, 12.69914, 12.69914, 12.69914, 12.69914]",
RandomWalk,28020,70,1,10,1,1.14,,,,,,,,,,,,,2.06429,2.996,3.84455,3.96512,3.93598,2.06429,2.92818,3.71274,3.84562,3.83912,19.39793,30.48332,43.04182,45.07396,44.64601,"[12.70612, 12.70612, 12.70612, 12.70612, 12.70612, 12.70612, 12.70612, 12.70612, 12.70612, 12.70612, 12.70612, 12.70612, 12.70612, 12.70612, 12.70612, 12.70612, 12.70612, 12.70612, 12.70612, 12.70612]",
LSTM,28020,70,1,10,1,49.503,,,,,,,,,,,,,0.66684,2.86285,3.52515,3.65361,3.64028,0.66684,2.64079,3.34313,3.49131,3.50924,6.2662,27.7861,38.89947,41.05037,40.90557,"[11.30866, 12.62112, 12.78508, 12.80884, 12.56995, 12.41824, 12.2525, 12.16181, 12.17933, 12.25945, 12.34736, 12.50935, 12.52721, 12.48832, 12.40631, 12.33959, 12.29275, 12.28537, 12.31426, 12.36764]",
Alg_c,28020,70,1,10,1,0,0.19512,0.19512,1,0,0,0.33333,1,1,0,0,0.33333,1,,,,,,,,,,,,,,,,,"[0.0, 0.0, 0.0, 0.0, 0.42381, 0.07331, 0.16148, 0.0, 0.24654, 0.02023, 0.02941, 0.48852, 0.03174, 0.0, 0.58671, 0.0, 0.15117, 0.34596, 0.19665, 0.09599, 0.36367, 0.08523, 0.01568, 0.46066, 0.45949, 0.39147, 0.43007, 0.38063, 0.34912, 0.56131, 0.20909, 0.30876, 0.50935, 0.22495, 0.10537, 0.77538, 0.00104, 0.45043, 0.22947, 0.62911, 0.56988, 0.2831, 0.45117, 0.71757, 0.62157, 0.80394, 0.70902, 0.78299, 0.65124, 0.34137, 0.38993, 0.16634, 0.38772, 0.56646, 0.47928, 0.67003, 0.9727, 0.49659, 0.91864, 0.74239, 0.64115, 0.49747, 0.49665, 0.81746, 0.56723, 0.76813, 0.69716, 0.95388, 0.84286]"
UDE-NN,49858,70,1,10,1,97.936,0.13088,0.30034,1,0,0,0.33333,1,1,0,0,0.33333,1,0.12665,1.91741,1.96983,2.00691,1.81682,0.12665,1.6091,1.76013,1.74691,1.50925,0.83557,9.69035,10.9043,10.84243,9.55982,"[15.2838, 14.51326, 14.59076, 14.29741, 14.16382, 13.97372, 13.81178, 13.64632, 13.48834, 13.33393, 13.18413, 13.03845, 12.89683, 12.75913, 12.62521, 12.49495, 12.36821, 12.2449, 12.12488, 12.00805]","[-0.14961, -0.16561, -0.19958, -0.19297, -0.20937, -0.16019, -0.08744, -0.07127, 0.10518, 0.06649, 0.25834, 0.16661, 0.11811, 0.19285, 0.0991, 0.05557, 0.14807, 0.20351, 0.13616, 0.1531, 0.21452, 0.26639, 0.30114, 0.26687, 0.34306, 0.30449, 0.25406, 0.15213, 0.27951, 0.2966, 0.17947, 0.26292, 0.42052, 0.49741, 0.39136, 0.43182, 0.44365, 0.4864, 0.5595, 0.59076, 0.56618, 0.42917, 0.5669, 0.57524, 0.41567, 0.24783, 0.32322, 0.2808, 0.23747, 0.38287, 0.56731, 0.61045, 0.72575, 0.62505, 0.6411, 0.64344, 0.72692, 0.84364, 0.63882, 0.66783, 0.53604, 0.52178, 0.50472, 0.52243, 0.39644, 0.34632, 0.52801, 0.64618, 0.76679, 0.78002]"
GP,49858,70,1,10,1,209.382,0.01672,0.30034,1,0,0,0.33333,1,1,0,0,0.33333,1,0.19308,1.87363,1.91601,1.95207,1.76887,0.19308,1.58148,1.71249,1.69389,1.4614,1.27386,9.52952,10.60553,10.50241,9.25242,"[15.35023, 14.54755, 14.65026, 14.34817, 14.2238, 14.03401, 13.87658, 13.71391, 13.5595, 13.40846, 13.26219, 13.12007, 12.9821, 12.84809, 12.71794, 12.5915, 12.46867, 12.34931, 12.23332, 12.12058]","[0.01139, 0.02156, 0.03173, 0.04191, 0.05208, 0.06225, 0.07242, 0.08259, 0.09276, 0.10294, 0.11311, 0.12328, 0.13345, 0.14362, 0.1538, 0.16397, 0.17414, 0.18431, 0.19448, 0.20466, 0.21483, 0.225, 0.23517, 0.24534, 0.25552, 0.26569, 0.27586, 0.28603, 0.2962, 0.30638, 0.31655, 0.32672, 0.33689, 0.34706, 0.35724, 0.36741, 0.37758, 0.38775, 0.39792, 0.4081, 0.41827, 0.42844, 0.43861, 0.44878, 0.45896, 0.46913, 0.4793, 0.48947, 0.49964, 0.50982, 0.51999, 0.53016, 0.54033, 0.5505, 0.56068, 0.57085, 0.58102, 0.59119, 0.60136, 0.61153, 0.62171, 0.63188, 0.64205, 0.65222, 0.66239, 0.67256, 0.68274, 0.69291, 0.70308, 0.71325]"
ARIMA,49858,70,1,10,1,18.551,,,,,,,,,,,,,1.38362,2.3837,2.12669,2.06584,1.94186,1.38362,2.2526,1.95775,1.87765,1.72485,9.12849,13.76651,12.12102,11.68025,11.16119,"[13.77353, 13.98908, 13.81676, 13.95452, 13.84439, 13.93243, 13.86205, 13.91832, 13.87334, 13.90929, 13.88055, 13.90353, 13.88516, 13.89984, 13.8881, 13.89749, 13.88999, 13.89598, 13.89119, 13.89502]",
RandomWalk,49858,70,1,10,1,1.077,,,,,,,,,,,,,1.11399,2.22568,1.98035,1.92864,1.84518,1.11399,2.08509,1.80196,1.74591,1.64989,7.34959,12.72436,11.13729,10.86445,10.74746,"[14.04316, 14.04316, 14.04316, 14.04316, 14.04316, 14.04316, 14.04316, 14.04316, 14.04316, 14.04316, 14.04316, 14.04316, 14.04316, 14.04316, 14.04316, 14.04316, 14.04316, 14.04316, 14.04316, 14.04316]",
LSTM,49858,70,1,10,1,42.666,,,,,,,,,,,,,4.72873,3.91761,3.80046,3.80888,3.53699,4.72873,3.38004,3.45133,3.4926,3.21011,31.19802,20.81798,21.64107,22.12263,20.93088,"[10.42842, 15.13169, 11.389, 14.795, 11.99695, 13.32648, 11.64758, 12.33664, 11.78308, 11.10306, 11.48857, 10.69762, 10.90188, 11.07832, 10.11144, 9.90104, 9.45108, 9.24977, 9.40454, 10.3653]",
Alg_c,49858,70,1,10,1,0,0.30034,0.30034,1,0,0,0.33333,1,1,0,0,0.33333,1,,,,,,,,,,,,,,,,,"[0.0, 0.0, 0.0, 0.0, 0.0, 0.0, 0.03063, 0.0, 0.56112, 0.0, 0.85812, 0.05425, 0.0, 0.53306, 0.0, 0.0, 0.23599, 0.46525, 0.0, 0.04865, 0.22802, 0.31052, 0.4522, 0.05355, 0.56151, 0.32655, 0.41036, 0.0, 0.47545, 0.56128, 0.0, 0.07782, 0.57637, 0.87924, 0.08669, 0.45308, 0.37999, 0.42672, 0.65848, 0.74613, 0.73683, 0.0, 0.71317, 0.89802, 0.47222, 0.0, 0.51699, 0.18171, 0.0, 0.3687, 0.84547, 0.56393, 1.14402, 0.40797, 0.66695, 0.4815, 0.63792, 1.53443, 0.11241, 0.97579, 0.29443, 0.51343, 0.47766, 0.80117, 0.20936, 0.0, 0.62145, 0.65007, 0.98479]"
UDE-NN,51568,70,1,10,1,100.146,0.07584,0.15588,1,0,0,0.33333,1,0,0,0,0,0,0.03598,0.72601,0.96826,0.90366,1.05059,0.03598,0.6451,0.83117,0.76637,0.91105,0.31998,5.35946,6.84045,6.35835,7.5455,"[11.28084, 11.33611, 11.2553, 11.18829, 11.12216, 11.05796, 10.99555, 10.93487, 10.87587, 10.8185, 10.76269, 10.70841, 10.65559, 10.6042, 10.55418, 10.50549, 10.45809, 10.41193, 10.36698, 10.32319]","[0.08026, 0.00739, -0.10837, -0.1109, -0.05737, 0.04136, 0.0396, 0.08346, 0.1749, 0.21977, 0.2267, 0.20841, 0.21444, 0.17607, 0.1982, 0.2235, 0.21909, 0.18336, 0.18, 0.09099, 0.07598, 0.10654, 0.13107, 0.20885, 0.13919, 0.15441, 0.22047, 0.23179, 0.20674, 0.27753, 0.32236, 0.30323, 0.29621, 0.34109, 0.33703, 0.35209, 0.33203, 0.30903, 0.31744, 0.35475, 0.40636, 0.42387, 0.41623, 0.3735, 0.34136, 0.35567, 0.3673, 0.34071, 0.34212, 0.42436, 0.50369, 0.56524, 0.56061, 0.58677, 0.59707, 0.54109, 0.53642, 0.56053, 0.58155, 0.64403, 0.58833, 0.62797, 0.6895, 0.68237, 0.62674, 0.53054, 0.49251, 0.5167, 0.56266, 0.56972]"
GP,51568,70,1,10,1,222.064,0.02646,0.15588,1,0,0,0.33333,1,0,0,0,0,0,0.03608,0.78939,1.03669,0.97262,1.12599,0.03608,0.70273,0.9015,0.84033,0.98995,0.32082,5.83903,7.42784,6.98511,8.21025,"[11.20878, 11.26683, 11.18498, 11.11527, 11.0467, 10.98, 10.91508, 10.85186, 10.7903, 10.73035, 10.67194, 10.61503, 10.55956, 10.5055, 10.45279, 10.40139, 10.35126, 10.30235, 10.25463, 10.20806]","[0.00924, 0.01842, 0.02759, 0.03677, 0.04594, 0.05511, 0.06429, 0.07346, 0.08264, 0.09181, 0.10098, 0.11016, 0.11933, 0.12851, 0.13768, 0.14685, 0.15603, 0.1652, 0.17438, 0.18355, 0.19273, 0.2019, 0.21107, 0.22025, 0.22942, 0.2386, 0.24777, 0.25695, 0.26612, 0.27529, 0.28447, 0.29364, 0.30282, 0.31199, 0.32117, 0.33034, 0.33952, 0.34869, 0.35786, 0.36704, 0.37621, 0.38539, 0.39456, 0.40374, 0.41291, 0.42209, 0.43126, 0.44043, 0.44961, 0.45878, 0.46796, 0.47713, 0.48631, 0.49548, 0.50465, 0.51383, 0.523, 0.53218, 0.54135, 0.55053, 0.5597, 0.56887, 0.57805, 0.58722, 0.59639, 0.60557, 0.61474, 0.62392, 0.63309, 0.64226]"
ARIMA,51568,70,1,10,1,18.472,,,,,,,,,,,,,0.57094,1.20788,2.61457,2.95154,3.82594,0.57094,1.10375,2.2162,2.55361,3.2812,5.07738,9.25054,18.41278,21.66306,27.57518,"[11.8158, 11.43767, 11.02244, 10.57661, 10.10686, 9.62001, 9.12285, 8.62214, 8.12446, 7.63614, 7.16323, 6.71138, 6.28578, 5.89115, 5.53165, 5.21087, 4.93179, 4.69675, 4.50747, 4.36499]",
RandomWalk,51568,70,1,10,1,1.139,,,,,,,,,,,,,0.90578,0.44311,0.49776,0.60484,0.55066,0.90578,0.3083,0.35501,0.45796,0.40531,8.05508,2.67877,3.07393,4.01338,3.53463,"[12.15064, 12.15064, 12.15064, 12.15064, 12.15064, 12.15064, 12.15064, 12.15064, 12.15064, 12.15064, 12.15064, 12.15064, 12.15064, 12.15064, 12.15064, 12.15064, 12.15064, 12.15064, 12.15064, 12.15064]",
LSTM,51568,70,1,10,1,46.051,,,,,,,,,,,,,2.02078,3.12951,3.73641,3.85366,4.45205,2.02078,3.07672,3.63704,3.76172,4.2693,17.97067,25.82062,30.37788,31.85019,35.9048,"[9.22408, 9.02229, 8.79085, 8.5564, 8.35899, 8.16556, 7.97478, 7.78086, 7.56313, 7.29776, 6.95959, 6.62608, 6.22809, 5.7762, 5.3801, 5.1943, 5.31156, 5.58908, 5.82861, 5.97799]",
Alg_c,51568,70,1,10,1,0,0.15588,0.15588,1,0,0,0.33333,1,0,0,0,0,0,,,,,,,,,,,,,,,,,"[0.24078, 0.09745, 0.0, 0.0, 0.0, 0.2598, 0.0, 0.0, 0.27327, 0.27796, 0.27419, 0.1401, 0.33405, 0.02987, 0.19907, 0.27633, 0.29718, 0.03751, 0.4527, 0.0, 0.00268, 0.15366, 0.0, 0.57721, 0.0, 0.05426, 0.34546, 0.32354, 0.0, 0.35408, 0.45376, 0.27956, 0.17484, 0.46075, 0.2786, 0.43816, 0.33778, 0.24925, 0.27187, 0.31538, 0.48025, 0.44685, 0.4918, 0.35916, 0.23137, 0.36596, 0.47572, 0.28962, 0.15732, 0.47095, 0.50464, 0.74045, 0.43911, 0.61191, 0.76364, 0.39649, 0.49235, 0.57741, 0.49911, 0.84861, 0.41793, 0.56464, 0.83305, 0.79606, 0.70818, 0.41858, 0.36432, 0.46748, 0.6405]"
UDE-NN,77471,70,1,10,1,99.189,0.05798,0.15266,1,0,0,0.33333,1,1,0,0,0.33333,1,0.02599,0.71475,1.51659,2.15606,2.73675,0.02599,0.54177,1.08682,1.58015,2.13131,0.30177,5.74287,16.74414,29.04683,44.0721,"[8.58576, 8.50911, 8.49675, 8.49835, 8.50274, 8.5073, 8.51139, 8.51489, 8.51778, 8.52005, 8.52174, 8.52286, 8.52341, 8.52343, 8.52292, 8.5219, 8.52038, 8.51837, 8.5159, 8.51297]","[-0.05214, -0.03001, -0.03566, 0.03026, 0.10698, 0.11858, 0.10592, 0.13727, 0.09139, 0.11449, 0.1176, 0.158, 0.15704, 0.15326, 0.14329, 0.09837, 0.15179, 0.20651, 0.20744, 0.23048, 0.2483, 0.23167, 0.20906, 0.2192, 0.2074, 0.19529, 0.22321, 0.24315, 0.2111, 0.25415, 0.35263, 0.34908, 0.40064, 0.40627, 0.37869, 0.39795, 0.45492, 0.44167, 0.47439, 0.4468, 0.40862, 0.35829, 0.39835, 0.46304, 0.38941, 0.39656, 0.36739, 0.39106, 0.46149, 0.54064, 0.59421, 0.63239, 0.68231, 0.63412, 0.61178, 0.55064, 0.52233, 0.54428, 0.62442, 0.64217, 0.54304, 0.51726, 0.56778, 0.56882, 0.58321, 0.6555, 0.69734, 0.72044, 0.76382, 0.77575]"
GP,77471,70,1,10,1,212.463,0.02135,0.15266,1,0,0,0.33333,1,1,0,0,0.33333,1,0.03685,0.64963,1.55245,2.21114,2.80814,0.03685,0.49209,1.09288,1.60334,2.17298,0.42792,5.21628,17.01052,29.67449,45.1288,"[8.6486, 8.58731, 8.58143, 8.5868, 8.59415, 8.60142, 8.60818, 8.61434, 8.61988, 8.62484, 8.62921, 8.63303, 8.63631, 8.63905, 8.64129, 8.64303, 8.64429, 8.64509, 8.64543, 8.64534]","[0.02228, 0.03228, 0.04227, 0.05227, 0.06227, 0.07227, 0.08227, 0.09226, 0.10226, 0.11226, 0.12226, 0.13226, 0.14225, 0.15225, 0.16225, 0.17225, 0.18225, 0.19224, 0.20224, 0.21224, 0.22224, 0.23224, 0.24223, 0.25223, 0.26223, 0.27223, 0.28223, 0.29223, 0.30222, 0.31222, 0.32222, 0.33222, 0.34222, 0.35222, 0.36221, 0.37221, 0.38221, 0.39221, 0.40221, 0.4122, 0.4222, 0.4322, 0.4422, 0.4522, 0.4622, 0.47219, 0.48219, 0.49219, 0.50219, 0.51219, 0.52218, 0.53218, 0.54218, 0.55218, 0.56218, 0.57218, 0.58217, 0.59217, 0.60217, 0.61217, 0.62216, 0.63216, 0.64216, 0.65216, 0.66216, 0.67215, 0.68215, 0.69215, 0.70215, 0.71214]"
ARIMA,77471,70,1,10,1,17.904,,,,,,,,,,,,,0.45865,0.44595,1.76063,2.47072,3.10859,0.45865,0.38331,1.19556,1.76211,2.3863,5.32588,4.23498,19.08362,33.03892,49.88718,"[9.0704, 9.0704, 9.0704, 9.0704, 9.0704, 9.0704, 9.0704, 9.0704, 9.0704, 9.0704, 9.0704, 9.0704, 9.0704, 9.0704, 9.0704, 9.0704, 9.0704, 9.0704, 9.0704, 9.0704]",
RandomWalk,77471,70,1,10,1,1.638,,,,,,,,,,,,,0.45865,0.44595,1.76063,2.47072,3.10859,0.45865,0.38331,1.19556,1.76211,2.3863,5.32588,4.23498,19.08362,33.03892,49.88718,"[9.0704, 9.0704, 9.0704, 9.0704, 9.0704, 9.0704, 9.0704, 9.0704, 9.0704, 9.0704, 9.0704, 9.0704, 9.0704, 9.0704, 9.0704, 9.0704, 9.0704, 9.0704, 9.0704, 9.0704]",
LSTM,77471,70,1,10,1,44.954,,,,,,,,,,,,,1.62149,1.14942,2.37093,3.13549,3.81998,1.62149,1.01252,1.90254,2.51147,3.16821,18.82885,11.49365,28.59628,44.54673,63.46177,"[10.23324, 10.14584, 10.09321, 9.99695, 9.89488, 9.83218, 9.79878, 9.80035, 9.84915, 9.99536, 10.04579, 10.01736, 9.9929, 9.97584, 9.97884, 10.00171, 10.03467, 10.06723, 10.09503, 10.11221]",
Alg_c,77471,70,1,10,1,0,0.15266,0.15266,1,0,0,0.33333,1,1,0,0,0.33333,1,,,,,,,,,,,,,,,,,"[0.0, 0.03841, 0.0, 0.01153, 0.24093, 0.16053, 0.0, 0.31947, 0.0, 0.17619, 0.01205, 0.26265, 0.14659, 0.15145, 0.2546, 0.0, 0.17199, 0.3206, 0.15845, 0.23966, 0.31711, 0.233, 0.13775, 0.27088, 0.20091, 0.11363, 0.22735, 0.36395, 0.04739, 0.11095, 0.61439, 0.16818, 0.49902, 0.48076, 0.28186, 0.3033, 0.64945, 0.28561, 0.61816, 0.44472, 0.46747, 0.16421, 0.33413, 0.81233, 0.14975, 0.47671, 0.26183, 0.2984, 0.44134, 0.59339, 0.62554, 0.60123, 0.88759, 0.55744, 0.69609, 0.48911, 0.42786, 0.42378, 0.73907, 0.87602, 0.37023, 0.34499, 0.65907, 0.55069, 0.46391, 0.71855, 0.73238, 0.67479, 0.8321]"
UDE-NN,46189,70,1,10,1,104.515,0.12683,0.21584,1,0,0,0.33333,1,0.90909,0,0,0.30303,0.75758,0.62129,0.67554,1.51226,1.91108,2.05823,0.62129,0.58238,1.21593,1.55194,1.74546,5.32964,5.00307,13.55542,18.68426,21.41883,"[11.03601, 11.08501, 11.01427, 10.95262, 10.89211, 10.8332, 10.77579, 10.71986, 10.66533, 10.61218, 10.56035, 10.50979, 10.46048, 10.41236, 10.3654, 10.31955, 10.27479, 10.23107, 10.18836, 10.14663]","[-0.1203, -0.09286, -0.16457, -0.17223, -0.15604, -0.0971, -0.01508, 0.02581, 0.1326, 0.11814, 0.015, 0.03639, 0.06605, 0.20454, 0.27373, 0.21119, 0.11117, 0.04907, 0.08874, 0.21848, 0.18963, 0.19135, 0.35249, 0.33316, 0.15178, 0.0888, 0.06174, 0.08206, 0.1149, 0.11571, 0.18939, 0.17297, 0.06745, 0.12765, 0.14913, 0.14577, 0.06796, 0.10204, 0.13813, 0.12956, 0.1997, 0.28613, 0.35929, 0.41305, 0.48394, 0.49183, 0.5184, 0.5496, 0.50564, 0.35467, 0.40867, 0.53197, 0.49549, 0.43676, 0.44009, 0.51919, 0.56358, 0.53298, 0.55699, 0.50273, 0.51025, 0.58682, 0.58125, 0.59015, 0.60259, 0.67371, 0.66496, 0.63927, 0.53852, 0.54817]"
GP,46189,70,1,10,1,219.537,0.05965,0.21584,1,0,0,0.33333,1,0.90909,0,0,0.30303,0.75758,0.68356,0.71368,1.48544,1.87679,2.01833,0.68356,0.61839,1.2046,1.53268,1.71825,5.86375,5.30398,13.37146,18.39646,21.03857,"[10.97375, 11.02586, 10.95621, 10.8943, 10.8337, 10.77469, 10.7172, 10.66118, 10.60658, 10.55335, 10.50146, 10.45085, 10.40149, 10.35333, 10.30633, 10.26046, 10.21567, 10.17193, 10.12921, 10.08748]","[-0.03544, -0.02608, -0.01671, -0.00734, 0.00202, 0.01139, 0.02076, 0.03012, 0.03949, 0.04886, 0.05823, 0.06759, 0.07696, 0.08633, 0.09569, 0.10506, 0.11443, 0.12379, 0.13316, 0.14253, 0.15189, 0.16126, 0.17063, 0.17999, 0.18936, 0.19873, 0.2081, 0.21746, 0.22683, 0.2362, 0.24556, 0.25493, 0.2643, 0.27367, 0.28303, 0.2924, 0.30177, 0.31113, 0.3205, 0.32987, 0.33924, 0.3486, 0.35797, 0.36734, 0.3767, 0.38607, 0.39544, 0.4048, 0.41417, 0.42354, 0.43291, 0.44227, 0.45164, 0.46101, 0.47037, 0.47974, 0.48911, 0.49847, 0.50784, 0.51721, 0.52658, 0.53594, 0.54531, 0.55468, 0.56404, 0.57341, 0.58278, 0.59214, 0.60151, 0.61088]"
ARIMA,46189,70,1,10,1,19.396,,,,,,,,,,,,,0.13036,0.55478,1.47288,1.91262,2.1335,0.13036,0.38913,1.10633,1.47675,1.74573,1.11827,3.41443,12.61626,18.1209,21.72642,"[11.78766, 11.59733, 11.38719, 11.18185, 10.99877, 10.84863, 10.7362, 10.66148, 10.62103, 10.60923, 10.61934, 10.64448, 10.67826, 10.71523, 10.75115, 10.78301, 10.80902, 10.82838, 10.84113, 10.84791]",
RandomWalk,46189,70,1,10,1,1.245,,,,,,,,,,,,,0.26955,0.74772,2.31442,2.83391,3.11718,0.26955,0.59567,1.82537,2.29177,2.64014,2.31228,5.41829,20.67733,27.79565,32.55086,"[11.92685, 11.92685, 11.92685, 11.92685, 11.92685, 11.92685, 11.92685, 11.92685, 11.92685, 11.92685, 11.92685, 11.92685, 11.92685, 11.92685, 11.92685, 11.92685, 11.92685, 11.92685, 11.92685, 11.92685]",
LSTM,46189,70,1,10,1,47.71,,,,,,,,,,,,,0.36557,0.61656,1.59403,1.84978,1.91184,0.36557,0.51565,1.30906,1.55543,1.66693,3.13598,4.65854,14.62465,18.56262,20.27007,"[11.29173, 11.79185, 11.68841, 11.8066, 11.68392, 11.11959, 11.48948, 11.30372, 10.58659, 10.37194, 10.17225, 10.0084, 9.92745, 9.92171, 10.16921, 9.94771, 9.78651, 8.36757, 8.609, 9.12573]",
Alg_c,46189,70,1,10,1,0,0.21584,0.21584,1,0,0,0.33333,1,0.92308,0,0,0.30769,0.79121,,,,,,,,,,,,,,,,,"[0.0, 0.09968, 0.0, 0.0, 0.0, 0.0, 0.05901, 0.0, 0.3597, 0.26821, 0.0, 0.0, 0.0, 0.32659, 0.55995, 0.30642, 0.02166, 0.0, 0.0, 0.55045, 0.13503, 0.0, 0.72243, 0.67036, 0.0, 0.0, 0.0, 0.05351, 0.16198, 0.0, 0.37861, 0.32567, 0.0, 0.17543, 0.20748, 0.29526, 0.0, 0.09126, 0.22094, 0.0, 0.16418, 0.31762, 0.40885, 0.34969, 0.62682, 0.43707, 0.49104, 0.71135, 0.7385, 0.0, 0.198, 0.85424, 0.57244, 0.29626, 0.27157, 0.58043, 0.71962, 0.40212, 0.73423, 0.36764, 0.37846, 0.74489, 0.57001, 0.57958, 0.4705, 0.84556, 0.68786, 0.79121, 0.3137]"
UDE-NN,26058,70,1,10,1,102.886,0.07548,0.16231,1,0,0,0.33333,1,1,0,0,0.33333,1,0.25361,0.72534,0.89353,0.81664,0.8871,0.25361,0.6033,0.77591,0.65922,0.71461,2.85018,6.18669,7.66218,6.52376,7.61769,"[9.15171, 9.29808, 9.312, 9.30479, 9.29464, 9.28411, 9.27355, 9.26301, 9.25249, 9.24201, 9.23154, 9.2211, 9.21068, 9.20027, 9.18989, 9.17952, 9.16917, 9.15884, 9.14851, 9.1382]","[0.13475, 0.12148, 0.10783, 0.10266, 0.05335, 0.06348, -0.00211, -0.08402, -0.01971, -0.00866, 0.00816, 0.10205, 0.14741, 0.24971, 0.20498, 0.23773, 0.25436, 0.23354, 0.27349, 0.26577, 0.25526, 0.32205, 0.28807, 0.23765, 0.22414, 0.24293, 0.27076, 0.26403, 0.30459, 0.30905, 0.31324, 0.29327, 0.31698, 0.37082, 0.46543, 0.5323, 0.49787, 0.53893, 0.47946, 0.41248, 0.45164, 0.48213, 0.52623, 0.48595, 0.46444, 0.46394, 0.48725, 0.4774, 0.53892, 0.57516, 0.5813, 0.56102, 0.60792, 0.61602, 0.67003, 0.62049, 0.62532, 0.60981, 0.58047, 0.61517, 0.57295, 0.63746, 0.65557, 0.72702, 0.72498, 0.71283, 0.63353, 0.58461, 0.66658, 0.67433]"
GP,26058,70,1,10,1,216.686,0.05677,0.16231,1,0,0,0.33333,1,1,0,0,0.33333,1,0.22172,0.73984,0.92405,0.84397,0.89607,0.22172,0.5979,0.79648,0.67402,0.71542,2.49173,6.10087,7.84776,6.65242,7.58621,"[9.11982, 9.25942, 9.27214, 9.26377, 9.25229, 9.24038, 9.22842, 9.21647, 9.20455, 9.19264, 9.18075, 9.16887, 9.15701, 9.14516, 9.13332, 9.12149, 9.10967, 9.09786, 9.08605, 9.07425]","[0.08979, 0.09873, 0.10767, 0.11661, 0.12555, 0.13449, 0.14343, 0.15237, 0.16131, 0.17025, 0.17919, 0.18813, 0.19707, 0.20601, 0.21495, 0.22389, 0.23283, 0.24177, 0.25071, 0.25965, 0.26859, 0.27753, 0.28647, 0.29541, 0.30436, 0.3133, 0.32224, 0.33118, 0.34012, 0.34906, 0.358, 0.36694, 0.37588, 0.38482, 0.39376, 0.4027, 0.41164, 0.42058, 0.42952, 0.43846, 0.4474, 0.45634, 0.46528, 0.47422, 0.48316, 0.4921, 0.50104, 0.50998, 0.51892, 0.52786, 0.5368, 0.54574, 0.55469, 0.56363, 0.57257, 0.58151, 0.59045, 0.59939, 0.60833, 0.61727, 0.62621, 0.63515, 0.64409, 0.65303, 0.66197, 0.67091, 0.67985, 0.68878, 0.69772, 0.70666]"
ARIMA,26058,70,1,10,1,18.727,,,,,,,,,,,,,0.22387,0.81305,0.93379,0.85784,0.96927,0.22387,0.64701,0.79307,0.69944,0.79104,2.5159,6.48208,7.75692,6.8859,8.44968,"[8.67424, 8.81896, 8.93786, 9.03555, 9.11581, 9.18175, 9.23593, 9.28044, 9.31701, 9.34706, 9.37175, 9.39203, 9.40869, 9.42238, 9.43363, 9.44287, 9.45047, 9.4567, 9.46183, 9.46604]",
RandomWalk,26058,70,1,10,1,1.172,,,,,,,,,,,,,0.40001,1.21926,1.51649,1.40994,1.29675,0.40001,0.98793,1.3507,1.23433,1.09815,4.49547,9.9102,13.27421,12.24972,11.20209,"[8.49809, 8.49809, 8.49809, 8.49809, 8.49809, 8.49809, 8.49809, 8.49809, 8.49809, 8.49809, 8.49809, 8.49809, 8.49809, 8.49809, 8.49809, 8.49809, 8.49809, 8.49809, 8.49809, 8.49809]",
LSTM,26058,70,1,10,1,45.363,,,,,,,,,,,,,1.26105,2.05989,1.79597,1.70864,1.56543,1.26105,1.98816,1.64857,1.55977,1.37543,14.17209,20.69844,16.71354,15.96456,14.39974,"[7.63706, 7.14388, 7.12682, 7.51624, 8.0653, 8.4727, 8.59253, 8.90092, 10.16555, 10.7444, 10.59041, 9.94241, 9.308, 8.74354, 8.65503, 8.9543, 9.40805, 9.76991, 9.31056, 9.06857]",
Alg_c,26058,70,1,10,1,0,0.16231,0.16231,1,0,0,0.33333,1,1,0,0,0.33333,1,,,,,,,,,,,,,,,,,"[0.17784, 0.12002, 0.08432, 0.19893, 0.0, 0.21979, 0.0, 0.0, 0.06642, 0.0, 0.0, 0.1877, 0.0344, 0.55304, 0.03004, 0.27088, 0.34618, 0.09594, 0.3769, 0.27641, 0.08339, 0.53701, 0.30733, 0.16339, 0.16074, 0.22544, 0.35116, 0.14753, 0.39786, 0.28343, 0.38232, 0.19832, 0.27805, 0.29108, 0.52335, 0.72695, 0.36005, 0.74133, 0.49403, 0.19769, 0.44991, 0.4721, 0.69651, 0.45724, 0.42177, 0.41327, 0.56799, 0.3262, 0.56938, 0.62666, 0.65266, 0.39251, 0.72822, 0.49976, 0.87965, 0.51555, 0.66899, 0.65384, 0.42044, 0.80564, 0.33108, 0.76018, 0.51346, 0.89831, 0.72172, 0.86512, 0.56951, 0.31217, 0.82514]"
UDE-NN,93050,70,1,10,1,100.727,0.10222,0.27268,1,0,0,0.33333,1,1,0,0,0.33333,1,0.14529,1.08097,1.18211,1.09305,0.99085,0.14529,0.87408,0.99459,0.89968,0.79116,1.06921,7.1616,8.40592,7.59077,6.65153,"[13.44338, 14.02791, 13.63208, 13.56061, 13.38464, 13.24728, 13.1038, 12.96733, 12.834, 12.70468, 12.57899, 12.45688, 12.33819, 12.22284, 12.1107, 12.00167, 11.89565, 11.79254, 11.69225, 11.59467]","[0.00276, 0.04645, 0.04843, 0.01662, 0.0675, 0.08258, 0.08886, 0.11508, 0.1292, 0.22792, 0.36473, 0.17856, 0.10193, 0.12949, 0.00174, 0.07061, 0.15163, 0.08027, 0.04595, 0.17912, 0.21079, 0.3113, 0.30875, 0.29243, 0.42213, 0.46535, 0.40419, 0.26851, 0.10828, 0.13018, 0.17596, 0.16247, 0.29704, 0.3261, 0.34263, 0.30606, 0.32584, 0.34236, 0.48079, 0.63264, 0.65315, 0.71077, 0.55963, 0.44115, 0.54534, 0.46238, 0.44093, 0.50298, 0.51669, 0.4906, 0.48301, 0.54011, 0.55811, 0.43997, 0.51104, 0.44723, 0.58663, 0.46328, 0.39493, 0.48026, 0.54506, 0.55413, 0.60688, 0.62351, 0.705, 0.68446, 0.63229, 0.61676, 0.72786, 0.73846]"
GP,93050,70,1,10,1,218.029,0.01823,0.27268,1,0,0,0.33333,1,1,0,0,0.33333,1,0.10427,1.10616,1.21143,1.12228,1.01575,0.10427,0.89202,1.02258,0.93006,0.81242,0.7673,7.30994,8.64077,7.84483,6.83208,"[13.48441, 14.05959, 13.66293, 13.59473, 13.41869, 13.28306, 13.14054, 13.00535, 12.87322, 12.74514, 12.6207, 12.49985, 12.38246, 12.2684, 12.15759, 12.04989, 11.94523, 11.84348, 11.74457, 11.64839]","[0.02838, 0.03807, 0.04777, 0.05746, 0.06715, 0.07685, 0.08654, 0.09624, 0.10593, 0.11562, 0.12532, 0.13501, 0.14471, 0.1544, 0.16409, 0.17379, 0.18348, 0.19317, 0.20287, 0.21256, 0.22226, 0.23195, 0.24165, 0.25134, 0.26103, 0.27073, 0.28042, 0.29012, 0.29981, 0.3095, 0.3192, 0.32889, 0.33859, 0.34828, 0.35797, 0.36767, 0.37736, 0.38706, 0.39675, 0.40645, 0.41614, 0.42583, 0.43553, 0.44522, 0.45492, 0.46461, 0.4743, 0.484, 0.49369, 0.50339, 0.51308, 0.52277, 0.53247, 0.54216, 0.55186, 0.56155, 0.57124, 0.58094, 0.59063, 0.60033, 0.61002, 0.61971, 0.62941, 0.6391, 0.64879, 0.65849, 0.66818, 0.67787, 0.68757, 0.69726]"
ARIMA,93050,70,1,10,1,17.62,,,,,,,,,,,,,1.62493,2.5578,3.02029,3.04088,3.01466,1.62493,2.43718,2.90766,2.94666,2.93485,11.95799,19.49972,24.12703,24.43593,24.24517,"[15.21361, 15.23836, 15.23372, 15.23459, 15.23443, 15.23446, 15.23445, 15.23445, 15.23445, 15.23445, 15.23445, 15.23445, 15.23445, 15.23445, 15.23445, 15.23445, 15.23445, 15.23445, 15.23445, 15.23445]",
RandomWalk,93050,70,1,10,1,1.103,,,,,,,,,,,,,1.75694,2.66624,3.12843,3.14953,3.12364,1.75694,2.55185,3.02058,3.05928,3.04718,12.92944,20.39771,25.04575,25.35473,25.16042,"[15.34561, 15.34561, 15.34561, 15.34561, 15.34561, 15.34561, 15.34561, 15.34561, 15.34561, 15.34561, 15.34561, 15.34561, 15.34561, 15.34561, 15.34561, 15.34561, 15.34561, 15.34561, 15.34561, 15.34561]",
LSTM,93050,70,1,10,1,45.229,,,,,,,,,,,,,0.26268,0.84567,1.1223,1.09341,1.03338,0.26268,0.64378,0.93429,0.93445,0.88065,1.93305,5.30669,7.93338,7.90029,7.41431,"[13.326, 13.33479, 13.19178, 13.20733, 13.14724, 13.13735, 13.10137, 13.07977, 13.05267, 13.03438, 13.03198, 13.02419, 13.01799, 13.01189, 13.007, 13.00272, 12.99954, 12.997, 12.99505, 12.99329]",
Alg_c,93050,70,1,10,1,0,0.27268,0.27268,1,0,0,0.33333,1,1,0,0,0.33333,1,,,,,,,,,,,,,,,,,"[0.0, 0.12081, 0.11012, 0.0, 0.14316, 0.0999, 0.04656, 0.15377, 0.0, 0.13191, 1.03607, 0.0, 0.0, 0.41792, 0.0, 0.02734, 0.46971, 0.0, 0.0, 0.37749, 0.06778, 0.52761, 0.35536, 0.0, 0.5794, 0.6701, 0.54404, 0.35092, 0.0, 0.13837, 0.35349, 0.0, 0.53854, 0.31049, 0.48879, 0.13119, 0.42296, 0.04983, 0.45844, 0.94256, 0.44029, 1.18078, 0.47359, 0.0, 0.94831, 0.31343, 0.26516, 0.60456, 0.59089, 0.46354, 0.34964, 0.65235, 0.80121, 0.11993, 0.68617, 0.09897, 1.07583, 0.33628, 0.03811, 0.47224, 0.64229, 0.48766, 0.65187, 0.51624, 0.9123, 0.77233, 0.5068, 0.35276, 0.89849]"
UDE-NN,93091,70,1,10,1,103.626,0.07874,0.21105,1,0,0,0.33333,1,0.90909,0,0,0.30303,0.75758,0.38595,0.65848,1.51133,1.69451,1.5213,0.38595,0.60673,1.253,1.43145,1.19722,5.02595,8.24685,21.11057,24.84814,20.55916,"[7.29321, 7.4765, 7.57226, 7.63303, 7.68019, 7.72153, 7.75979, 7.79594, 7.83034, 7.86313, 7.8944, 7.92422, 7.95262, 7.97968, 8.00541, 8.02989, 8.05313, 8.07519, 8.0961, 8.1159]","[-0.00753, -0.00628, -0.07571, 0.08277, 0.06375, 0.00769, 0.08014, -0.01394, 0.01618, 0.00731, -0.06242, -0.02984, -0.08441, 0.00176, 0.03153, 0.01777, 0.07277, 0.11189, 0.16083, 0.22974, 0.26704, 0.16339, 0.05208, 0.10289, 0.27081, 0.3092, 0.335, 0.36854, 0.27281, 0.24971, 0.22486, 0.28518, 0.2758, 0.27648, 0.22625, 0.33449, 0.43276, 0.39952, 0.35005, 0.44664, 0.49531, 0.39338, 0.37052, 0.33102, 0.25884, 0.33325, 0.37211, 0.46932, 0.54936, 0.60915, 0.55523, 0.59217, 0.55661, 0.54964, 0.61394, 0.6079, 0.47461, 0.57488, 0.65081, 0.66467, 0.63335, 0.53262, 0.6204, 0.68667, 0.6891, 0.66765, 0.65137, 0.68717, 0.66059, 0.67048]"
GP,93091,70,1,10,1,219.216,0.02633,0.21105,1,0,0,0.33333,1,0.90909,0,0,0.30303,0.75758,0.4267,0.64707,1.46279,1.64068,1.47089,0.4267,0.59017,1.20836,1.38125,1.14217,5.55665,7.96354,20.34254,23.97242,19.66508,"[7.25246, 7.41864, 7.50823, 7.56641, 7.61191, 7.65178, 7.68858, 7.72325, 7.75614, 7.78742, 7.81717, 7.84545, 7.87232, 7.89782, 7.922, 7.9449, 7.96657, 7.98704, 8.00636, 8.02455]","[-0.05179, -0.04072, -0.02965, -0.01857, -0.0075, 0.00357, 0.01464, 0.02571, 0.03678, 0.04785, 0.05892, 0.06999, 0.08106, 0.09213, 0.1032, 0.11427, 0.12534, 0.13641, 0.14748, 0.15855, 0.16962, 0.18069, 0.19177, 0.20284, 0.21391, 0.22498, 0.23605, 0.24712, 0.25819, 0.26926, 0.28033, 0.2914, 0.30247, 0.31354, 0.32461, 0.33568, 0.34675, 0.35783, 0.3689, 0.37997, 0.39104, 0.40211, 0.41318, 0.42425, 0.43532, 0.44639, 0.45746, 0.46853, 0.4796, 0.49067, 0.50175, 0.51282, 0.52389, 0.53496, 0.54603, 0.5571, 0.56817, 0.57924, 0.59031, 0.60138, 0.61245, 0.62352, 0.63459, 0.64566, 0.65673, 0.6678, 0.67887, 0.68994, 0.70101, 0.71208]"
ARIMA,93091,70,1,10,1,17.885,,,,,,,,,,,,,0.76097,0.75537,1.06089,1.15864,1.08673,0.76097,0.55483,0.83149,0.92862,0.8867,9.90958,7.03489,13.65977,15.8931,14.57211,"[6.91819, 6.99978, 6.98285, 7.00325, 6.99568, 7.00144, 6.99872, 7.00046, 6.99955, 7.00009, 6.99979, 6.99997, 6.99987, 6.99993, 6.99989, 6.99991, 6.9999, 6.99991, 6.9999, 6.99991]",
RandomWalk,93091,70,1,10,1,1.147,,,,,,,,,,,,,0.75703,0.78682,1.0329,1.1216,1.06629,0.75703,0.58322,0.82259,0.90825,0.88596,9.85821,7.38541,13.39238,15.43511,14.40726,"[6.92214, 6.92214, 6.92214, 6.92214, 6.92214, 6.92214, 6.92214, 6.92214, 6.92214, 6.92214, 6.92214, 6.92214, 6.92214, 6.92214, 6.92214, 6.92214, 6.92214, 6.92214, 6.92214, 6.92214]",
LSTM,93091,70,1,10,1,45.577,,,,,,,,,,,,,0.68987,1.84577,4.67074,5.66707,5.99498,0.68987,1.61812,3.85142,4.73063,5.20538,8.98368,22.76381,65.27391,82.20563,84.19668,"[8.36903, 8.6304, 8.8727, 9.37926, 9.90729, 10.50022, 11.13369, 11.86723, 12.61718, 13.77968, 14.62343, 14.80108, 15.96828, 14.38595, 14.11569, 12.16919, 12.03339, 11.40103, 11.59604, 11.52414]",
Alg_c,93091,70,1,10,1,0,0.21105,0.21105,1,0,0,0.33333,1,0.89796,0,0,0.29932,0.73167,,,,,,,,,,,,,,,,,"[0.0185, 0.157, 0.0, 0.49976, 0.09117, 0.0, 0.42607, 0.0, 0.07094, 0.13558, 0.0, 0.15153, 0.0, 0.0757, 0.10506, 0.0, 0.10071, 0.09162, 0.11731, 0.30327, 0.55514, 0.17716, 0.0, 0.0, 0.55244, 0.34775, 0.35407, 0.61561, 0.15538, 0.22004, 0.08298, 0.39671, 0.30307, 0.38427, 0.0, 0.3186, 0.70219, 0.43054, 0.0574, 0.52258, 0.80355, 0.2229, 0.41069, 0.383, 0.0, 0.39408, 0.24691, 0.5049, 0.58139, 0.84779, 0.34544, 0.76238, 0.49629, 0.37856, 0.73208, 0.97289, 0.0, 0.67898, 0.76634, 0.72409, 0.79421, 0.12628, 0.68907, 0.80965, 0.72148, 0.68917, 0.47606, 0.89108, 0.54466]"
UDE-NN,79876,70,1,10,1,104.684,0.05239,0.17086,1,0,0,0.33333,1,0.63636,0,0,0.21212,0.29697,0.11649,0.64628,2.0727,2.45019,2.64841,0.11649,0.48445,1.61821,1.9835,2.25099,2.07849,10.31306,54.96956,73.29323,80.61911,"[5.48798, 5.39052, 5.38761, 5.4355, 5.51175, 5.60339, 5.70249, 5.80413, 5.90528, 6.00419, 6.09987, 6.19186, 6.28, 6.36428, 6.44481, 6.52173, 6.5952, 6.66539, 6.73244, 6.79651]","[-0.02246, 0.02832, -0.00159, -0.01892, 0.08559, 0.07497, 0.11036, 0.13148, 0.04618, 0.08383, 0.10297, 0.15275, 0.14552, 0.19198, 0.17999, 0.08103, 0.14706, 0.20275, 0.13779, 0.2209, 0.25233, 0.28584, 0.2203, 0.24767, 0.23221, 0.2241, 0.25147, 0.2188, 0.22073, 0.16657, 0.16497, 0.22938, 0.23922, 0.28307, 0.33952, 0.42906, 0.40796, 0.4055, 0.40962, 0.35952, 0.36393, 0.39503, 0.44026, 0.46098, 0.5202, 0.56127, 0.53004, 0.50205, 0.5356, 0.53198, 0.55469, 0.57685, 0.45307, 0.44613, 0.43042, 0.53869, 0.56327, 0.59152, 0.60258, 0.54861, 0.60273, 0.65307, 0.61512, 0.6251, 0.72893, 0.72806, 0.71301, 0.70695, 0.68852, 0.69902]"
GP,79876,70,1,10,1,220.546,0.02378,0.17086,1,0,0,0.33333,1,0.63636,0,0,0.21212,0.29697,0.09618,0.66901,2.1188,2.50069,2.704,0.09618,0.48599,1.65055,2.02203,2.29634,1.71621,10.42723,56.11852,74.7496,82.26348,"[5.50828, 5.42315, 5.42919, 5.48395, 5.56554, 5.66132, 5.76363, 5.86778, 5.97094, 6.07152, 6.16866, 6.26199, 6.35139, 6.43692, 6.5187, 6.59688, 6.67163, 6.74311, 6.81148, 6.87689]","[0.04595, 0.05511, 0.06427, 0.07343, 0.08259, 0.09175, 0.10092, 0.11008, 0.11924, 0.1284, 0.13756, 0.14672, 0.15588, 0.16505, 0.17421, 0.18337, 0.19253, 0.20169, 0.21085, 0.22002, 0.22918, 0.23834, 0.2475, 0.25666, 0.26583, 0.27499, 0.28415, 0.29331, 0.30247, 0.31163, 0.3208, 0.32996, 0.33912, 0.34828, 0.35744, 0.36661, 0.37577, 0.38493, 0.39409, 0.40325, 0.41242, 0.42158, 0.43074, 0.4399, 0.44906, 0.45823, 0.46739, 0.47655, 0.48571, 0.49487, 0.50404, 0.5132, 0.52236, 0.53152, 0.54068, 0.54984, 0.55901, 0.56817, 0.57733, 0.58649, 0.59565, 0.60481, 0.61398, 0.62314, 0.6323, 0.64146, 0.65062, 0.65978, 0.66894, 0.67811]"
ARIMA,79876,70,1,10,1,19.08,,,,,,,,,,,,,0.74434,2.4108,4.1996,4.49031,4.49548,0.74434,2.10603,3.74904,4.07729,4.16301,13.28118,43.45805,116.13299,138.07469,140.31765,"[6.3488, 6.90159, 7.40636, 7.83358, 8.16401, 8.38849, 8.50706, 8.52752, 8.46363, 8.33321, 8.15617, 7.95275, 7.74195, 7.54039, 7.3614, 7.21459, 7.1057, 7.03682, 7.00678, 7.01171]",
RandomWalk,79876,70,1,10,1,1.155,,,,,,,,,,,,,0.18267,0.80322,2.06513,2.35498,2.43949,0.18267,0.57391,1.65456,1.954,2.11222,3.25933,12.45193,55.25578,70.9815,74.98394,"[5.78713, 5.78713, 5.78713, 5.78713, 5.78713, 5.78713, 5.78713, 5.78713, 5.78713, 5.78713, 5.78713, 5.78713, 5.78713, 5.78713, 5.78713, 5.78713, 5.78713, 5.78713, 5.78713, 5.78713]",
LSTM,79876,70,1,10,1,46.529,,,,,,,,,,,,,4.72052,6.42397,6.84804,7.2859,7.13158,4.72052,6.35253,6.77683,7.1746,7.02865,84.22781,124.86128,187.18817,222.01346,220.32413,"[10.32498, 11.74531, 12.14223, 12.03036, 11.64395, 11.44514, 10.13407, 9.09132, 9.84695, 10.74783, 11.53952, 11.45924, 10.09961, 9.60904, 8.75209, 7.9352, 7.96885, 7.39678, 7.27915, 8.69581]",
Alg_c,79876,70,1,10,1,0,0.17086,0.17086,1,0,0,0.33333,1,0.65116,0,0,0.21705,0.31435,,,,,,,,,,,,,,,,,"[0.0, 0.19225, 0.0, 0.0, 0.32869, 0.0, 0.14668, 0.3092, 0.0, 0.09571, 0.03007, 0.29169, 0.00777, 0.2982, 0.42194, 0.0, 0.17862, 0.50709, 0.0, 0.32426, 0.25944, 0.48313, 0.04358, 0.31589, 0.22904, 0.15486, 0.37162, 0.14528, 0.32641, 0.07467, 0.04194, 0.33566, 0.16449, 0.27611, 0.22315, 0.69496, 0.33838, 0.38328, 0.53281, 0.24325, 0.3212, 0.36235, 0.503, 0.36966, 0.56118, 0.70726, 0.53223, 0.37106, 0.62687, 0.4673, 0.53078, 0.93581, 0.1178, 0.51276, 0.16776, 0.71334, 0.52328, 0.60341, 0.76584, 0.30392, 0.61739, 0.84204, 0.52044, 0.4099, 0.97049, 0.72195, 0.68775, 0.75111, 0.61392]"
UDE-NN,66214,70,1,10,1,101.616,0.17211,0.33207,1,0,0,0.33333,1,1,0,0,0.33333,1,0.59992,0.82623,1.36418,1.53437,1.76415,0.59992,0.74457,1.10859,1.28956,1.52183,6.15176,7.58351,13.04044,15.58798,19.16009,"[10.3519, 10.34204, 10.2969, 10.252, 10.20804, 10.16501, 10.12288, 10.08161, 10.04118, 10.00155, 9.96271, 9.92461, 9.88725, 9.85058, 9.81459, 9.77926, 9.74456, 9.71046, 9.67695, 9.64401]","[-0.17958, -0.07945, 0.03499, -0.0679, -0.10231, -0.08856, 0.00381, 0.02113, -0.03687, -0.08997, -0.0318, -0.01348, 0.09508, 0.23147, 0.14498, 0.1894, 0.16704, 0.31769, 0.33448, 0.19549, 0.27918, 0.25826, 0.39969, 0.12651, -4.0e-5, 0.15717, 0.23311, 0.29569, 0.38913, 0.39612, 0.36876, 0.60989, 0.59836, 0.44061, 0.3672, 0.41402, 0.4293, 0.4505, 0.2235, 0.17492, 0.33207, 0.4414, 0.55067, 0.57254, 0.53264, 0.36675, 0.19922, 0.0424, 0.02533, 0.06505, 0.38471, 0.47885, 0.77524, 0.72005, 0.54018, 0.4401, 0.30216, 0.30669, 0.37936, 0.38786, 0.42823, 0.47428, 0.38527, 0.34805, 0.28424, 0.41386, 0.58733, 0.63745, 0.62427, 0.63601]"
GP,66214,70,1,10,1,221.327,0.06644,0.33207,1,0,0,0.33333,1,1,0,0,0.33333,1,0.67412,0.86877,1.43994,1.62185,1.86561,0.67412,0.79754,1.19109,1.38024,1.62356,6.91262,8.16441,13.9931,16.66483,20.41712,"[10.4261, 10.42236, 10.38192, 10.3423, 10.30369, 10.26606, 10.22937, 10.19359, 10.1587, 10.12466, 10.09145, 10.05904, 10.0274, 9.99651, 9.96634, 9.93687, 9.90808, 9.87994, 9.85243, 9.82553]","[0.07652, 0.08354, 0.09056, 0.09759, 0.10461, 0.11163, 0.11865, 0.12567, 0.1327, 0.13972, 0.14674, 0.15376, 0.16078, 0.16781, 0.17483, 0.18185, 0.18887, 0.19589, 0.20292, 0.20994, 0.21696, 0.22398, 0.23101, 0.23803, 0.24505, 0.25207, 0.2591, 0.26612, 0.27314, 0.28016, 0.28718, 0.29421, 0.30123, 0.30825, 0.31527, 0.3223, 0.32932, 0.33634, 0.34336, 0.35039, 0.35741, 0.36443, 0.37145, 0.37847, 0.3855, 0.39252, 0.39954, 0.40656, 0.41358, 0.42061, 0.42763, 0.43465, 0.44167, 0.4487, 0.45572, 0.46274, 0.46976, 0.47678, 0.48381, 0.49083, 0.49785, 0.50487, 0.51189, 0.51891, 0.52594, 0.53296, 0.53998, 0.547, 0.55402, 0.56105]"
ARIMA,66214,70,1,10,1,18.764,,,,,,,,,,,,,0.67475,0.88972,1.48952,1.70102,1.99244,0.67475,0.79913,1.22045,1.43419,1.7178,6.91911,8.10034,14.32023,17.31769,21.63202,"[10.42674, 10.17148, 10.28937, 10.23492, 10.26007, 10.24846, 10.25382, 10.25134, 10.25249, 10.25196, 10.2522, 10.25209, 10.25214, 10.25212, 10.25213, 10.25212, 10.25213, 10.25212, 10.25212, 10.25212]",
RandomWalk,66214,70,1,10,1,1.201,,,,,,,,,,,,,0.12206,0.79087,1.25976,1.44064,1.70665,0.12206,0.64228,0.99354,1.18208,1.4405,1.25165,6.29822,11.59934,14.23705,18.14311,"[9.87405, 9.87405, 9.87405, 9.87405, 9.87405, 9.87405, 9.87405, 9.87405, 9.87405, 9.87405, 9.87405, 9.87405, 9.87405, 9.87405, 9.87405, 9.87405, 9.87405, 9.87405, 9.87405, 9.87405]",
LSTM,66214,70,1,10,1,45.524,,,,,,,,,,,,,2.84169,3.71634,3.88839,3.89888,3.78911,2.84169,3.35015,3.65383,3.70212,3.6161,29.13959,35.05849,40.86784,42.54224,42.96821,"[12.59367, 12.15726, 13.11421, 14.61056, 13.99196, 14.80575, 12.73689, 11.51265, 12.12329, 11.65816, 11.87866, 11.50699, 10.60743, 10.50135, 10.90703, 12.01828, 14.74851, 13.52535, 15.73421, 13.87475]",
Alg_c,66214,70,1,10,1,0,0.33207,0.33207,1,0,0,0.33333,1,1,0,0,0.33333,1,,,,,,,,,,,,,,,,,"[0.0, 0.0, 0.49147, 0.0, 0.0, 0.0, 0.18601, 0.1943, 0.0, 0.0, 0.01895, 0.0, 0.0443, 0.69442, 0.0, 0.31636, 0.0, 0.51649, 0.63429, 0.0, 0.49584, 0.00894, 1.20418, 0.0, 0.0, 0.30817, 0.30239, 0.25476, 0.56488, 0.45948, 0.0, 1.03131, 0.82786, 0.29425, 0.11114, 0.4422, 0.49974, 0.96485, 0.0, 0.0, 0.43046, 0.46349, 0.73757, 0.68954, 0.78354, 0.38039, 0.10956, 0.0, 0.0, 0.0, 0.74503, 0.16431, 1.45576, 0.9184, 0.41497, 0.50156, 0.01706, 0.18211, 0.49821, 0.3339, 0.42919, 0.74439, 0.29298, 0.36275, 0.0, 0.3505, 0.84394, 0.7776, 0.58394]"
UDE-NN,7296,70,1,10,1,102.749,0.11844,0.281,1,0,0,0.33333,1,1,0,0,0.33333,1,0.51775,0.51485,0.79119,0.96532,1.40825,0.51775,0.39237,0.62145,0.77119,1.10484,3.9594,3.2948,5.67779,7.33415,11.55407,"[12.5586, 12.31122, 12.2262, 12.11213, 12.00674, 11.90319, 11.80251, 11.70443, 11.60889, 11.5158, 11.42508, 11.33665, 11.25043, 11.16634, 11.08432, 11.0043, 10.92621, 10.84997, 10.77553, 10.70284]","[-0.27809, -0.27261, -0.01452, 0.12604, 0.22027, 0.20937, 0.09992, 0.11773, 0.11454, 0.17109, 0.24267, 0.14896, 0.23431, 0.33284, 0.28447, 0.22391, 0.25289, 0.23438, 0.14802, 0.11259, 0.15362, 0.21396, 0.14554, 0.14174, 0.33882, 0.41408, 0.49056, 0.4818, 0.45123, 0.59007, 0.51229, 0.3452, 0.40725, 0.41209, 0.44173, 0.33506, 0.4188, 0.31531, 0.30066, 0.38173, 0.39022, 0.33394, 0.37425, 0.43725, 0.4107, 0.4647, 0.49351, 0.52951, 0.44701, 0.36954, 0.45839, 0.49921, 0.5517, 0.55315, 0.44358, 0.29665, 0.35599, 0.36427, 0.40515, 0.56859, 0.66433, 0.59889, 0.66381, 0.57632, 0.49701, 0.52499, 0.66625, 0.70735, 0.6725, 0.68641]"
GP,7296,70,1,10,1,212.523,0.03313,0.281,1,0,0,0.33333,1,1,0,0,0.33333,1,0.49001,0.52442,0.82208,1.00693,1.46309,0.49001,0.3979,0.64383,0.80272,1.14838,3.74728,3.34801,5.89398,7.64545,12.01445,"[12.58634, 12.33815, 12.25972, 12.15001, 12.04969, 11.95116, 11.85561, 11.76275, 11.67253, 11.58484, 11.49961, 11.41676, 11.3362, 11.25788, 11.1817, 11.1076, 11.03552, 10.96539, 10.89714, 10.83071]","[0.06555, 0.07414, 0.08273, 0.09133, 0.09992, 0.10851, 0.1171, 0.1257, 0.13429, 0.14288, 0.15147, 0.16007, 0.16866, 0.17725, 0.18585, 0.19444, 0.20303, 0.21162, 0.22022, 0.22881, 0.2374, 0.246, 0.25459, 0.26318, 0.27178, 0.28037, 0.28896, 0.29755, 0.30615, 0.31474, 0.32333, 0.33193, 0.34052, 0.34911, 0.35771, 0.3663, 0.37489, 0.38348, 0.39208, 0.40067, 0.40926, 0.41786, 0.42645, 0.43504, 0.44363, 0.45223, 0.46082, 0.46941, 0.47801, 0.4866, 0.49519, 0.50378, 0.51238, 0.52097, 0.52956, 0.53816, 0.54675, 0.55534, 0.56393, 0.57253, 0.58112, 0.58971, 0.59831, 0.6069, 0.61549, 0.62408, 0.63268, 0.64127, 0.64986, 0.65845]"
ARIMA,7296,70,1,10,1,19.205,,,,,,,,,,,,,1.77125,0.96302,0.89272,1.02125,1.49099,1.77125,0.78393,0.73592,0.85395,1.19866,13.54543,6.28946,6.33528,7.75705,12.21927,"[11.3051, 11.3051, 11.3051, 11.3051, 11.3051, 11.3051, 11.3051, 11.3051, 11.3051, 11.3051, 11.3051, 11.3051, 11.3051, 11.3051, 11.3051, 11.3051, 11.3051, 11.3051, 11.3051, 11.3051]",
RandomWalk,7296,70,1,10,1,1.129,,,,,,,,,,,,,1.77125,0.96302,0.89272,1.02125,1.49099,1.77125,0.78393,0.73592,0.85395,1.19866,13.54543,6.28946,6.33528,7.75705,12.21927,"[11.3051, 11.3051, 11.3051, 11.3051, 11.3051, 11.3051, 11.3051, 11.3051, 11.3051, 11.3051, 11.3051, 11.3051, 11.3051, 11.3051, 11.3051, 11.3051, 11.3051, 11.3051, 11.3051, 11.3051]",
LSTM,7296,70,1,10,1,44.768,,,,,,,,,,,,,0.817,0.42399,0.86718,1.14317,1.74216,0.817,0.34476,0.68717,0.90197,1.34282,6.2479,2.78421,6.24901,8.58493,14.09814,"[12.25935, 11.60653, 12.08098, 11.7778, 11.98859, 11.84266, 11.93314, 11.85299, 11.86212, 11.818, 11.84994, 11.82406, 11.843, 11.82434, 11.83413, 11.82083, 11.82559, 11.81654, 11.81894, 11.81492]",
Alg_c,7296,70,1,10,1,0,0.281,0.281,1,0,0,0.33333,1,1,0,0,0.33333,1,,,,,,,,,,,,,,,,,"[0.0, 0.0, 0.18762, 0.22379, 0.45664, 0.43235, 0.0, 0.13367, 0.0, 0.15282, 0.61105, 0.0, 0.1533, 0.6412, 0.31538, 0.03243, 0.34963, 0.37434, 0.04332, 0.0, 0.0697, 0.51151, 0.0, 0.0, 0.58362, 0.38128, 0.66553, 0.54674, 0.04789, 1.05161, 0.69126, 0.0, 0.57625, 0.31814, 0.79763, 0.0, 0.96766, 0.07816, 0.09663, 0.5382, 0.55453, 0.07835, 0.32787, 0.65114, 0.21072, 0.52078, 0.48552, 0.77108, 0.45041, 0.02427, 0.56673, 0.44884, 0.64503, 0.76778, 0.50913, 0.0, 0.43822, 0.28084, 0.15655, 0.7116, 0.98876, 0.38054, 0.94851, 0.58961, 0.25948, 0.30137, 0.8748, 0.87758, 0.60189]"
UDE-NN,88243,70,1,10,1,104.573,0.15121,0.28188,1,0,0,0.33333,1,1,0,0,0.33333,1,0.08847,0.3603,0.48676,0.49501,0.49183,0.08847,0.32078,0.36422,0.38909,0.40488,0.82104,3.12287,3.45819,3.66626,3.85019,"[10.68686, 10.74741, 10.69843, 10.65438, 10.61141, 10.56962, 10.52897, 10.48942, 10.45092, 10.41346, 10.37699, 10.34148, 10.30691, 10.27323, 10.24042, 10.20846, 10.1773, 10.14694, 10.11734, 10.08847]","[0.02928, 0.15746, 0.08912, 0.12159, 0.0954, 0.15055, 0.20747, 0.1511, 0.1168, 0.17486, 0.24274, 0.13452, -0.00328, -0.05814, 0.01899, 0.09939, 0.24413, 0.20854, 0.23693, 0.31938, 0.19133, 0.16055, 0.16372, 0.12152, 0.17375, 0.28577, 0.34813, 0.44289, 0.45307, 0.41175, 0.37142, 0.38104, 0.28994, 0.43055, 0.43246, 0.46741, 0.50737, 0.38298, 0.32505, 0.38338, 0.31016, 0.28758, 0.2488, 0.2381, 0.11771, 0.02117, 0.04888, 0.10502, 0.25076, 0.36053, 0.3035, 0.33252, 0.31897, 0.39052, 0.62402, 0.7861, 0.61606, 0.53964, 0.58708, 0.65961, 0.71102, 0.75456, 0.7644, 0.78503, 0.68188, 0.59302, 0.51726, 0.47385, 0.43186, 0.43777]"
GP,88243,70,1,10,1,218.43,0.03151,0.28188,1,0,0,0.33333,1,1,0,0,0.33333,1,0.2843,0.23487,0.49033,0.54374,0.53396,0.2843,0.205,0.34703,0.41273,0.40849,2.63844,1.98023,3.24201,3.83527,3.81625,"[10.49103, 10.54998, 10.50157, 10.45382, 10.40728, 10.36189, 10.31763, 10.27444, 10.23231, 10.1912, 10.15106, 10.11187, 10.0736, 10.03622, 9.99969, 9.96399, 9.9291, 9.89497, 9.8616, 9.82895]","[0.0504, 0.05887, 0.06734, 0.07581, 0.08429, 0.09276, 0.10123, 0.10971, 0.11818, 0.12665, 0.13513, 0.1436, 0.15207, 0.16054, 0.16902, 0.17749, 0.18596, 0.19444, 0.20291, 0.21138, 0.21986, 0.22833, 0.2368, 0.24528, 0.25375, 0.26223, 0.2707, 0.27917, 0.28765, 0.29612, 0.30459, 0.31307, 0.32154, 0.33001, 0.33849, 0.34696, 0.35543, 0.36391, 0.37238, 0.38085, 0.38933, 0.3978, 0.40627, 0.41475, 0.42322, 0.43169, 0.44017, 0.44864, 0.45711, 0.46559, 0.47406, 0.48253, 0.49101, 0.49948, 0.50795, 0.51643, 0.5249, 0.53337, 0.54185, 0.55032, 0.55879, 0.56727, 0.57574, 0.58421, 0.59269, 0.60116, 0.60963, 0.6181, 0.62658, 0.63505]"
ARIMA,88243,70,1,10,1,19.554,,,,,,,,,,,,,0.24761,1.47268,1.66748,1.66202,1.83916,0.24761,1.34025,1.56172,1.57316,1.73509,2.29795,13.02958,15.0854,15.07279,16.7852,"[11.02295, 11.68195, 11.85531, 11.99776, 12.11481, 12.21099, 12.29002, 12.35496, 12.40833, 12.45218, 12.48821, 12.51782, 12.54214, 12.56214, 12.57856, 12.59206, 12.60315, 12.61227, 12.61975, 12.62591]",
RandomWalk,88243,70,1,10,1,1.18,,,,,,,,,,,,,0.86709,1.27084,1.23903,1.17512,1.2542,0.86709,1.24811,1.16521,1.0993,1.17231,8.04696,12.06637,11.29458,10.59466,11.39557,"[11.64242, 11.64242, 11.64242, 11.64242, 11.64242, 11.64242, 11.64242, 11.64242, 11.64242, 11.64242, 11.64242, 11.64242, 11.64242, 11.64242, 11.64242, 11.64242, 11.64242, 11.64242, 11.64242, 11.64242]",
LSTM,88243,70,1,10,1,47.917,,,,,,,,,,,,,0.94933,2.68316,3.19176,3.36336,3.03489,0.94933,2.42806,2.97169,3.16131,2.70041,8.81021,23.60482,28.55727,30.10198,25.77828,"[11.72466, 11.95529, 12.65596, 13.96448, 13.81146, 13.32539, 14.67585, 13.02098, 15.39677, 13.95815, 15.07398, 14.89015, 11.01011, 10.55158, 10.05573, 10.44987, 11.25721, 11.69287, 11.68356, 11.33862]",
Alg_c,88243,70,1,10,1,0,0.28188,0.28188,1,0,0,0.33333,1,1,0,0,0.33333,1,,,,,,,,,,,,,,,,,"[0.0, 0.57044, 0.0, 0.23406, 0.0, 0.1593, 0.43458, 0.13027, 0.0, 0.17323, 0.60656, 0.20442, 0.0, 0.0, 0.0, 0.02996, 0.59754, 0.09381, 0.17856, 0.72081, 0.03724, 0.08885, 0.20244, 0.0, 0.04965, 0.35682, 0.35518, 0.62888, 0.55108, 0.42835, 0.266, 0.56524, 0.0, 0.66319, 0.37788, 0.44448, 0.84097, 0.21712, 0.06527, 0.63206, 0.24776, 0.2913, 0.2817, 0.49309, 0.0, 0.0, 0.0, 0.0, 0.33215, 0.66422, 0.23077, 0.33726, 0.05772, 0.0, 0.7978, 1.48647, 0.44272, 0.26553, 0.50166, 0.69894, 0.73589, 0.82384, 0.7415, 1.03452, 0.67105, 0.55201, 0.44482, 0.46546, 0.33442]"
UDE-NN,91809,70,1,10,1,103.305,0.1988,0.37474,1,0,0,0.33333,1,1,0,0,0.33333,1,0.81811,0.73773,0.81227,0.87617,1.15044,0.81811,0.66978,0.7029,0.72687,0.94607,7.32746,6.18821,6.4566,7.11723,10.5016,"[10.34683, 10.28734, 10.22144, 10.15633, 10.09235, 10.02948, 9.96767, 9.90689, 9.84709, 9.78824, 9.7303, 9.67322, 9.61698, 9.56154, 9.50687, 9.45292, 9.39968, 9.3471, 9.29517, 9.24384]","[-0.29255, -0.32105, -0.3373, -0.11373, -0.06997, -0.11246, -0.1991, -0.09867, -0.11193, 0.06603, 0.03633, 0.02024, -0.08522, -0.04506, 0.04773, 0.31335, 0.41905, 0.10859, -0.128, -0.26169, -0.20716, 0.06429, 0.15804, 0.25653, 0.31634, 0.14074, 0.17122, 0.20476, 0.14385, 0.19331, 0.33693, 0.23616, 0.22351, 0.40033, 0.37329, 0.42944, 0.43871, 0.62504, 0.80707, 0.63914, 0.47529, 0.57193, 0.5204, 0.50319, 0.43442, 0.08026, 0.20707, 0.34028, 0.56486, 0.63499, 0.83769, 0.85033, 0.67969, 0.53575, 0.58269, 0.39874, 0.47958, 0.58974, 0.53547, 0.54282, 0.44436, 0.42829, 0.64069, 0.71438, 0.87427, 0.96047, 1.01152, 0.90753, 0.98682, 1.00561]"
GP,91809,70,1,10,1,216.874,0.09806,0.37474,1,0,0,0.33333,1,1,0,0,0.33333,1,0.67095,0.64884,0.68999,0.82303,1.19536,0.67095,0.57623,0.5712,0.63944,0.92177,6.00945,5.36565,5.25157,6.38039,10.50511,"[10.49398, 10.44453, 10.384, 10.32443, 10.26608, 10.20893, 10.15292, 10.09802, 10.04419, 9.99138, 9.93957, 9.88872, 9.83879, 9.78975, 9.74157, 9.69421, 9.64765, 9.60185, 9.55679, 9.51244]","[-0.16946, -0.15459, -0.13971, -0.12483, -0.10996, -0.09508, -0.0802, -0.06532, -0.05045, -0.03557, -0.02069, -0.00582, 0.00906, 0.02394, 0.03882, 0.05369, 0.06857, 0.08345, 0.09832, 0.1132, 0.12808, 0.14296, 0.15783, 0.17271, 0.18759, 0.20247, 0.21734, 0.23222, 0.2471, 0.26197, 0.27685, 0.29173, 0.30661, 0.32148, 0.33636, 0.35124, 0.36612, 0.38099, 0.39587, 0.41075, 0.42563, 0.4405, 0.45538, 0.47026, 0.48513, 0.50001, 0.51489, 0.52977, 0.54464, 0.55952, 0.5744, 0.58927, 0.60415, 0.61903, 0.63391, 0.64878, 0.66366, 0.67854, 0.69341, 0.70829, 0.72317, 0.73805, 0.75292, 0.7678, 0.78268, 0.79755, 0.81243, 0.82731, 0.84218, 0.85706]"
ARIMA,91809,70,1,10,1,18.717,,,,,,,,,,,,,0.56268,0.69091,0.97281,1.54936,2.36321,0.56268,0.5983,0.83072,1.18868,1.80056,5.03975,5.77526,8.00482,12.4464,21.06703,"[10.60225, 10.86795, 11.08683, 11.26712, 11.41564, 11.53798, 11.63876, 11.72178, 11.79016, 11.84649, 11.8929, 11.93112, 11.96261, 11.98855, 12.00991, 12.02751, 12.04201, 12.05395, 12.06379, 12.0719]",
RandomWalk,91809,70,1,10,1,1.222,,,,,,,,,,,,,0.88524,0.67972,0.64902,0.88359,1.40265,0.88524,0.60789,0.54383,0.67755,1.05019,7.92876,5.61585,4.9938,6.85885,12.16372,"[10.27969, 10.27969, 10.27969, 10.27969, 10.27969, 10.27969, 10.27969, 10.27969, 10.27969, 10.27969, 10.27969, 10.27969, 10.27969, 10.27969, 10.27969, 10.27969, 10.27969, 10.27969, 10.27969, 10.27969]",
LSTM,91809,70,1,10,1,44.25,,,,,,,,,,,,,0.80171,1.15745,1.54995,2.22917,2.50993,0.80171,0.93857,1.28609,1.76931,2.09521,7.18059,9.13722,12.20309,18.15203,23.30662,"[11.96664, 11.78479, 11.64946, 11.16395, 10.35135, 9.81714, 9.55545, 9.74269, 11.65089, 13.82605, 13.45943, 12.77838, 12.18283, 10.69359, 10.53675, 12.49118, 13.60973, 12.98335, 13.66036, 14.41415]",
Alg_c,91809,70,1,10,1,0,0.37474,0.37474,1,0,0,0.33333,1,1,0,0,0.33333,1,,,,,,,,,,,,,,,,,"[0.0, 0.0, 0.0, 0.29013, 0.11452, 0.0, 0.0, 0.09658, 0.0, 0.48362, 0.0, 0.20009, 0.0, 0.0, 0.0, 0.77113, 1.37174, 0.0, 0.0, 0.0, 0.0, 0.36857, 0.24288, 0.37537, 0.74738, 0.0, 0.19991, 0.37121, 0.0, 0.05035, 0.79252, 0.09496, 0.0, 0.74121, 0.27851, 0.42678, 0.07079, 0.61824, 1.53048, 0.66393, 0.0, 0.83093, 0.5146, 0.74489, 0.90445, 0.0, 0.0, 0.19359, 0.79764, 0.44986, 1.24638, 1.26654, 0.59216, 0.18815, 0.93411, 0.0, 0.33676, 0.93526, 0.40761, 0.73259, 0.21091, 0.0, 0.89066, 0.54177, 1.0111, 0.94493, 1.36337, 0.49608, 1.14466]"
UDE-NN,9503,70,1,10,1,102.67,0.13059,0.27424,1,0,0,0.33333,1,1,0,0,0.33333,1,0.11749,1.2295,1.40935,1.32594,1.24987,0.11749,0.99113,1.16942,1.076,1.00313,0.84431,7.86305,9.84418,9.07727,8.5172,"[14.0328, 14.13939, 13.87207, 13.74782, 13.5789, 13.43114, 13.28249, 13.13972, 13.00061, 12.86562, 12.73446, 12.60704, 12.48323, 12.36291, 12.24596, 12.13228, 12.02175, 11.91428, 11.80975, 11.70808]","[0.02116, -0.13885, -0.23634, -0.34716, -0.22261, -0.07331, -0.07879, 0.09788, 0.33526, 0.33226, 0.23126, 0.20936, 0.26486, 0.25698, 0.25055, 0.15874, 0.11736, 0.05823, 0.16696, 0.24227, 0.16937, 0.14793, 0.26393, 0.17826, 0.32096, 0.56151, 0.53582, 0.40208, 0.40218, 0.48654, 0.37541, 0.3138, 0.25459, 0.29175, 0.35679, 0.34615, 0.31365, 0.21249, 0.21385, 0.33084, 0.40116, 0.32845, 0.2987, 0.30922, 0.40125, 0.52975, 0.47623, 0.51328, 0.49243, 0.39752, 0.39763, 0.4079, 0.36608, 0.43961, 0.50912, 0.6351, 0.62291, 0.6299, 0.56524, 0.51573, 0.41077, 0.34915, 0.43647, 0.50695, 0.53592, 0.67055, 0.63375, 0.75587, 0.74266, 0.75285]"
GP,9503,70,1,10,1,211.459,0.01928,0.27424,1,0,0,0.33333,1,1,0,0,0.33333,1,0.21622,1.25271,1.45985,1.37689,1.30436,0.21622,1.00912,1.2209,1.11908,1.05493,1.55383,8.03435,10.29057,9.45781,8.97134,"[14.13153, 14.20476, 13.94843, 13.8242, 13.65749, 13.51194, 13.36527, 13.22468, 13.0877, 12.95489, 12.82592, 12.70072, 12.57916, 12.4611, 12.34645, 12.23508, 12.12689, 12.02177, 11.91963, 11.82036]","[0.02104, 0.0302, 0.03937, 0.04854, 0.05771, 0.06688, 0.07605, 0.08522, 0.09438, 0.10355, 0.11272, 0.12189, 0.13106, 0.14023, 0.1494, 0.15856, 0.16773, 0.1769, 0.18607, 0.19524, 0.20441, 0.21358, 0.22275, 0.23191, 0.24108, 0.25025, 0.25942, 0.26859, 0.27776, 0.28693, 0.2961, 0.30527, 0.31443, 0.3236, 0.33277, 0.34194, 0.35111, 0.36028, 0.36945, 0.37862, 0.38778, 0.39695, 0.40612, 0.41529, 0.42446, 0.43363, 0.4428, 0.45197, 0.46113, 0.4703, 0.47947, 0.48864, 0.49781, 0.50698, 0.51615, 0.52532, 0.53448, 0.54365, 0.55282, 0.56199, 0.57116, 0.58033, 0.5895, 0.59866, 0.60783, 0.617, 0.62617, 0.63534, 0.64451, 0.65368]"
ARIMA,9503,70,1,10,1,19.06,,,,,,,,,,,,,0.95292,1.83121,2.56897,2.60476,2.74235,0.95292,1.33449,2.20326,2.28507,2.46893,6.84803,10.90798,18.66208,19.30238,20.97245,"[14.86823, 14.86823, 14.86823, 14.86823, 14.86823, 14.86823, 14.86823, 14.86823, 14.86823, 14.86823, 14.86823, 14.86823, 14.86823, 14.86823, 14.86823, 14.86823, 14.86823, 14.86823, 14.86823, 14.86823]",
RandomWalk,9503,70,1,10,1,1.146,,,,,,,,,,,,,0.95292,1.83121,2.56897,2.60476,2.74235,0.95292,1.33449,2.20326,2.28507,2.46893,6.84803,10.90798,18.66208,19.30238,20.97245,"[14.86823, 14.86823, 14.86823, 14.86823, 14.86823, 14.86823, 14.86823, 14.86823, 14.86823, 14.86823, 14.86823, 14.86823, 14.86823, 14.86823, 14.86823, 14.86823, 14.86823, 14.86823, 14.86823, 14.86823]",
LSTM,9503,70,1,10,1,42.898,,,,,,,,,,,,,0.82479,1.42776,1.89254,1.8039,1.70307,0.82479,1.36329,1.70635,1.6262,1.49136,5.92722,9.96661,13.7369,13.10464,12.07024,"[13.09052, 14.78997, 12.86354, 12.8363, 12.16178, 12.21911, 13.50422, 14.41471, 15.39675, 13.6933, 14.40972, 12.38942, 11.25879, 10.62382, 10.35153, 9.53778, 9.23026, 11.08106, 11.81291, 11.5751]",
Alg_c,9503,70,1,10,1,0,0.27424,0.27424,1,0,0,0.33333,1,1,0,0,0.33333,1,,,,,,,,,,,,,,,,,"[0.36527, 0.0, 0.0, 0.0, 0.0, 0.25191, 0.0, 0.0, 0.80409, 0.49123, 0.05249, 0.0543, 0.40476, 0.23719, 0.42361, 0.06127, 0.17752, 0.0, 0.24863, 0.55354, 0.04914, 0.0, 0.65682, 0.0, 0.12703, 1.12207, 0.78447, 0.12048, 0.25255, 0.86854, 0.30646, 0.2675, 0.04117, 0.25737, 0.52799, 0.45756, 0.44931, 0.0, 0.0, 0.41119, 0.68761, 0.25819, 0.17743, 0.10965, 0.36788, 0.87883, 0.35535, 0.62376, 0.63368, 0.21314, 0.36119, 0.51938, 0.13112, 0.41227, 0.41026, 0.9112, 0.58725, 0.7737, 0.55427, 0.61936, 0.28747, 0.02015, 0.46872, 0.56478, 0.35395, 0.98712, 0.36639, 0.99259, 0.70187]"
UDE-NN,91328,70,1,10,1,103.365,0.12778,0.34541,1,0,0,0.33333,1,1,0,0,0.33333,1,0.55939,1.16819,1.17736,1.11761,1.04073,0.55939,1.12691,1.08311,1.02733,0.94525,6.08655,13.19187,12.81623,11.95844,10.93718,"[9.7499, 9.77108, 9.76496, 9.7574, 9.74986, 9.74242, 9.73508, 9.72784, 9.7207, 9.71365, 9.70669, 9.69981, 9.69302, 9.68631, 9.67968, 9.67312, 9.66663, 9.66021, 9.65386, 9.64758]","[0.05125, -0.0219, -0.07316, 0.09972, 0.09009, 0.01107, 0.10691, 0.15474, 0.18815, 0.2282, 0.13386, 0.11141, 0.11161, 0.15569, 0.15698, 0.10001, -0.03212, 0.11403, 0.03971, -0.06175, -0.11304, -0.03867, 0.25677, 0.269, 0.19851, 0.22619, 0.23167, 0.17697, 0.18337, 0.23117, 0.31224, 0.20395, 0.13775, 0.1997, 0.16809, 0.13376, 0.28384, 0.36739, 0.35717, 0.28077, 0.38739, 0.54674, 0.5218, 0.44965, 0.54509, 0.47858, 0.42994, 0.49978, 0.52946, 0.51861, 0.58808, 0.54959, 0.53608, 0.49149, 0.50519, 0.55776, 0.60614, 0.65881, 0.70074, 0.66759, 0.51601, 0.45087, 0.55938, 0.56884, 0.47656, 0.4659, 0.39577, 0.38638, 0.32067, 0.32453]"
GP,91328,70,1,10,1,215.462,0.04939,0.34541,1,0,0,0.33333,1,1,0,0,0.33333,1,0.28183,0.87023,0.88421,0.88031,0.79965,0.28183,0.81862,0.80769,0.79831,0.68649,3.06659,9.61105,9.56146,9.20363,7.90012,"[9.47235, 9.46449, 9.45163, 9.43829, 9.42498, 9.41174, 9.39859, 9.38552, 9.37252, 9.3596, 9.34675, 9.33396, 9.32124, 9.30858, 9.29598, 9.28343, 9.27094, 9.25849, 9.24609, 9.23374]","[0.0027, 0.01143, 0.02017, 0.0289, 0.03763, 0.04636, 0.05509, 0.06382, 0.07256, 0.08129, 0.09002, 0.09875, 0.10748, 0.11621, 0.12494, 0.13368, 0.14241, 0.15114, 0.15987, 0.1686, 0.17734, 0.18607, 0.1948, 0.20353, 0.21226, 0.221, 0.22973, 0.23846, 0.24719, 0.25592, 0.26466, 0.27339, 0.28212, 0.29085, 0.29958, 0.30832, 0.31705, 0.32578, 0.33451, 0.34325, 0.35198, 0.36071, 0.36944, 0.37817, 0.38691, 0.39564, 0.40437, 0.4131, 0.42183, 0.43057, 0.4393, 0.44803, 0.45676, 0.46549, 0.47422, 0.48296, 0.49169, 0.50042, 0.50915, 0.51788, 0.52661, 0.53535, 0.54408, 0.55281, 0.56154, 0.57027, 0.579, 0.58773, 0.59647, 0.6052]"
ARIMA,91328,70,1,10,1,19.415,,,,,,,,,,,,,0.24637,0.86004,0.90439,0.88966,0.81711,0.24637,0.80516,0.82157,0.80882,0.72055,2.68072,9.45772,9.73424,9.34929,8.29933,"[9.43689, 9.43689, 9.43689, 9.43689, 9.43689, 9.43689, 9.43689, 9.43689, 9.43689, 9.43689, 9.43689, 9.43689, 9.43689, 9.43689, 9.43689, 9.43689, 9.43689, 9.43689, 9.43689, 9.43689]",
RandomWalk,91328,70,1,10,1,2.407,,,,,,,,,,,,,0.24637,0.86004,0.90439,0.88966,0.81711,0.24637,0.80516,0.82157,0.80882,0.72055,2.68072,9.45772,9.73424,9.34929,8.29933,"[9.43689, 9.43689, 9.43689, 9.43689, 9.43689, 9.43689, 9.43689, 9.43689, 9.43689, 9.43689, 9.43689, 9.43689, 9.43689, 9.43689, 9.43689, 9.43689, 9.43689, 9.43689, 9.43689, 9.43689]",
LSTM,91328,70,1,10,1,47.716,,,,,,,,,,,,,1.98295,1.79568,2.99075,3.83293,4.53614,1.98295,1.76664,2.78145,3.4053,4.05026,21.57607,20.43784,32.07928,37.81868,44.86519,"[7.20756, 6.91247, 7.08272, 6.89132, 6.23136, 5.69609, 5.18716, 5.0781, 4.54871, 3.95182, 3.41518, 3.05521, 2.73793, 2.42466, 2.15532, 1.87526, 1.59925, 1.31207, 1.08034, 0.95295]",
Alg_c,91328,70,1,10,1,0,0.34541,0.34541,1,0,0,0.33333,1,1,0,0,0.33333,1,,,,,,,,,,,,,,,,,"[0.21256, 0.0, 0.0, 0.4669, 0.25648, 0.0, 0.17697, 0.17924, 0.1682, 0.51435, 0.0, 0.05781, 0.01696, 0.24591, 0.25829, 0.29367, 0.0, 0.64648, 0.0253, 0.0, 0.0, 0.0, 0.80698, 0.39031, 0.0, 0.28071, 0.37111, 0.03516, 0.11394, 0.08947, 0.77498, 0.04922, 0.0, 0.42637, 0.19195, 0.0, 0.40106, 0.51748, 0.52512, 0.0, 0.26062, 0.94727, 0.65861, 0.0, 1.12114, 0.40407, 0.0, 0.73353, 0.78961, 0.0, 1.43552, 0.0, 1.56797, 0.0, 0.39246, 0.73584, 0.5377, 0.599, 0.84957, 1.18014, 0.19113, 0.0, 0.95418, 0.7923, 0.21495, 0.67004, 0.22141, 0.51509, 0.17816]"
UDE-NN,16025,70,1,10,1,97.313,0.19159,0.27491,1,0,0,0.33333,1,1,0,0,0.33333,1,0.02319,0.56752,0.80674,0.80971,0.83806,0.02319,0.47911,0.67353,0.68359,0.72253,0.37559,8.77488,11.89264,11.52682,11.87414,"[6.15055, 6.05644, 6.06014, 6.10808, 6.17644, 6.25346, 6.33313, 6.4124, 6.48974, 6.56445, 6.63625, 6.70505, 6.7709, 6.83387, 6.89405, 6.95155, 7.00646, 7.05888, 7.10891, 7.15663]","[-0.30575, -0.39321, -0.46067, -0.45676, -0.20872, -0.07391, -0.05878, -0.11918, -0.08551, 0.02648, 0.07246, -0.19115, -0.11617, 0.0512, -0.11171, -0.10422, -0.03257, 0.05486, 0.12417, 0.05033, 0.17685, 0.12186, 0.07075, 0.30945, 0.33662, 0.15708, 0.27254, 0.35657, 0.35997, 0.45349, 0.42534, 0.3878, 0.35888, 0.32292, 0.32173, 0.3927, 0.36127, 0.30597, 0.22198, 0.18301, 0.19443, 0.20435, 0.35344, 0.39193, 0.50359, 0.58416, 0.5638, 0.48418, 0.43003, 0.29952, 0.15443, 0.13692, 0.17681, -0.00017, 0.15311, 0.31006, 0.51779, 0.50383, 0.51942, 0.59639, 0.59683, 0.53667, 0.48316, 0.43869, 0.5791, 0.58178, 0.70948, 0.74504, 0.59303, 0.60626]"
GP,16025,70,1,10,1,203.698,0.12465,0.27491,1,0,0,0.33333,1,0.98305,0,0,0.32768,0.95028,0.05114,0.53658,0.78641,0.79736,0.8295,0.05114,0.46522,0.66098,0.67777,0.71963,0.82831,8.48395,11.60975,11.35385,11.75389,"[6.1226, 6.01691, 6.01543, 6.06174, 6.13061, 6.20944, 6.29166, 6.37383, 6.45423, 6.53203, 6.60686, 6.67864, 6.74737, 6.81314, 6.87604, 6.93619, 6.99368, 7.04863, 7.10112, 7.15127]","[-0.18151, -0.16968, -0.15785, -0.14602, -0.13419, -0.12236, -0.11053, -0.09869, -0.08686, -0.07503, -0.0632, -0.05137, -0.03954, -0.0277, -0.01587, -0.00404, 0.00779, 0.01962, 0.03146, 0.04329, 0.05512, 0.06695, 0.07878, 0.09062, 0.10245, 0.11428, 0.12611, 0.13794, 0.14977, 0.16161, 0.17344, 0.18527, 0.1971, 0.20893, 0.22077, 0.2326, 0.24443, 0.25626, 0.26809, 0.27992, 0.29176, 0.30359, 0.31542, 0.32725, 0.33908, 0.35092, 0.36275, 0.37458, 0.38641, 0.39824, 0.41007, 0.4219, 0.43374, 0.44557, 0.4574, 0.46923, 0.48106, 0.4929, 0.50473, 0.51656, 0.52839, 0.54022, 0.55205, 0.56389, 0.57572, 0.58755, 0.59938, 0.61121, 0.62304, 0.63487]"
ARIMA,16025,70,1,10,1,16.054,,,,,,,,,,,,,0.13047,0.75443,0.91563,0.94852,0.96961,0.13047,0.62805,0.78964,0.83201,0.86461,2.11336,11.5434,13.87409,13.88096,13.91992,"[6.30421, 6.38372, 6.35113, 6.36449, 6.35901, 6.36126, 6.36034, 6.36072, 6.36056, 6.36062, 6.3606, 6.36061, 6.3606, 6.36061, 6.36061, 6.36061, 6.36061, 6.36061, 6.36061, 6.36061]",
RandomWalk,16025,70,1,10,1,0.94,,,,,,,,,,,,,0.32442,0.87677,0.99391,0.98971,0.98855,0.32442,0.7737,0.87617,0.88119,0.89478,5.2549,14.09466,15.54024,14.95913,14.69916,"[6.49816, 6.49816, 6.49816, 6.49816, 6.49816, 6.49816, 6.49816, 6.49816, 6.49816, 6.49816, 6.49816, 6.49816, 6.49816, 6.49816, 6.49816, 6.49816, 6.49816, 6.49816, 6.49816, 6.49816]",
LSTM,16025,70,1,10,1,36.787,,,,,,,,,,,,,5.54997,5.21352,4.91288,4.71449,4.59436,5.54997,5.20689,4.85092,4.63381,4.50247,89.8964,91.47532,84.94916,78.82515,75.13707,"[11.72371, 11.13135, 10.73575, 10.57068, 10.49527, 10.43771, 10.48781, 10.54335, 10.68403, 10.65936, 11.00001, 10.90544, 10.87915, 10.88903, 10.9113, 10.94545, 10.97643, 11.01542, 11.02038, 11.05931]",
Alg_c,16025,70,1,10,1,0,0.27491,0.27491,1,0,0,0.33333,1,1,0,0,0.33333,1,,,,,,,,,,,,,,,,,"[0.0, 0.0, 0.0, 0.0, 0.01405, 0.22946, 0.15698, 0.0, 0.0, 0.25555, 0.5065, 0.0, 0.0, 0.82613, 0.0, 0.0, 0.0, 0.14134, 0.31713, 0.0, 0.48743, 0.04585, 0.0, 0.70745, 0.59029, 0.0, 0.22796, 0.59687, 0.30763, 0.72095, 0.49336, 0.37657, 0.35711, 0.20087, 0.1636, 0.60026, 0.48335, 0.34796, 0.11462, 0.06356, 0.11472, 0.0, 0.50704, 0.27786, 0.60094, 0.83769, 0.71102, 0.43637, 0.58784, 0.32532, 0.0, 0.04368, 0.59544, 0.0, 0.09895, 0.20828, 0.96364, 0.46728, 0.3947, 0.74235, 0.71173, 0.51956, 0.47514, 0.04061, 0.92745, 0.25431, 0.84426, 1.20067, 0.11845]"
UDE-NN,27272,70,1,10,1,102.369,0.09283,0.19128,1,0,0,0.33333,1,1,0,0,0.33333,1,0.0909,0.94188,1.955,2.2715,2.54444,0.0909,0.69578,1.49808,1.79876,2.11806,0.91501,6.31372,12.42171,14.58316,16.95905,"[9.8434, 9.85721, 9.82002, 9.77871, 9.73758, 9.69702, 9.65702, 9.61759, 9.57868, 9.54029, 9.50239, 9.46496, 9.42798, 9.39143, 9.3553, 9.31956, 9.28421, 9.24921, 9.21456, 9.18024]","[-0.29327, -0.19788, -0.1884, -0.07758, 0.00858, 0.03171, -0.03636, -0.03731, 0.02333, 0.11088, 0.24831, 0.24001, 0.23441, 0.22383, 0.22276, 0.1995, 0.13292, 0.13817, 0.11572, 0.15014, 0.21894, 0.19923, 0.22661, 0.21914, 0.23768, 0.25452, 0.22757, 0.28787, 0.24524, 0.30831, 0.32765, 0.38184, 0.4111, 0.38882, 0.4351, 0.39864, 0.42643, 0.46203, 0.52791, 0.54643, 0.57525, 0.52642, 0.44302, 0.38405, 0.40599, 0.5046, 0.49193, 0.52342, 0.51325, 0.47405, 0.39951, 0.3641, 0.41216, 0.53666, 0.64717, 0.71806, 0.66079, 0.63664, 0.5758, 0.54123, 0.66393, 0.65654, 0.66713, 0.67456, 0.76556, 0.75751, 0.72655, 0.71598, 0.79618, 0.81209]"
GP,27272,70,1,10,1,215.93,0.04156,0.19128,1,0,0,0.33333,1,1,0,0,0.33333,1,0.05319,0.90189,1.89949,2.20921,2.47134,0.05319,0.64608,1.43558,1.73105,2.04242,0.53538,5.84196,11.86904,13.99943,16.32389,"[9.88111, 9.90274, 9.87022, 9.83376, 9.79759, 9.76205, 9.72714, 9.69284, 9.65913, 9.626, 9.59341, 9.56136, 9.52982, 9.49877, 9.46819, 9.43807, 9.4084, 9.37915, 9.35031, 9.32186]","[-0.03881, -0.02703, -0.01525, -0.00347, 0.0083, 0.02008, 0.03186, 0.04364, 0.05542, 0.0672, 0.07898, 0.09076, 0.10254, 0.11432, 0.1261, 0.13788, 0.14965, 0.16143, 0.17321, 0.18499, 0.19677, 0.20855, 0.22033, 0.23211, 0.24389, 0.25567, 0.26745, 0.27923, 0.29101, 0.30279, 0.31457, 0.32634, 0.33812, 0.3499, 0.36168, 0.37346, 0.38524, 0.39702, 0.4088, 0.42058, 0.43236, 0.44414, 0.45592, 0.4677, 0.47948, 0.49126, 0.50303, 0.51481, 0.52659, 0.53837, 0.55015, 0.56193, 0.57371, 0.58549, 0.59727, 0.60905, 0.62083, 0.63261, 0.64438, 0.65616, 0.66794, 0.67972, 0.6915, 0.70328, 0.71506, 0.72684, 0.73862, 0.7504, 0.76217, 0.77395]"
ARIMA,27272,70,1,10,1,18.683,,,,,,,,,,,,,0.69847,1.40404,2.29521,2.5795,2.80832,0.69847,1.26734,1.97501,2.2375,2.5002,7.0309,11.78875,16.79313,18.54913,20.3754,"[9.23583, 9.23583, 9.23583, 9.23583, 9.23583, 9.23583, 9.23583, 9.23583, 9.23583, 9.23583, 9.23583, 9.23583, 9.23583, 9.23583, 9.23583, 9.23583, 9.23583, 9.23583, 9.23583, 9.23583]",
RandomWalk,27272,70,1,10,1,1.173,,,,,,,,,,,,,0.47257,1.20407,2.10397,2.3862,2.60924,0.47257,1.04144,1.74911,2.01161,2.27431,4.75698,9.6312,14.75799,16.55694,18.42787,"[9.46172, 9.46172, 9.46172, 9.46172, 9.46172, 9.46172, 9.46172, 9.46172, 9.46172, 9.46172, 9.46172, 9.46172, 9.46172, 9.46172, 9.46172, 9.46172, 9.46172, 9.46172, 9.46172, 9.46172]",
LSTM,27272,70,1,10,1,43.113,,,,,,,,,,,,,1.42577,2.3262,2.66787,2.64918,2.77795,1.42577,2.21596,2.54769,2.51619,2.6521,14.35204,20.79671,22.41149,21.67002,22.31998,"[8.50852, 8.3596, 8.27077, 8.19215, 8.10498, 8.00526, 8.07104, 8.97613, 9.94238, 10.20061, 10.43876, 10.41549, 10.07967, 9.58529, 9.10836, 8.74634, 8.53762, 8.3759, 8.25052, 8.16438]",
Alg_c,27272,70,1,10,1,0,0.19128,0.19128,1,0,0,0.33333,1,1,0,0,0.33333,1,,,,,,,,,,,,,,,,,"[0.0, 0.0, 0.0, 0.0, 0.13097, 0.23621, 0.0, 0.0, 0.00915, 0.0, 0.58898, 0.18742, 0.25137, 0.1918, 0.25562, 0.31821, 0.0, 0.23275, 0.0, 0.03855, 0.47506, 0.03828, 0.35235, 0.12973, 0.22538, 0.42428, 0.0, 0.59804, 0.0, 0.44191, 0.24113, 0.42138, 0.54322, 0.19317, 0.64267, 0.24303, 0.43747, 0.38946, 0.63536, 0.51475, 0.73604, 0.59909, 0.39278, 0.22607, 0.23092, 0.76597, 0.36368, 0.60807, 0.55562, 0.55229, 0.32914, 0.20216, 0.25848, 0.57434, 0.73594, 0.98944, 0.56003, 0.70835, 0.52779, 0.18825, 0.97463, 0.60599, 0.66004, 0.50962, 0.9665, 0.82302, 0.68186, 0.52915, 0.9278]"
UDE-NN,67883,70,1,10,1,101.403,0.06852,0.1718,1,0,0,0.33333,1,1,0,0,0.33333,1,0.03878,0.5353,1.01106,1.00058,0.91692,0.03878,0.39479,0.83381,0.84806,0.76394,0.5789,6.56241,14.62486,14.65095,12.8174,"[6.73821, 6.67052, 6.68637, 6.7358, 6.79845, 6.86537, 6.93259, 6.99837, 7.06201, 7.12324, 7.18203, 7.23842, 7.29247, 7.34426, 7.39388, 7.44142, 7.48694, 7.53053, 7.57226, 7.61219]","[0.10281, 0.09523, -0.0019, -0.00984, 0.02511, 0.03107, 0.06602, -0.00845, -0.04954, -0.04851, 0.04828, 0.05318, 0.11701, 0.16453, 0.15843, 0.21409, 0.21399, 0.18711, 0.19413, 0.19868, 0.18847, 0.23042, 0.16361, 0.15386, 0.12661, 0.16889, 0.22992, 0.23732, 0.18446, 0.24034, 0.33236, 0.35694, 0.40525, 0.39199, 0.35939, 0.30787, 0.26779, 0.21472, 0.25173, 0.3447, 0.40112, 0.43706, 0.4619, 0.45109, 0.52391, 0.58081, 0.53811, 0.50453, 0.49633, 0.46277, 0.42989, 0.53238, 0.51927, 0.5486, 0.51675, 0.61871, 0.69869, 0.69515, 0.72845, 0.6955, 0.64754, 0.58626, 0.62513, 0.52724, 0.57148, 0.58188, 0.60971, 0.63605, 0.67467, 0.68299]"
GP,67883,70,1,10,1,216.106,0.01526,0.1718,1,0,0,0.33333,1,1,0,0,0.33333,1,0.04278,0.53703,1.00903,0.99749,0.91543,0.04278,0.39631,0.83277,0.84566,0.76463,0.63854,6.58734,14.60541,14.61031,12.81851,"[6.74221, 6.67518, 6.69044, 6.73866, 6.7998, 6.86509, 6.93064, 6.99475, 7.05674, 7.11637, 7.17357, 7.2284, 7.28092, 7.33121, 7.37934, 7.42541, 7.46948, 7.51164, 7.55194, 7.59046]","[0.03012, 0.03953, 0.04893, 0.05833, 0.06773, 0.07714, 0.08654, 0.09594, 0.10534, 0.11475, 0.12415, 0.13355, 0.14295, 0.15236, 0.16176, 0.17116, 0.18057, 0.18997, 0.19937, 0.20877, 0.21818, 0.22758, 0.23698, 0.24639, 0.25579, 0.26519, 0.27459, 0.284, 0.2934, 0.3028, 0.31221, 0.32161, 0.33101, 0.34042, 0.34982, 0.35922, 0.36862, 0.37803, 0.38743, 0.39683, 0.40624, 0.41564, 0.42504, 0.43445, 0.44385, 0.45325, 0.46265, 0.47206, 0.48146, 0.49086, 0.50027, 0.50967, 0.51907, 0.52847, 0.53788, 0.54728, 0.55668, 0.56609, 0.57549, 0.58489, 0.59429, 0.6037, 0.6131, 0.6225, 0.6319, 0.64131, 0.65071, 0.66011, 0.66951, 0.67892]"
ARIMA,67883,70,1,10,1,18.336,,,,,,,,,,,,,0.34444,0.7801,1.10944,1.06344,1.00596,0.34444,0.69622,1.00831,0.96575,0.91803,5.14133,11.31808,17.40443,16.52883,15.09223,"[7.04387, 7.04387, 7.04387, 7.04387, 7.04387, 7.04387, 7.04387, 7.04387, 7.04387, 7.04387, 7.04387, 7.04387, 7.04387, 7.04387, 7.04387, 7.04387, 7.04387, 7.04387, 7.04387, 7.04387]",
RandomWalk,67883,70,1,10,1,1.094,,,,,,,,,,,,,0.34444,0.7801,1.10944,1.06344,1.00596,0.34444,0.69622,1.00831,0.96575,0.91803,5.14133,11.31808,17.40443,16.52883,15.09223,"[7.04387, 7.04387, 7.04387, 7.04387, 7.04387, 7.04387, 7.04387, 7.04387, 7.04387, 7.04387, 7.04387, 7.04387, 7.04387, 7.04387, 7.04387, 7.04387, 7.04387, 7.04387, 7.04387, 7.04387]",
LSTM,67883,70,1,10,1,43.46,,,,,,,,,,,,,3.38675,3.51941,3.6613,3.59942,3.28612,3.38675,3.50808,3.64206,3.57767,3.15324,50.5528,55.66903,61.11878,59.60722,51.43866,"[10.08618, 9.80802, 9.92405, 9.83145, 9.62896, 9.2846, 9.32722, 9.45577, 9.61032, 9.81968, 9.62442, 9.46889, 9.0847, 9.17474, 9.42016, 9.54917, 9.59524, 9.52878, 9.33806, 9.1251]",
Alg_c,67883,70,1,10,1,0,0.1718,0.1718,1,0,0,0.33333,1,1,0,0,0.33333,1,,,,,,,,,,,,,,,,,"[0.13528, 0.29716, 0.0, 0.0, 0.06731, 0.0, 0.27942, 0.0, 0.0, 0.0, 0.22994, 0.0, 0.14057, 0.28188, 0.01946, 0.33669, 0.28115, 0.11512, 0.19224, 0.24098, 0.07139, 0.46215, 0.02819, 0.19486, 0.0, 0.12613, 0.3528, 0.365, 0.0, 0.156, 0.47158, 0.30744, 0.52973, 0.43496, 0.39728, 0.29387, 0.28288, 0.02184, 0.12482, 0.41162, 0.45091, 0.481, 0.53666, 0.28482, 0.52396, 0.78558, 0.51483, 0.45205, 0.54935, 0.48997, 0.12878, 0.79974, 0.40077, 0.6992, 0.22851, 0.67175, 0.87399, 0.6103, 0.85804, 0.71191, 0.71133, 0.33956, 0.95367, 0.1894, 0.66226, 0.54344, 0.62228, 0.59633, 0.74738]"
UDE-NN,86366,70,1,10,1,101.686,0.12585,0.25249,1,0,0,0.33333,1,1,0,0,0.33333,1,0.04867,1.50368,2.2527,2.46369,2.62941,0.04867,1.3056,2.04546,2.25722,2.43689,0.5493,12.50228,18.29229,19.8193,21.12031,"[8.81199, 8.73944, 8.72978, 8.73172, 8.73555, 8.73935, 8.74271, 8.74557, 8.74793, 8.7498, 8.7512, 8.75213, 8.75262, 8.75267, 8.7523, 8.75151, 8.75034, 8.74877, 8.74683, 8.74453]","[-0.00848, 0.08109, 0.02236, 0.02595, 0.05634, 0.06109, 0.11276, 0.1443, 0.1015, 0.11818, 0.11889, 0.06675, -0.07667, -0.06356, -0.04059, 0.00832, 0.03254, -0.03388, 0.04554, 0.18091, 0.292, 0.31393, 0.28565, 0.21459, 0.24079, 0.35471, 0.24033, 0.1383, 0.06142, 0.08047, 0.0343, 0.05449, 0.11156, 0.33712, 0.40455, 0.43829, 0.34115, 0.31643, 0.26387, 0.2498, 0.23275, 0.36593, 0.43104, 0.43137, 0.44837, 0.50899, 0.43595, 0.42112, 0.55087, 0.48967, 0.50294, 0.34059, 0.23856, 0.22217, 0.27526, 0.30123, 0.3724, 0.50006, 0.58653, 0.5395, 0.50524, 0.64026, 0.50891, 0.45843, 0.51826, 0.55476, 0.5564, 0.67735, 0.67495, 0.68497]"
GP,86366,70,1,10,1,219.73,0.06793,0.25249,1,0,0,0.33333,1,1,0,0,0.33333,1,0.07655,1.36513,2.09491,2.29991,2.45761,0.07655,1.18265,1.89373,2.09842,2.26903,0.8639,11.32266,16.91934,18.40693,19.64695,"[8.93721, 8.88937, 8.88912, 8.89631, 8.90433, 8.91206, 8.91931, 8.92605, 8.93231, 8.9381, 8.94342, 8.9483, 8.95274, 8.95677, 8.9604, 8.96363, 8.96649, 8.96898, 8.97111, 8.9729]","[0.07975, 0.08668, 0.09362, 0.10055, 0.10749, 0.11443, 0.12136, 0.1283, 0.13523, 0.14217, 0.14911, 0.15604, 0.16298, 0.16991, 0.17685, 0.18379, 0.19072, 0.19766, 0.2046, 0.21153, 0.21847, 0.2254, 0.23234, 0.23928, 0.24621, 0.25315, 0.26009, 0.26702, 0.27396, 0.2809, 0.28783, 0.29477, 0.30171, 0.30864, 0.31558, 0.32251, 0.32945, 0.33639, 0.34332, 0.35026, 0.3572, 0.36413, 0.37107, 0.37801, 0.38494, 0.39188, 0.39882, 0.40575, 0.41269, 0.41963, 0.42656, 0.4335, 0.44043, 0.44737, 0.45431, 0.46124, 0.46818, 0.47512, 0.48205, 0.48899, 0.49592, 0.50286, 0.5098, 0.51673, 0.52367, 0.5306, 0.53754, 0.54447, 0.55141, 0.55835]"
ARIMA,86366,70,1,10,1,18.853,,,,,,,,,,,,,0.64429,0.49972,0.552,0.64889,0.73164,0.64429,0.42561,0.45709,0.54372,0.59753,7.27141,4.37976,4.26376,4.89716,5.23847,"[9.50495, 9.93114, 10.42917, 10.71444, 10.87785, 10.97144, 11.02505, 11.05576, 11.07335, 11.08342, 11.0892, 11.0925, 11.09439, 11.09548, 11.0961, 11.09646, 11.09666, 11.09678, 11.09684, 11.09688]",
RandomWalk,86366,70,1,10,1,1.161,,,,,,,,,,,,,0.59347,0.93829,1.63135,1.83424,1.99058,0.59347,0.83856,1.45741,1.65011,1.81088,6.69778,8.15835,13.04238,14.47386,15.66279,"[9.45413, 9.45413, 9.45413, 9.45413, 9.45413, 9.45413, 9.45413, 9.45413, 9.45413, 9.45413, 9.45413, 9.45413, 9.45413, 9.45413, 9.45413, 9.45413, 9.45413, 9.45413, 9.45413, 9.45413]",
LSTM,86366,70,1,10,1,43.903,,,,,,,,,,,,,0.95896,0.55328,0.47124,0.62108,0.6815,0.95896,0.49148,0.36304,0.48322,0.51872,10.82268,5.04105,3.52298,4.43794,4.70943,"[9.81962, 9.77282, 9.78848, 10.06875, 10.6549, 11.24888, 11.22127, 11.16954, 11.33033, 11.96248, 13.09933, 13.20443, 12.64048, 12.38279, 12.33493, 12.5275, 12.02332, 12.0656, 11.50656, 11.70583]",
Alg_c,86366,70,1,10,1,0,0.25249,0.25249,1,0,0,0.33333,1,1,0,0,0.33333,1,,,,,,,,,,,,,,,,,"[0.0, 0.38831, 0.0, 0.0, 0.09278, 0.0, 0.16095, 0.30172, 0.0, 0.14669, 0.21961, 0.26704, 0.0, 0.0, 0.0, 0.06796, 0.20761, 0.0, 0.0, 0.23692, 0.49943, 0.44947, 0.35053, 0.01119, 0.09757, 0.80767, 0.22885, 0.07572, 0.0, 0.17393, 0.0, 0.0, 0.0, 0.63567, 0.49344, 0.70656, 0.20401, 0.35113, 0.1901, 0.21582, 0.0, 0.49132, 0.57786, 0.39879, 0.34538, 0.76548, 0.3501, 0.13781, 0.92605, 0.38477, 0.8558, 0.16957, 0.02963, 0.07538, 0.33263, 0.21204, 0.25077, 0.58629, 0.85764, 0.49134, 0.14179, 1.21079, 0.26582, 0.2232, 0.59834, 0.60834, 0.32162, 0.92252, 0.64805]"
UDE-NN,89255,70,1,10,1,103.352,0.06881,0.22169,1,0,0,0.33333,1,1,0,0,0.33333,1,0.17822,0.53789,0.56419,0.77085,0.93453,0.17822,0.38055,0.46092,0.60645,0.76658,1.58781,3.65696,4.33795,6.02009,7.86976,"[11.40224, 11.31624, 11.2509, 11.18563, 11.12239, 11.06096, 11.00126, 10.94326, 10.8869, 10.83212, 10.77887, 10.72711, 10.67677, 10.62783, 10.58022, 10.53391, 10.48886, 10.44502, 10.40236, 10.36083]","[0.08964, 0.1246, 0.09064, 0.02281, 0.00122, -0.00809, -0.04159, 0.07691, 0.16257, 0.08291, 0.05361, 0.09191, 0.18042, 0.07718, 0.14358, 0.0205, 0.14338, 0.20774, 0.25926, 0.26792, 0.21265, 0.19035, 0.17855, 0.25796, 0.26683, 0.25703, 0.30101, 0.35294, 0.38904, 0.34706, 0.29801, 0.3029, 0.29539, 0.35886, 0.41771, 0.30599, 0.31198, 0.36763, 0.41194, 0.39796, 0.46242, 0.43464, 0.37235, 0.30925, 0.33251, 0.38471, 0.34985, 0.35539, 0.52895, 0.55567, 0.53924, 0.50147, 0.57747, 0.58694, 0.62652, 0.54919, 0.50781, 0.62749, 0.60112, 0.59518, 0.5261, 0.49491, 0.51641, 0.60615, 0.57279, 0.53809, 0.61253, 0.62442, 0.5123, 0.51851]"
GP,89255,70,1,10,1,218.35,0.03379,0.22169,1,0,0,0.33333,1,1,0,0,0.33333,1,0.06124,0.47066,0.52486,0.70755,0.8495,0.06124,0.33831,0.42771,0.556,0.69741,0.54561,3.24307,3.99287,5.48996,7.13324,"[11.28526, 11.20767, 11.13832, 11.0704, 11.00436, 10.9401, 10.87758, 10.81672, 10.75749, 10.69982, 10.64366, 10.58897, 10.53569, 10.48379, 10.43321, 10.38391, 10.33585, 10.28898, 10.24328, 10.1987]","[0.05992, 0.06828, 0.07663, 0.08499, 0.09335, 0.1017, 0.11006, 0.11842, 0.12677, 0.13513, 0.14349, 0.15184, 0.1602, 0.16856, 0.17691, 0.18527, 0.19363, 0.20198, 0.21034, 0.2187, 0.22705, 0.23541, 0.24377, 0.25212, 0.26048, 0.26884, 0.2772, 0.28555, 0.29391, 0.30227, 0.31062, 0.31898, 0.32734, 0.33569, 0.34405, 0.35241, 0.36077, 0.36912, 0.37748, 0.38584, 0.39419, 0.40255, 0.41091, 0.41926, 0.42762, 0.43598, 0.44433, 0.45269, 0.46105, 0.46941, 0.47776, 0.48612, 0.49448, 0.50283, 0.51119, 0.51955, 0.5279, 0.53626, 0.54462, 0.55297, 0.56133, 0.56968, 0.57804, 0.5864, 0.59475, 0.60311, 0.61147, 0.61982, 0.62818, 0.63654]"
ARIMA,89255,70,1,10,1,17.54,,,,,,,,,,,,,0.67531,0.60819,0.59818,0.7397,0.8895,0.67531,0.55405,0.49612,0.60174,0.7469,6.01668,5.02417,4.46248,5.76377,7.49173,"[10.54871, 10.54871, 10.54871, 10.54871, 10.54871, 10.54871, 10.54871, 10.54871, 10.54871, 10.54871, 10.54871, 10.54871, 10.54871, 10.54871, 10.54871, 10.54871, 10.54871, 10.54871, 10.54871, 10.54871]",
RandomWalk,89255,70,1,10,1,1.175,,,,,,,,,,,,,0.67531,0.60819,0.59818,0.7397,0.8895,0.67531,0.55405,0.49612,0.60174,0.7469,6.01668,5.02417,4.46248,5.76377,7.49173,"[10.54871, 10.54871, 10.54871, 10.54871, 10.54871, 10.54871, 10.54871, 10.54871, 10.54871, 10.54871, 10.54871, 10.54871, 10.54871, 10.54871, 10.54871, 10.54871, 10.54871, 10.54871, 10.54871, 10.54871]",
LSTM,89255,70,1,10,1,43.756,,,,,,,,,,,,,0.99321,0.70735,0.89424,0.82592,0.74911,0.99321,0.65697,0.81899,0.72618,0.63568,8.84894,6.00877,7.61634,6.826,6.05487,"[10.23081, 10.35808, 11.63807, 10.16456, 9.47262, 8.64307, 9.58084, 10.34403, 11.10513, 9.42766, 9.78354, 8.53002, 8.79655, 9.57812, 9.44493, 9.90521, 10.36839, 8.8227, 8.95236, 9.37409]",
Alg_c,89255,70,1,10,1,0,0.22169,0.22169,1,0,0,0.33333,1,1,0,0,0.33333,1,,,,,,,,,,,,,,,,,"[0.03218, 0.26576, 0.16916, 0.0, 0.0, 0.06098, 0.0, 0.14066, 0.49535, 0.0, 0.0, 0.0, 0.5932, 0.0, 0.48793, 0.0, 0.29221, 0.24999, 0.35396, 0.40425, 0.14111, 0.20062, 0.0, 0.38893, 0.28898, 0.15063, 0.29497, 0.36928, 0.54729, 0.34111, 0.18543, 0.34054, 0.14675, 0.3536, 0.79188, 0.04094, 0.22955, 0.39977, 0.54713, 0.20205, 0.65797, 0.47458, 0.37819, 0.13144, 0.26385, 0.58206, 0.29922, 0.0, 0.86868, 0.58095, 0.62104, 0.21392, 0.76795, 0.44274, 0.92692, 0.48224, 0.07385, 1.05035, 0.45812, 0.75937, 0.41971, 0.39185, 0.36822, 0.866, 0.5443, 0.31435, 0.72104, 0.88223, 0.25588]"
UDE-NN,28757,70,1,10,1,105.082,0.15685,0.34138,1,0,0,0.33333,1,1,0,0,0.33333,1,0.69757,0.69286,0.96016,1.44841,2.23847,0.69757,0.66807,0.81086,1.1455,1.73126,8.0257,7.60154,8.78885,11.59535,15.91938,"[7.9941, 8.06341, 8.09363, 8.1105, 8.12257, 8.13258, 8.14141, 8.14934, 8.15649, 8.16289, 8.16859, 8.1736, 8.17795, 8.18165, 8.18473, 8.18721, 8.18909, 8.1904, 8.19116, 8.19138]","[0.24633, 0.35875, 0.41271, 0.15095, -0.15729, -0.27691, -0.08639, 0.00497, -0.10349, -0.18567, 0.08999, 0.03717, 0.21119, 0.22998, 0.03672, -0.06489, 0.01543, 0.11185, 0.05971, 0.03252, 0.07828, 0.27421, 0.36755, 0.43433, 0.39561, 0.34573, 0.15724, 0.16507, 0.26798, 0.34403, 0.32161, 0.38833, 0.33863, 0.35122, 0.31784, 0.40984, 0.41419, 0.40668, 0.39941, 0.22807, 0.26811, 0.34369, 0.62935, 0.65673, 0.60514, 0.62346, 0.63926, 0.57613, 0.50671, 0.56127, 0.56337, 0.65627, 0.7778, 0.59864, 0.42541, 0.51763, 0.40064, 0.39986, 0.36079, 0.57257, 0.60848, 0.57492, 0.55223, 0.53848, 0.6038, 0.74048, 0.87411, 0.95913, 0.97727, 0.98792]"
GP,28757,70,1,10,1,216.396,0.02882,0.34138,1,0,0,0.33333,1,1,0,0,0.33333,1,0.45345,0.4023,0.70455,1.2011,1.98829,0.45345,0.36072,0.54622,0.8682,1.44111,5.21705,4.08931,5.87533,8.6508,13.00619,"[8.23822, 8.38227, 8.42939, 8.44935, 8.46185, 8.47194, 8.48086, 8.48896, 8.49632, 8.50298, 8.50898, 8.51433, 8.51905, 8.52316, 8.52668, 8.52963, 8.53202, 8.53388, 8.53521, 8.53603]","[0.00322, 0.0139, 0.02457, 0.03525, 0.04592, 0.0566, 0.06727, 0.07795, 0.08862, 0.0993, 0.10997, 0.12065, 0.13132, 0.142, 0.15267, 0.16335, 0.17402, 0.1847, 0.19537, 0.20605, 0.21672, 0.2274, 0.23807, 0.24875, 0.25943, 0.2701, 0.28078, 0.29145, 0.30213, 0.3128, 0.32348, 0.33415, 0.34483, 0.3555, 0.36618, 0.37685, 0.38753, 0.3982, 0.40888, 0.41956, 0.43023, 0.44091, 0.45158, 0.46226, 0.47293, 0.48361, 0.49428, 0.50496, 0.51563, 0.52631, 0.53698, 0.54766, 0.55833, 0.56901, 0.57968, 0.59036, 0.60103, 0.61171, 0.62238, 0.63306, 0.64373, 0.65441, 0.66508, 0.67576, 0.68643, 0.69711, 0.70778, 0.71846, 0.72913, 0.73981]"
ARIMA,28757,70,1,10,1,18.655,,,,,,,,,,,,,0.69964,0.80283,1.10549,1.60542,2.40522,0.69964,0.78679,0.96989,1.31741,1.91531,8.04954,8.96669,10.56748,13.43695,17.77227,"[7.99203, 7.99662, 7.84496, 8.02787, 7.9291, 7.89821, 8.0186, 7.89612, 7.94656, 7.98657, 7.89525, 7.97433, 7.9531, 7.9133, 7.98001, 7.93105, 7.93572, 7.97079, 7.92372, 7.95243]",
RandomWalk,28757,70,1,10,1,1.154,,,,,,,,,,,,,0.87475,0.94396,1.22688,1.71401,2.5107,0.87475,0.928,1.10664,1.45101,2.04857,10.06429,10.57639,12.10432,14.89547,19.15453,"[7.81691, 7.81691, 7.81691, 7.81691, 7.81691, 7.81691, 7.81691, 7.81691, 7.81691, 7.81691, 7.81691, 7.81691, 7.81691, 7.81691, 7.81691, 7.81691, 7.81691, 7.81691, 7.81691, 7.81691]",
LSTM,28757,70,1,10,1,47.867,,,,,,,,,,,,,1.23638,1.32036,1.9477,2.54251,3.42145,1.23638,1.31475,1.78997,2.23287,2.92854,14.22493,15.0165,19.6733,23.1359,27.8248,"[7.45528, 7.54221, 7.47932, 7.40292, 7.27107, 7.10837, 6.94838, 6.81169, 6.69961, 6.61697, 6.55787, 6.52703, 6.52082, 6.53792, 6.5747, 6.6269, 6.68884, 6.7537, 6.81464, 6.86552]",
Alg_c,28757,70,1,10,1,0,0.34138,0.34138,1,0,0,0.33333,1,1,0,0,0.33333,1,,,,,,,,,,,,,,,,,"[0.03486, 0.456, 1.04945, 0.1966, 0.0, 0.0, 0.14223, 0.44143, 0.0, 0.0, 0.75959, 0.0, 0.51229, 0.66699, 0.0, 0.0, 0.0, 0.40787, 0.02167, 0.0, 0.0, 0.45967, 0.44721, 0.6503, 0.36512, 0.64356, 0.0, 0.0, 0.30553, 0.57097, 0.07852, 0.67244, 0.15451, 0.51886, 0.0, 0.6592, 0.40052, 0.35429, 0.85019, 0.0, 0.29713, 0.0, 1.24547, 0.72843, 0.38465, 0.62944, 0.81633, 0.6161, 0.18065, 0.79166, 0.34534, 0.48117, 1.48844, 0.52748, 0.0, 1.04589, 0.06378, 0.576, 0.0, 0.94618, 0.68717, 0.512, 0.55858, 0.40566, 0.47439, 0.74791, 0.95744, 1.08753, 0.95794]"
UDE-NN,18423,70,1,10,1,103.929,0.06991,0.18037,1,0,0,0.33333,1,1,0,0,0.33333,1,0.16127,2.26348,2.34763,2.16518,2.06766,0.16127,1.81886,1.97296,1.75357,1.72095,1.95122,16.70497,18.11321,16.57228,18.05389,"[8.10373, 8.18261, 8.21398, 8.23025, 8.24152, 8.25078, 8.25891, 8.26619, 8.27273, 8.27854, 8.28368, 8.28815, 8.29198, 8.29519, 8.2978, 8.29981, 8.30126, 8.30216, 8.30251, 8.30235]","[0.15471, 0.08371, 0.09389, 0.10493, 0.07722, 0.07243, 0.02175, 0.00642, -0.00576, 0.05154, 0.15257, 0.088, 0.13325, 0.06576, 0.0519, 0.04584, 0.0634, 0.12459, 0.13796, 0.26304, 0.31623, 0.25507, 0.2908, 0.27061, 0.31277, 0.34687, 0.3475, 0.30141, 0.29792, 0.29876, 0.2928, 0.41317, 0.33382, 0.3287, 0.34314, 0.39054, 0.36915, 0.34599, 0.39132, 0.37624, 0.38496, 0.3953, 0.44979, 0.48575, 0.41542, 0.40491, 0.42199, 0.46195, 0.5167, 0.5261, 0.57004, 0.61451, 0.61723, 0.58523, 0.56077, 0.53956, 0.52698, 0.63545, 0.68632, 0.60871, 0.55779, 0.57182, 0.62208, 0.69618, 0.66513, 0.63367, 0.67204, 0.81747, 0.90062, 0.91156]"
GP,18423,70,1,10,1,214.93,0.02498,0.18037,1,0,0,0.33333,1,1,0,0,0.33333,1,0.03166,2.05648,2.12759,1.9851,1.96749,0.03166,1.58387,1.71997,1.58874,1.64502,0.38309,14.37013,15.62583,15.10372,17.71526,"[8.29666, 8.43255, 8.47665, 8.49594, 8.50859, 8.51908, 8.5285, 8.53712, 8.54504, 8.55227, 8.55885, 8.5648, 8.57013, 8.57487, 8.57904, 8.58264, 8.58571, 8.58825, 8.59028, 8.59181]","[0.02614, 0.03613, 0.04612, 0.05611, 0.0661, 0.07609, 0.08608, 0.09607, 0.10606, 0.11606, 0.12605, 0.13604, 0.14603, 0.15602, 0.16601, 0.176, 0.18599, 0.19598, 0.20598, 0.21597, 0.22596, 0.23595, 0.24594, 0.25593, 0.26592, 0.27592, 0.28591, 0.2959, 0.30589, 0.31588, 0.32587, 0.33586, 0.34585, 0.35585, 0.36584, 0.37583, 0.38582, 0.39581, 0.4058, 0.41579, 0.42579, 0.43578, 0.44577, 0.45576, 0.46575, 0.47574, 0.48573, 0.49572, 0.50572, 0.51571, 0.5257, 0.53569, 0.54568, 0.55567, 0.56566, 0.57565, 0.58565, 0.59564, 0.60563, 0.61562, 0.62561, 0.6356, 0.64559, 0.65558, 0.66557, 0.67557, 0.68556, 0.69555, 0.70554, 0.71553]"
ARIMA,18423,70,1,10,1,17.583,,,,,,,,,,,,,0.37742,2.53937,2.65295,2.42885,2.24009,0.37742,2.12571,2.3153,1.99144,1.82975,4.56652,19.76527,21.48748,18.74864,18.57678,"[7.88757, 7.88757, 7.88757, 7.88757, 7.88757, 7.88757, 7.88757, 7.88757, 7.88757, 7.88757, 7.88757, 7.88757, 7.88757, 7.88757, 7.88757, 7.88757, 7.88757, 7.88757, 7.88757, 7.88757]",
RandomWalk,18423,70,1,10,1,1.134,,,,,,,,,,,,,0.37742,2.53937,2.65295,2.42885,2.24009,0.37742,2.12571,2.3153,1.99144,1.82975,4.56652,19.76527,21.48748,18.74864,18.57678,"[7.88757, 7.88757, 7.88757, 7.88757, 7.88757, 7.88757, 7.88757, 7.88757, 7.88757, 7.88757, 7.88757, 7.88757, 7.88757, 7.88757, 7.88757, 7.88757, 7.88757, 7.88757, 7.88757, 7.88757]",
LSTM,18423,70,1,10,1,43.721,,,,,,,,,,,,,2.04857,4.22431,4.10309,3.79532,3.41428,2.04857,4.01783,3.90459,3.45124,2.90908,24.78615,39.11345,37.42794,33.68549,29.20891,"[6.21642, 5.72917, 5.78074, 5.87083, 6.3801, 6.36053, 7.00787, 6.6113, 6.69206, 6.33387, 5.89645, 6.99301, 6.77248, 7.45748, 7.49007, 7.3802, 7.36122, 6.5421, 6.87209, 6.23751]",
Alg_c,18423,70,1,10,1,0,0.18037,0.18037,1,0,0,0.33333,1,1,0,0,0.33333,1,,,,,,,,,,,,,,,,,"[0.33012, 0.0, 0.07898, 0.18812, 0.01849, 0.17446, 0.0, 0.00612, 0.0, 0.0, 0.48711, 0.0, 0.34595, 0.0, 0.02299, 0.0, 0.0, 0.23134, 0.0, 0.3975, 0.54877, 0.05535, 0.41356, 0.12698, 0.33174, 0.40198, 0.44906, 0.19983, 0.29953, 0.32296, 0.00938, 0.83426, 0.18387, 0.28836, 0.272, 0.53298, 0.37532, 0.18932, 0.53148, 0.32109, 0.39602, 0.29567, 0.4546, 0.7638, 0.20367, 0.38452, 0.38958, 0.4162, 0.64332, 0.43052, 0.55936, 0.69024, 0.6822, 0.546, 0.55994, 0.56654, 0.24126, 0.7677, 0.95052, 0.51914, 0.43021, 0.50891, 0.55426, 0.92177, 0.65788, 0.51287, 0.45159, 0.92982, 1.03671]"
UDE-NN,4150,70,1,10,1,106.887,0.08432,1.6353,1,0,0,0.33333,1,0.94737,0,0,0.31579,0.85263,0.23796,0.45894,1.62915,1.80415,1.85122,0.23796,0.37827,1.28774,1.48894,1.58617,22.52948,26.60737,44.79587,47.32948,47.30739,"[0.81825, 0.8617, 0.90969, 0.96266, 1.0213, 1.08662, 1.15998, 1.24322, 1.33877, 1.44981, 1.58049, 1.73608, 1.92308, 2.14904, 2.42184, 2.74799, 3.12975, 3.56127, 4.02548, 4.4942]","[0.20486, 0.21691, 0.18802, 0.2106, 0.19705, 0.13003, 0.11857, 0.07674, 0.07476, 0.07735, 0.15969, 0.01317, 0.01551, 0.10117, 0.07173, 0.00068, 0.07401, 0.21186, 0.1243, 0.08189, 0.16358, 0.22812, 0.23915, 0.2366, 0.19088, 0.27402, 0.27724, 0.30358, 0.34603, 0.3246, 0.32952, 0.42114, 0.3989, 0.39703, 0.32766, 0.26421, 0.28124, 0.33709, 0.45139, 0.50152, 0.39239, 0.33761, 0.35475, 0.45237, 0.50329, 0.40478, 0.42157, 0.41637, 0.50453, 0.48341, 0.4918, 0.53474, 0.45838, 0.41091, 0.57195, 0.60692, 0.61785, 0.64621, 0.70243, 0.70592, 0.72579, 0.71506, 0.70292, 0.69887, 0.69951, 0.70677, 0.71853, 0.75273, 0.82202, 0.83083]"
GP,4150,70,1,10,1,212.121,0.02191,1.6353,1,0,0,0.33333,1,0.94737,0,0,0.31579,0.85263,0.1941,0.31611,1.23895,1.28308,1.19505,0.1941,0.23868,0.96036,1.04303,0.94557,18.37661,16.30919,32.33987,32.76845,28.75475,"[0.86212, 0.94999, 1.04475, 1.14894, 1.26575, 1.39913, 1.55401, 1.73638, 1.95314, 2.21158, 2.51806, 2.87568, 3.2811, 3.72155, 4.17421, 4.60994, 5.00139, 5.33141, 5.59665, 5.80474]","[0.02082, 0.03088, 0.04093, 0.05099, 0.06104, 0.0711, 0.08116, 0.09121, 0.10127, 0.11133, 0.12138, 0.13144, 0.14149, 0.15155, 0.16161, 0.17166, 0.18172, 0.19178, 0.20183, 0.21189, 0.22195, 0.232, 0.24206, 0.25211, 0.26217, 0.27223, 0.28228, 0.29234, 0.3024, 0.31245, 0.32251, 0.33257, 0.34262, 0.35268, 0.36274, 0.37279, 0.38285, 0.39291, 0.40296, 0.41302, 0.42308, 0.43313, 0.44319, 0.45325, 0.4633, 0.47336, 0.48342, 0.49347, 0.50353, 0.51359, 0.52364, 0.5337, 0.54376, 0.55381, 0.56387, 0.57393, 0.58398, 0.59404, 0.60409, 0.61415, 0.62421, 0.63426, 0.64432, 0.65438, 0.66443, 0.67449, 0.68454, 0.6946, 0.70466, 0.71471]"
ARIMA,4150,70,1,10,1,19.745,,,,,,,,,,,,,0.27708,0.60567,1.99091,2.28089,2.53707,0.27708,0.51386,1.59381,1.89052,2.18454,26.23338,36.56121,56.5805,60.68839,64.76969,"[0.77913, 0.77913, 0.77913, 0.77913, 0.77913, 0.77913, 0.77913, 0.77913, 0.77913, 0.77913, 0.77913, 0.77913, 0.77913, 0.77913, 0.77913, 0.77913, 0.77913, 0.77913, 0.77913, 0.77913]",
RandomWalk,4150,70,1,10,1,1.162,,,,,,,,,,,,,0.27708,0.60567,1.99091,2.28089,2.53707,0.27708,0.51386,1.59381,1.89052,2.18454,26.23338,36.56121,56.5805,60.68839,64.76969,"[0.77913, 0.77913, 0.77913, 0.77913, 0.77913, 0.77913, 0.77913, 0.77913, 0.77913, 0.77913, 0.77913, 0.77913, 0.77913, 0.77913, 0.77913, 0.77913, 0.77913, 0.77913, 0.77913, 0.77913]",
LSTM,4150,70,1,10,1,45.292,,,,,,,,,,,,,0.23527,0.56856,1.96269,2.2523,2.50782,0.23527,0.46744,1.55331,1.85133,2.14662,22.27524,32.73638,54.13975,58.52315,62.87826,"[0.82094, 0.83104, 0.83399, 0.82337, 0.81843, 0.82193, 0.81226, 0.81889, 0.80344, 0.81201, 0.81217, 0.8115, 0.81188, 0.81164, 0.81231, 0.81179, 0.81243, 0.81199, 0.81241, 0.81231]",
Alg_c,4150,70,1,10,1,0,1.6353,1.6353,0.98148,0,0,0.32716,0.98148,0.89362,0,0,0.29787,0.79051,,,,,,,,,,,,,,,,,"[0.19866, 0.3024, 0.07611, 0.28494, 0.31053, 0.0, 0.20543, 0.0, 0.08704, 0.0, 0.71712, 0.0, 0.0, 0.34289, 0.17458, 0.0, 0.0, 0.71202, 0.0, 0.0, 0.20145, 0.33636, 0.23982, 0.36794, 0.0, 0.4835, 0.2053, 0.26262, 0.48633, 0.26243, 0.12586, 0.68771, 0.28936, 0.55715, 0.32628, 0.09646, 0.25657, 0.19753, 0.5418, 0.86375, 0.23483, 0.23771, 0.17696, 0.55099, 0.86969, 0.05197, 0.56509, 0.15815, 0.81007, 0.3617, 0.28908, 1.00428, 0.47883, 0.0, 1.12057, 0.59385, 0.55713, 0.35116, 1.40826, 0.0, 2.07101, 13.78108, NaN, 1.03623, 0.40674, 0.93124, 0.22173, 0.05338, 1.53921]"
UDE-NN,6871,70,1,10,1,107.137,0.06639,0.23824,1,0,0,0.33333,1,1,0,0,0.33333,1,0.02461,0.2113,0.37072,0.3494,0.34842,0.02461,0.16079,0.27698,0.26242,0.25382,0.37055,2.37941,4.22731,3.94111,3.70122,"[6.61629, 6.69801, 6.77501, 6.84817, 6.91797, 6.98472, 7.04862, 7.10983, 7.16847, 7.22465, 7.27848, 7.33006, 7.37946, 7.42679, 7.47211, 7.5155, 7.55704, 7.5968, 7.63483, 7.67121]","[0.16048, 0.09415, 0.00985, 0.11544, 0.11717, 0.14271, 0.17383, 0.12508, 0.09935, 0.16171, 0.17796, 0.09037, 0.0639, 0.07044, 0.10342, 0.17336, 0.16056, 0.17777, 0.16455, 0.21279, 0.18652, 0.25152, 0.27864, 0.22051, 0.16293, 0.18362, 0.22909, 0.36622, 0.31655, 0.33081, 0.34809, 0.36615, 0.28331, 0.28582, 0.3185, 0.33547, 0.36219, 0.33285, 0.32814, 0.32774, 0.33055, 0.35231, 0.3235, 0.40338, 0.46227, 0.6134, 0.59689, 0.50141, 0.38403, 0.37573, 0.39403, 0.40643, 0.58272, 0.58931, 0.54255, 0.62711, 0.61338, 0.66056, 0.65967, 0.68099, 0.68349, 0.60113, 0.66917, 0.65452, 0.57845, 0.61908, 0.61303, 0.62154, 0.71839, 0.72658]"
GP,6871,70,1,10,1,212.752,0.02553,0.23824,1,0,0,0.33333,1,1,0,0,0.33333,1,0.02856,0.23833,0.42104,0.3893,0.37416,0.02856,0.19232,0.32082,0.28663,0.2695,0.43006,2.8733,4.90634,4.34241,3.97779,"[6.66946, 6.77432, 6.8601, 6.93555, 7.00487, 7.07001, 7.13189, 7.19096, 7.24748, 7.30159, 7.35341, 7.40304, 7.45057, 7.49608, 7.53964, 7.58132, 7.62119, 7.65932, 7.69577, 7.7306]","[0.05019, 0.05921, 0.06822, 0.07724, 0.08625, 0.09526, 0.10428, 0.11329, 0.1223, 0.13132, 0.14033, 0.14935, 0.15836, 0.16737, 0.17639, 0.1854, 0.19442, 0.20343, 0.21244, 0.22146, 0.23047, 0.23949, 0.2485, 0.25751, 0.26653, 0.27554, 0.28456, 0.29357, 0.30258, 0.3116, 0.32061, 0.32963, 0.33864, 0.34766, 0.35667, 0.36568, 0.3747, 0.38371, 0.39273, 0.40174, 0.41076, 0.41977, 0.42878, 0.4378, 0.44681, 0.45583, 0.46484, 0.47386, 0.48287, 0.49188, 0.5009, 0.50991, 0.51893, 0.52794, 0.53696, 0.54597, 0.55498, 0.564, 0.57301, 0.58203, 0.59104, 0.60005, 0.60907, 0.61808, 0.6271, 0.63611, 0.64512, 0.65414, 0.66315, 0.67216]"
ARIMA,6871,70,1,10,1,19.044,,,,,,,,,,,,,0.1249,0.3519,0.4208,0.58173,0.76411,0.1249,0.27105,0.3397,0.46026,0.61117,1.8807,3.92673,4.91666,6.45761,8.31867,"[6.516, 6.46702, 6.45563, 6.443, 6.43828, 6.43471, 6.43305, 6.43198, 6.43143, 6.4311, 6.43092, 6.43082, 6.43076, 6.43073, 6.43071, 6.4307, 6.4307, 6.43069, 6.43069, 6.43069]",
RandomWalk,6871,70,1,10,1,1.153,,,,,,,,,,,,,0.11268,0.29735,0.36641,0.51943,0.69535,0.11268,0.20682,0.27874,0.39323,0.53805,1.69672,2.97623,4.03716,5.50814,7.3037,"[6.52822, 6.52822, 6.52822, 6.52822, 6.52822, 6.52822, 6.52822, 6.52822, 6.52822, 6.52822, 6.52822, 6.52822, 6.52822, 6.52822, 6.52822, 6.52822, 6.52822, 6.52822, 6.52822, 6.52822]",
LSTM,6871,70,1,10,1,43.773,,,,,,,,,,,,,0.348,0.68099,1.35601,1.24225,1.21433,0.348,0.60803,1.07428,0.93783,0.91718,5.24021,9.12566,16.37031,14.21053,13.48478,"[6.98889, 7.23301, 7.35424, 7.41964, 7.71955, 8.39348, 8.9507, 8.79987, 7.9607, 7.29312, 7.11438, 7.3623, 7.28966, 6.87099, 6.2722, 5.40579, 4.29031, 3.71971, 4.29734, 4.99757]",
Alg_c,6871,70,1,10,1,0,0.23824,0.23824,1,0,0,0.33333,1,1,0,0,0.33333,1,,,,,,,,,,,,,,,,,"[0.3135, 0.153, 0.0, 0.32145, 0.04296, 0.12031, 0.34948, 0.06496, 0.0, 0.25643, 0.40747, 0.0, 0.0, 0.01393, 0.02234, 0.34707, 0.08411, 0.2534, 0.0, 0.47186, 0.0, 0.36185, 0.48548, 0.20071, 0.0, 0.21887, 0.0, 0.86438, 0.0859, 0.3546, 0.31236, 0.61485, 0.07307, 0.24065, 0.36901, 0.29829, 0.48189, 0.28074, 0.32484, 0.32851, 0.27069, 0.49182, 0.07759, 0.51192, 0.18367, 0.98176, 0.67189, 0.5948, 0.05958, 0.37867, 0.52877, 0.0, 1.04277, 0.68429, 0.17009, 0.92431, 0.4267, 0.79114, 0.58215, 0.69838, 0.9157, 0.19692, 0.90057, 0.83965, 0.20522, 0.79003, 0.58246, 0.38556, 0.96323]"
UDE-NN,69686,220,1,10,1,148.502,0.10796,0.30867,0.98171,0.93182,0,0.63784,0.97187,0.67451,0.20952,0,0.29468,0.52468,0.51095,0.93681,1.42095,1.51018,1.49171,0.51095,0.90318,1.26186,1.34227,1.25376,4.41366,7.6338,10.51809,11.22075,10.50261,"[11.0656, 11.04208, 10.90947, 10.76972, 10.63202, 10.49713, 10.36503, 10.23562, 10.10879, 9.98445, 9.86248, 9.74279, 9.62528, 9.50984, 9.3964, 9.28484, 9.17509, 9.06704, 8.96061, 8.85571]","[-0.0368, 0.00307, -0.04574, -0.08159, -0.08263, -0.12234, -0.14683, -0.09955, 0.02079, -0.05506, -0.06929, -0.16414, -0.21464, -0.08831, 0.05296, 0.17792, 0.34405, 0.29879, 0.24354, 0.24417, 0.22835, 0.27593, 0.46195, 0.47348, 0.56518, 0.34197, 0.25138, 0.20912, 0.20432, 0.12226, 0.08509, 0.08387, 0.17558, 0.17481, 0.20743, 0.32466, 0.307, 0.28841, 0.31947, 0.32572, 0.33095, 0.34498, 0.42531, 0.5039, 0.43774, 0.39082, 0.37321, 0.49681, 0.49841, 0.43533, 0.46478, 0.64833, 0.58024, 0.46323, 0.43789, 0.49253, 0.65208, 0.61783, 0.71592, 0.67488, 0.69028, 0.71804, 0.64437, 0.68676, 0.64757, 0.66612, 0.74285, 0.8782, 0.8648, 0.81915, 0.84878, 0.796, 0.82926, 0.88525, 0.85444, 0.69129, 0.83456, 0.98933, 0.90582, 0.93087, 0.97259, 0.92972, 0.92053, 0.88481, 0.70344, 0.78838, 0.91112, 0.92654, 0.93579, 0.91355, 0.87904, 0.81304, 0.99178, 1.0042, 0.84744, 0.90547, 0.87087, 0.90552, 0.92591, 1.0588, 1.0123, 1.02765, 1.07046, 1.13018, 1.14814, 0.96065, 0.98073, 1.05293, 1.08346, 1.05685, 1.08766, 0.9865, 0.99232, 1.0382, 1.02857, 1.025, 1.23179, 1.45073, 1.30568, 1.22632, 1.23792, 1.28507, 1.25815, 1.26133, 1.16388, 1.10395, 1.10518, 1.21782, 1.21649, 1.27714, 1.3566, 1.33389, 1.29614, 1.33139, 1.36624, 1.28205, 1.25862, 1.29106, 1.33792, 1.40745, 1.39891, 1.41709, 1.43274, 1.37219, 1.37753, 1.44101, 1.45983, 1.51249, 1.52727, 1.53986, 1.5313, 1.54306, 1.5565, 1.55466, 1.56619, 1.4518, 1.50873, 1.60782, 1.65985, 1.64755, 1.61546, 1.57566, 1.71931, 1.69325, 1.68974, 1.5587, 1.59359, 1.60227, 1.71366, 1.6467, 1.68667, 1.83898, 1.85816, 1.90653, 1.89043, 1.75013, 1.65908, 1.8005, 1.90397, 1.93628, 1.96969, 1.9036, 1.84962, 1.85636, 1.81933, 1.84798, 1.87665, 1.85474, 1.89094, 1.94007, 2.01148, 2.09327, 2.06636, 2.09983, 2.1223, 2.18195, 2.12935, 2.13274, 2.12584, 2.14064, 2.1543, 2.08296, 2.05444, 1.90485, 1.92257, 1.9137, 1.92981, 1.9411, 2.0482, 2.14815, 2.08752, 2.13001, 2.12599, 2.20222, 2.19958, 2.14736, 2.1642, 2.33091, 2.41572, 2.42704]"
GP,69686,220,1,10,1,752.715,0.02726,0.30867,0.9914,0.96471,0,0.65204,0.98636,0.66667,0.15686,0,0.27451,0.5024,0.33532,0.75154,1.23711,1.32156,1.31276,0.33532,0.7112,1.05754,1.13278,1.07086,2.89656,6.00468,8.78903,9.43823,8.9585,"[11.24122, 11.23438, 11.10261, 10.96681, 10.83372, 10.70364, 10.57648, 10.45214, 10.33052, 10.21151, 10.09503, 9.98097, 9.86925, 9.75977, 9.65246, 9.54721, 9.44396, 9.34263, 9.24312, 9.14537]","[-0.02871, -0.0183, -0.0079, 0.0025, 0.01291, 0.02331, 0.03372, 0.04412, 0.05453, 0.06493, 0.07533, 0.08574, 0.09614, 0.10655, 0.11695, 0.12735, 0.13776, 0.14816, 0.15857, 0.16897, 0.17938, 0.18978, 0.20018, 0.21059, 0.22099, 0.2314, 0.2418, 0.2522, 0.26261, 0.27301, 0.28342, 0.29382, 0.30423, 0.31463, 0.32503, 0.33544, 0.34584, 0.35625, 0.36665, 0.37705, 0.38746, 0.39786, 0.40827, 0.41867, 0.42908, 0.43948, 0.44988, 0.46029, 0.47069, 0.4811, 0.4915, 0.5019, 0.51231, 0.52271, 0.53312, 0.54352, 0.55393, 0.56433, 0.57473, 0.58514, 0.59554, 0.60595, 0.61635, 0.62675, 0.63716, 0.64756, 0.65797, 0.66837, 0.67878, 0.68918, 0.69958, 0.70999, 0.72039, 0.7308, 0.7412, 0.7516, 0.76201, 0.77241, 0.78282, 0.79322, 0.80362, 0.81403, 0.82443, 0.83484, 0.84524, 0.85564, 0.86605, 0.87645, 0.88686, 0.89726, 0.90766, 0.91807, 0.92847, 0.93888, 0.94928, 0.95968, 0.97009, 0.98049, 0.99089, 1.0013, 1.0117, 1.02211, 1.03251, 1.04291, 1.05332, 1.06372, 1.07413, 1.08453, 1.09493, 1.10534, 1.11574, 1.12614, 1.13655, 1.14695, 1.15736, 1.16776, 1.17816, 1.18857, 1.19897, 1.20938, 1.21978, 1.23018, 1.24059, 1.25099, 1.2614, 1.2718, 1.2822, 1.29261, 1.30301, 1.31342, 1.32382, 1.33423, 1.34463, 1.35503, 1.36544, 1.37584, 1.38625, 1.39665, 1.40706, 1.41746, 1.42786, 1.43827, 1.44867, 1.45908, 1.46948, 1.47989, 1.49029, 1.50069, 1.5111, 1.5215, 1.53191, 1.54231, 1.55272, 1.56312, 1.57352, 1.58393, 1.59433, 1.60474, 1.61514, 1.62555, 1.63595, 1.64635, 1.65676, 1.66716, 1.67757, 1.68797, 1.69838, 1.70878, 1.71919, 1.72959, 1.73999, 1.7504, 1.7608, 1.77121, 1.78161, 1.79202, 1.80242, 1.81282, 1.82323, 1.83363, 1.84404, 1.85444, 1.86485, 1.87525, 1.88565, 1.89606, 1.90646, 1.91687, 1.92727, 1.93768, 1.94808, 1.95849, 1.96889, 1.97929, 1.9897, 2.0001, 2.01051, 2.02091, 2.03131, 2.04172, 2.05212, 2.06253, 2.07293, 2.08333, 2.09374, 2.10414, 2.11455, 2.12495, 2.13535, 2.14576, 2.15616, 2.16657, 2.17697, 2.18738, 2.19778, 2.20818, 2.21859, 2.22899, 2.2394, 2.2498]"
ARIMA,69686,220,1,10,1,18.865,,,,,,,,,,,,,1.28914,1.46175,1.5396,1.52311,1.46218,1.28914,1.44333,1.47404,1.42747,1.36065,11.13577,12.21211,12.34595,11.94064,11.59646,"[10.28741, 10.39778, 10.32115, 10.37436, 10.33742, 10.36306, 10.34526, 10.35762, 10.34904, 10.355, 10.35086, 10.35373, 10.35174, 10.35312, 10.35216, 10.35283, 10.35236, 10.35269, 10.35246, 10.35262]",
RandomWalk,69686,220,1,10,1,1.181,,,,,,,,,,,,,1.13016,1.36083,1.44622,1.43218,1.38664,1.13016,1.34057,1.37647,1.33048,1.28925,9.76254,11.33892,11.51949,11.11561,11.01482,"[10.44638, 10.44638, 10.44638, 10.44638, 10.44638, 10.44638, 10.44638, 10.44638, 10.44638, 10.44638, 10.44638, 10.44638, 10.44638, 10.44638, 10.44638, 10.44638, 10.44638, 10.44638, 10.44638, 10.44638]",
LSTM,69686,220,1,10,1,48.986,,,,,,,,,,,,,1.31949,1.53445,1.85216,1.90597,1.82891,1.31949,1.51826,1.75727,1.79908,1.63867,11.39792,12.84914,14.71602,15.09736,13.79569,"[10.25706, 10.22246, 10.31063, 10.29054, 10.26279, 10.13192, 9.98827, 9.82981, 9.73647, 9.62585, 9.55556, 9.52203, 9.51877, 9.55749, 9.62931, 9.72929, 9.84567, 9.97152, 10.09837, 10.22112]",
Alg_c,69686,220,1,10,1,0,0.30867,0.30867,0.95062,0.81395,0,0.58819,0.92395,0.69323,0.25243,0,0.31522,0.55127,,,,,,,,,,,,,,,,,"[0.0, 0.18369, 0.0, 0.0, 0.0, 0.0, 0.0, 0.0, 0.46363, 0.0, 0.12919, 0.0, 0.0, 0.0, 0.09528, 0.03497, 0.79994, 0.25105, 0.13088, 0.27603, 0.0821, 0.01459, 0.8038, 0.20897, 1.27391, 2.0e-5, 0.1635, 0.13192, 0.37007, 0.01822, 0.01491, 0.0, 0.37558, 0.10902, 0.04651, 0.59351, 0.28698, 0.18852, 0.36553, 0.32389, 0.31721, 0.20995, 0.40151, 0.8106, 0.35161, 0.36878, 0.07586, 0.7371, 0.63091, 0.26883, 0.11393, 1.19014, 0.66739, 0.26955, 0.30808, 0.31195, 1.08438, 0.2222, 1.04333, 0.52741, 0.66544, 0.93335, 0.42197, 0.82816, 0.5226, 0.52933, 0.63433, 1.18125, 0.95906, 0.67228, 1.00569, 0.62699, 0.76778, 1.02552, 1.27165, 0.0, 0.80762, 1.56853, 0.58926, 0.88878, 1.19166, 0.76891, 0.94054, 1.36276, 0.0, 0.78007, 1.13817, 0.91, 0.99595, 0.92292, 0.96725, 0.2663, 1.37237, 1.35235, 0.39906, 1.05508, 0.73782, 0.89774, 0.71166, 1.38934, 0.93689, 0.95315, 1.02498, 1.29552, 1.52276, 0.5678, 0.77921, 1.15224, 1.21556, 0.971, 1.34339, 0.77087, 0.89252, 1.15475, 1.02328, 0.59261, 1.16852, 2.18438, 1.19216, 1.01919, 1.15767, 1.42772, 1.20069, 1.46944, 1.07709, 0.96908, 0.8552, 1.5017, 1.01962, 1.22028, 1.58454, 1.36418, 1.10458, 1.30762, 1.69016, 1.10915, 1.16426, 1.29634, 1.24768, 1.62374, 1.28012, 1.38286, 1.68592, 1.18092, 1.23989, 1.62128, 1.30117, 1.64961, 1.47618, 1.62503, 1.43862, 1.53905, 1.63885, 1.2805, 2.38889, 0.55041, 1.51742, 1.7447, 1.77611, 1.64633, 1.76416, 0.94903, 2.2962, 1.38745, 2.23418, 0.96583, 1.81335, 1.24061, 2.28463, 1.31739, 1.42891, 2.18377, 1.69315, 2.01325, 2.17065, 1.73403, 1.05542, 1.96339, 2.051, 1.80952, 2.25066, 1.85279, 1.64872, 2.07437, 1.61366, 1.85834, 2.01339, 1.70963, 1.8888, 1.89885, 1.97677, 2.33359, 1.91212, 2.14106, 2.02209, 2.43732, 1.97326, 2.17279, 2.07268, 2.13565, 2.34286, 1.93609, 2.33694, 1.54376, 1.98681, 1.858, 1.95174, 1.74365, 2.10269, 2.49525, 1.84775, 2.23165, 1.94437, 2.36531, 2.30507, 2.01798, 1.86047, 2.48148, 2.54601]"
UDE-NN,97565,220,1,10,1,150.999,0.10283,0.27687,0.9914,0.96296,0,0.65146,0.98598,0.9622,0.84058,0,0.60093,0.94261,0.30162,0.52714,0.63879,0.58813,0.55339,0.30162,0.44474,0.52768,0.46879,0.43946,5.9273,17.67474,4.20E+10,3.50E+10,2.80E+10,"[4.78705, 4.11031, 3.55048, 3.02681, 2.49323, 1.92023, 1.30772, 0.75072, 0.47765, 0.41981, 0.40375, 0.39893, 0.3978, 0.39794, 0.39847, 0.39908, 0.39966, 0.40016, 0.40059, 0.40093]","[0.09838, 0.016, 0.03507, 0.01457, 0.09195, 0.12995, 0.29606, 0.20051, 0.13383, 0.13122, 0.07008, 0.06917, -0.00357, -0.08678, -0.05157, -0.01156, 0.00927, 0.14502, 0.20156, 0.15837, 0.21672, 0.2804, 0.36515, 0.33673, 0.41694, 0.33088, 0.32985, 0.30151, 0.29693, 0.25109, 0.2144, 0.17093, 0.36439, 0.45795, 0.39827, 0.37791, 0.41637, 0.3131, 0.23481, 0.25717, 0.37773, 0.35668, 0.4076, 0.52135, 0.48796, 0.51144, 0.61647, 0.57297, 0.61473, 0.54546, 0.51354, 0.50145, 0.47794, 0.56988, 0.6688, 0.64469, 0.54197, 0.42293, 0.40825, 0.41194, 0.31956, 0.29326, 0.43483, 0.50949, 0.55234, 0.48705, 0.64479, 0.72543, 0.7096, 0.57244, 0.60356, 0.70196, 0.69521, 0.70533, 0.81868, 0.80967, 0.67988, 0.65769, 0.7825, 0.81745, 0.75382, 0.59998, 0.73458, 0.79835, 0.70545, 0.79437, 0.93005, 0.95617, 0.92533, 0.93143, 0.90147, 0.95012, 1.07811, 1.03891, 1.00903, 1.02156, 1.0573, 0.99146, 0.89893, 0.94809, 0.99711, 1.08016, 1.02211, 1.00006, 1.07101, 1.1155, 1.08274, 1.04488, 0.94516, 0.93884, 0.93389, 1.01836, 1.07979, 1.12984, 1.17602, 1.06091, 1.10097, 1.05629, 1.00687, 1.09867, 1.20833, 1.23172, 1.37433, 1.36052, 1.27055, 1.2817, 1.42061, 1.45871, 1.33094, 1.30688, 1.28035, 1.27846, 1.21862, 1.19742, 1.2314, 1.20352, 1.14574, 1.29894, 1.40263, 1.38327, 1.37999, 1.29208, 1.32584, 1.29407, 1.26903, 1.40869, 1.437, 1.53597, 1.57058, 1.52055, 1.52196, 1.51915, 1.42321, 1.42932, 1.45517, 1.48483, 1.50046, 1.4644, 1.4622, 1.43886, 1.41382, 1.48868, 1.6728, 1.73952, 1.70381, 1.76392, 1.7386, 1.74217, 1.721, 1.72199, 1.79871, 1.79016, 1.744, 1.68786, 1.62618, 1.67079, 1.60498, 1.56101, 1.6338, 1.73647, 1.74788, 1.8069, 1.89741, 1.81816, 1.85124, 1.9421, 2.0515, 2.05878, 2.18466, 2.07843, 2.01404, 1.90706, 1.89616, 1.84133, 1.85344, 1.80863, 1.85451, 1.90233, 1.92991, 1.93076, 1.8965, 1.89911, 2.1275, 2.13243, 2.14681, 2.03044, 1.97348, 1.99028, 2.09429, 1.99981, 2.05604, 2.1713, 2.18472, 2.19656, 2.2328, 2.31676, 2.28277, 2.24944, 2.2544, 2.26399]"
GP,97565,220,1,10,1,742.908,0.0167,0.27687,0.99164,0.96203,0,0.65122,0.9861,0.96928,0.86567,0,0.61165,0.95259,0.20982,0.76668,1.01837,0.93473,0.85312,0.20982,0.65686,0.88914,0.77826,0.68875,4.12319,26.89081,5.80E+10,4.84E+10,3.87E+10,"[4.87885, 4.27342, 3.78773, 3.35034, 2.92173, 2.47399, 1.98658, 1.45582, 0.93346, 0.58033, 0.46664, 0.43505, 0.42477, 0.42148, 0.42068, 0.42076, 0.4211, 0.42149, 0.42183, 0.4221]","[-0.00507, 0.00486, 0.01479, 0.02472, 0.03465, 0.04458, 0.05451, 0.06444, 0.07437, 0.08429, 0.09422, 0.10415, 0.11408, 0.12401, 0.13394, 0.14387, 0.1538, 0.16373, 0.17366, 0.18359, 0.19352, 0.20345, 0.21337, 0.2233, 0.23323, 0.24316, 0.25309, 0.26302, 0.27295, 0.28288, 0.29281, 0.30274, 0.31267, 0.3226, 0.33252, 0.34245, 0.35238, 0.36231, 0.37224, 0.38217, 0.3921, 0.40203, 0.41196, 0.42189, 0.43182, 0.44175, 0.45168, 0.4616, 0.47153, 0.48146, 0.49139, 0.50132, 0.51125, 0.52118, 0.53111, 0.54104, 0.55097, 0.5609, 0.57082, 0.58075, 0.59068, 0.60061, 0.61054, 0.62047, 0.6304, 0.64033, 0.65026, 0.66019, 0.67012, 0.68005, 0.68998, 0.6999, 0.70983, 0.71976, 0.72969, 0.73962, 0.74955, 0.75948, 0.76941, 0.77934, 0.78927, 0.7992, 0.80913, 0.81906, 0.82899, 0.83892, 0.84884, 0.85877, 0.8687, 0.87863, 0.88856, 0.89849, 0.90842, 0.91835, 0.92828, 0.93821, 0.94814, 0.95807, 0.968, 0.97793, 0.98786, 0.99778, 1.00771, 1.01764, 1.02757, 1.0375, 1.04743, 1.05736, 1.06729, 1.07722, 1.08715, 1.09708, 1.10701, 1.11694, 1.12687, 1.13679, 1.14672, 1.15665, 1.16658, 1.17651, 1.18644, 1.19637, 1.2063, 1.21623, 1.22616, 1.23609, 1.24602, 1.25595, 1.26588, 1.27581, 1.28574, 1.29566, 1.30559, 1.31552, 1.32545, 1.33538, 1.34531, 1.35524, 1.36517, 1.3751, 1.38503, 1.39496, 1.40489, 1.41482, 1.42475, 1.43468, 1.44461, 1.45453, 1.46446, 1.47439, 1.48432, 1.49425, 1.50418, 1.51411, 1.52404, 1.53397, 1.5439, 1.55383, 1.56376, 1.57369, 1.58362, 1.59355, 1.60348, 1.61341, 1.62334, 1.63326, 1.64319, 1.65312, 1.66305, 1.67298, 1.68291, 1.69284, 1.70277, 1.7127, 1.72263, 1.73256, 1.74249, 1.75242, 1.76235, 1.77228, 1.78221, 1.79214, 1.80207, 1.812, 1.82192, 1.83185, 1.84178, 1.85171, 1.86164, 1.87157, 1.8815, 1.89143, 1.90136, 1.91129, 1.92122, 1.93115, 1.94108, 1.95101, 1.96094, 1.97087, 1.98079, 1.99072, 2.00065, 2.01058, 2.02051, 2.03044, 2.04037, 2.0503, 2.06023, 2.07016, 2.08009, 2.09002, 2.09995, 2.10988, 2.1198, 2.12973, 2.13966, 2.14959, 2.15952, 2.16945]"
ARIMA,97565,220,1,10,1,18.879,,,,,,,,,,,,,1.07223,3.54078,5.5039,5.87947,6.23349,1.07223,3.24957,5.08286,5.48232,5.88063,21.0709,128.36965,7.54E+11,6.28E+11,5.03E+11,"[6.16089, 6.34989, 6.5287, 6.69787, 6.85791, 7.00931, 7.15256, 7.28807, 7.41628, 7.53758, 7.65233, 7.76089, 7.8636, 7.96077, 8.0527, 8.13967, 8.22195, 8.29979, 8.37343, 8.44311]",
RandomWalk,97565,220,1,10,1,1.142,,,,,,,,,,,,,0.70271,2.77771,4.31606,4.54804,4.71243,0.70271,2.52189,3.97433,4.23933,4.45271,13.80923,100.40038,5.79E+11,4.83E+11,3.86E+11,"[5.79137, 5.79137, 5.79137, 5.79137, 5.79137, 5.79137, 5.79137, 5.79137, 5.79137, 5.79137, 5.79137, 5.79137, 5.79137, 5.79137, 5.79137, 5.79137, 5.79137, 5.79137, 5.79137, 5.79137]",
LSTM,97565,220,1,10,1,46.772,,,,,,,,,,,,,1.94006,4.91922,7.55268,8.03208,8.33684,1.94006,4.57988,7.02148,7.53339,7.91652,38.12506,179.00602,1.02E+12,8.51E+11,6.81E+11,"[7.02872, 7.33834, 7.73208, 8.28795, 8.85972, 9.31168, 9.644, 9.89618, 10.07704, 10.20956, 10.30805, 10.33187, 10.17793, 9.91545, 9.70913, 9.57257, 9.46847, 9.36327, 9.24638, 9.12884]",
Alg_c,97565,220,1,10,1,0,0.27687,0.27687,0.94643,0.68571,0,0.54405,0.89556,0.93103,0.62069,0,0.51724,0.88166,,,,,,,,,,,,,,,,,"[0.29121, 0.0, 0.10206, 0.0, 0.19546, 0.0, 0.85886, 0.14626, 0.00225, 0.24267, 0.0, 0.2134, 0.00371, 0.0, 0.0, 0.0, 0.0, 0.30057, 0.39326, 0.0, 0.17067, 0.25432, 0.58325, 0.18212, 0.74327, 0.14367, 0.36831, 0.26556, 0.37623, 0.2356, 0.19325, 0.0, 0.54608, 0.77377, 0.32061, 0.21806, 0.73427, 0.25888, 0.02481, 0.06182, 0.6551, 0.21856, 0.2567, 0.85402, 0.32962, 0.32468, 0.9622, 0.31256, 0.8904, 0.43793, 0.48216, 0.54847, 0.2375, 0.55453, 0.91416, 0.78849, 0.57622, 0.20392, 0.34708, 0.61465, 0.1959, 0.0, 0.60972, 0.54495, 0.84253, 0.0, 0.83337, 0.85806, 1.02847, 0.15058, 0.48164, 0.99055, 0.63568, 0.46075, 1.04266, 1.05456, 0.45712, 0.36545, 0.95489, 0.98076, 0.95738, 0.0, 0.824, 1.17465, 0.26026, 0.71639, 1.14461, 1.06164, 0.81582, 1.03132, 0.75723, 0.77737, 1.44089, 0.97996, 0.9199, 0.92842, 1.29984, 1.09221, 0.52876, 1.00118, 0.87493, 1.4012, 0.90327, 0.80295, 1.1248, 1.27041, 1.08836, 1.16082, 0.76064, 0.95403, 0.74828, 1.07532, 1.10689, 1.16567, 1.49009, 0.77103, 1.25248, 1.0479, 0.71351, 1.03684, 1.4031, 1.04574, 1.65255, 1.4675, 1.03989, 1.01108, 1.62063, 1.77558, 1.16549, 1.26693, 1.24201, 1.3873, 1.14822, 1.08605, 1.35668, 1.2324, 0.72199, 1.35741, 1.65019, 1.32164, 1.59764, 0.99203, 1.48322, 1.31123, 0.90618, 1.65287, 1.28115, 1.68215, 1.7468, 1.40625, 1.54085, 1.72367, 1.19994, 1.38814, 1.44093, 1.51585, 1.59825, 1.41086, 1.49758, 1.41705, 1.16499, 1.24774, 1.90005, 1.93254, 1.54339, 1.92788, 1.67019, 1.78964, 1.65865, 1.57187, 1.96059, 1.86375, 1.76475, 1.73175, 1.403, 1.89101, 1.53024, 1.32532, 1.57443, 1.94479, 1.63, 1.68888, 2.31606, 1.53573, 1.75403, 1.89891, 2.23893, 1.79232, 2.6856, 1.95037, 2.12581, 1.68537, 2.04194, 1.65844, 2.05679, 1.5622, 1.87904, 1.94234, 1.97025, 2.01296, 1.89869, 1.31989, 2.70273, 1.90574, 2.54211, 1.75429, 1.89327, 1.63117, 2.87117, 1.40205, 1.92565, 2.50329, 2.13872, 2.16001, 2.07658, 2.6117, 2.24964, 2.1594, 2.26208]"
UDE-NN,28020,220,1,10,1,152.8,0.12408,0.35765,0.96648,0.83784,0,0.60144,0.94206,0.95862,0.82857,0,0.59573,0.93189,0.75257,0.50989,0.38618,0.37042,0.35035,0.75257,0.47931,0.32702,0.31205,0.28467,7.53E+11,1.51E+11,7.53E+10,6.27E+10,5.02E+10,"[0.75257, 0.6594, 0.6097, 0.58493, 0.57386, 0.57035, 0.57099, 0.5739, 0.578, 0.58266, 0.58754, 0.59241, 0.59716, 0.60172, 0.60604, 0.61011, 0.61391, 0.61744, 0.62069, 0.62367]","[-0.14035, -0.16881, -0.05876, 0.01023, 0.12591, 0.09766, 0.06534, -0.01783, 0.07962, 0.0895, 0.12628, 0.19968, 0.14495, 0.13238, 0.20411, 0.13491, 0.16771, 0.21482, 0.20542, 0.19454, 0.21681, 0.18959, 0.21376, 0.3252, 0.3837, 0.397, 0.40172, 0.39337, 0.38954, 0.40316, 0.34362, 0.34546, 0.36398, 0.30942, 0.30467, 0.39762, 0.31482, 0.37571, 0.38838, 0.47605, 0.48754, 0.45439, 0.50515, 0.59853, 0.62956, 0.67656, 0.66154, 0.64427, 0.56537, 0.46347, 0.42113, 0.37577, 0.43196, 0.50792, 0.55141, 0.63314, 0.71704, 0.67208, 0.7398, 0.70658, 0.66602, 0.6217, 0.61975, 0.68914, 0.6748, 0.7276, 0.75303, 0.80328, 0.78284, 0.74073, 0.69793, 0.75337, 0.76375, 0.84056, 0.83506, 0.8004, 0.7593, 0.74282, 0.75062, 0.83255, 0.85749, 0.89204, 0.91468, 0.82648, 0.84878, 0.8134, 0.81895, 0.8671, 0.88262, 0.87798, 0.93595, 0.90293, 0.81104, 0.83445, 0.84781, 0.88109, 0.84479, 0.95957, 1.05846, 1.04266, 1.0488, 1.01134, 1.02333, 1.07495, 1.0855, 1.08706, 1.00007, 1.01845, 1.15309, 1.16687, 1.15319, 1.17782, 1.18726, 1.171, 1.13124, 1.01924, 1.03057, 0.96694, 0.88899, 1.01496, 0.97964, 1.02756, 1.04413, 1.13728, 1.20155, 1.26776, 1.27343, 1.26779, 1.27755, 1.20393, 1.22915, 1.30099, 1.2568, 1.32976, 1.33636, 1.35609, 1.38057, 1.46989, 1.45416, 1.37663, 1.42667, 1.49099, 1.55378, 1.41724, 1.42362, 1.37253, 1.33207, 1.41171, 1.42757, 1.39568, 1.34393, 1.35197, 1.39201, 1.45542, 1.49664, 1.49956, 1.45045, 1.53689, 1.54628, 1.53234, 1.6024, 1.60305, 1.62825, 1.66551, 1.66001, 1.67626, 1.596, 1.6317, 1.63944, 1.74223, 1.76658, 1.76128, 1.79638, 1.79229, 1.7194, 1.84325, 1.74845, 1.66809, 1.65706, 1.67766, 1.72445, 1.83457, 1.84642, 1.9148, 1.84993, 1.79235, 1.78819, 1.79863, 1.83, 1.93543, 1.99396, 2.03664, 1.95815, 1.9849, 1.98753, 2.10449, 2.07822, 1.99991, 1.98793, 2.04588, 2.04886, 2.04897, 2.01567, 1.99144, 1.99358, 2.015, 2.06236, 2.06605, 2.09325, 1.9877, 1.94234, 1.88179, 1.82746, 1.79649, 1.74709, 1.71201, 1.66491, 1.61641, 1.58615, 1.59406]"
GP,28020,220,1,10,1,734.439,0.03303,0.35765,0.98615,0.93506,0,0.6404,0.97659,0.99652,0.9863,0,0.66094,0.99442,0.5069,0.37361,0.31791,0.3066,0.28903,0.5069,0.33234,0.26212,0.25777,0.24624,5.07E+11,1.01E+11,5.07E+10,4.22E+10,3.38E+10,"[0.5069, 0.40807, 0.3818, 0.3741, 0.37301, 0.37453, 0.37704, 0.37988, 0.38276, 0.38555, 0.38821, 0.39072, 0.39307, 0.39526, 0.3973, 0.3992, 0.40095, 0.40255, 0.40403, 0.40538]","[0.05457, 0.06408, 0.07358, 0.08309, 0.0926, 0.1021, 0.11161, 0.12112, 0.13062, 0.14013, 0.14963, 0.15914, 0.16865, 0.17815, 0.18766, 0.19717, 0.20667, 0.21618, 0.22568, 0.23519, 0.2447, 0.2542, 0.26371, 0.27322, 0.28272, 0.29223, 0.30173, 0.31124, 0.32075, 0.33025, 0.33976, 0.34927, 0.35877, 0.36828, 0.37778, 0.38729, 0.3968, 0.4063, 0.41581, 0.42532, 0.43482, 0.44433, 0.45384, 0.46334, 0.47285, 0.48235, 0.49186, 0.50137, 0.51087, 0.52038, 0.52989, 0.53939, 0.5489, 0.5584, 0.56791, 0.57742, 0.58692, 0.59643, 0.60594, 0.61544, 0.62495, 0.63445, 0.64396, 0.65347, 0.66297, 0.67248, 0.68198, 0.69149, 0.701, 0.7105, 0.72001, 0.72952, 0.73902, 0.74853, 0.75803, 0.76754, 0.77705, 0.78655, 0.79606, 0.80557, 0.81507, 0.82458, 0.83408, 0.84359, 0.8531, 0.8626, 0.87211, 0.88161, 0.89112, 0.90063, 0.91013, 0.91964, 0.92914, 0.93865, 0.94816, 0.95766, 0.96717, 0.97668, 0.98618, 0.99569, 1.00519, 1.0147, 1.02421, 1.03371, 1.04322, 1.05272, 1.06223, 1.07174, 1.08124, 1.09075, 1.10025, 1.10976, 1.11927, 1.12877, 1.13828, 1.14779, 1.15729, 1.1668, 1.1763, 1.18581, 1.19532, 1.20482, 1.21433, 1.22383, 1.23334, 1.24285, 1.25235, 1.26186, 1.27137, 1.28087, 1.29038, 1.29988, 1.30939, 1.3189, 1.3284, 1.33791, 1.34742, 1.35692, 1.36643, 1.37593, 1.38544, 1.39495, 1.40445, 1.41396, 1.42346, 1.43297, 1.44248, 1.45198, 1.46149, 1.471, 1.4805, 1.49001, 1.49951, 1.50902, 1.51853, 1.52803, 1.53754, 1.54705, 1.55655, 1.56606, 1.57556, 1.58507, 1.59458, 1.60408, 1.61359, 1.6231, 1.6326, 1.64211, 1.65161, 1.66112, 1.67063, 1.68013, 1.68964, 1.69914, 1.70865, 1.71816, 1.72766, 1.73717, 1.74668, 1.75618, 1.76569, 1.77519, 1.7847, 1.79421, 1.80371, 1.81322, 1.82272, 1.83223, 1.84174, 1.85124, 1.86075, 1.87026, 1.87976, 1.88927, 1.89877, 1.90828, 1.91779, 1.92729, 1.9368, 1.9463, 1.95581, 1.96532, 1.97482, 1.98433, 1.99383, 2.00334, 2.01285, 2.02235, 2.03186, 2.04136, 2.05087, 2.06038, 2.06988, 2.07939, 2.08889, 2.0984, 2.1079, 2.11741, 2.12692, 2.13642]"
ARIMA,28020,220,1,10,1,20.729,,,,,,,,,,,,,1.07953,0.71113,0.54325,0.51127,0.46531,1.07953,0.66942,0.45621,0.42334,0.37652,1.08E+12,2.16E+11,1.08E+11,9.00E+10,7.20E+10,"[1.07953, 0.9842, 0.69933, 0.37316, 0.15294, 0.12099, 0.26717, 0.50507, 0.71942, 0.81992, 0.77736, 0.62856, 0.45187, 0.32777, 0.30355, 0.377, 0.50366, 0.62159, 0.68058, 0.66248]",
RandomWalk,28020,220,1,10,1,1.129,,,,,,,,,,,,,0.90997,0.7135,0.5844,0.57444,0.56173,0.90997,0.6358,0.50285,0.49671,0.49085,9.10E+11,1.82E+11,9.10E+10,7.58E+10,6.07E+10,"[0.90997, 0.90997, 0.90997, 0.90997, 0.90997, 0.90997, 0.90997, 0.90997, 0.90997, 0.90997, 0.90997, 0.90997, 0.90997, 0.90997, 0.90997, 0.90997, 0.90997, 0.90997, 0.90997, 0.90997]",
LSTM,28020,220,1,10,1,48.511,,,,,,,,,,,,,3.02868,4.5148,5.81341,6.35854,7.01821,3.02868,4.42204,5.63319,6.12212,6.73615,3.03E+12,6.06E+11,3.03E+11,2.52E+11,2.02E+11,"[3.02868, 4.11761, 4.7692, 5.49508, 6.07048, 6.55801, 6.97267, 7.35875, 7.77499, 8.2577, 8.77779, 9.24364, 9.53466, 9.64937, 9.72042, 9.85692, 10.07916, 10.25268, 10.27165, 10.10953]",
Alg_c,28020,220,1,10,1,0,0.35765,0.35765,0.93983,0.64706,0,0.52896,0.88685,0.9338,0.65625,0,0.53002,0.88048,,,,,,,,,,,,,,,,,"[0.0, 0.0, 0.0, 0.0, 0.42381, 0.07331, 0.16148, 0.0, 0.24654, 0.02023, 0.02941, 0.48852, 0.03174, 0.0, 0.58671, 0.0, 0.15117, 0.34596, 0.19665, 0.09599, 0.36367, 0.08523, 0.01568, 0.46066, 0.45949, 0.39147, 0.43007, 0.38063, 0.34912, 0.56131, 0.20909, 0.30876, 0.50935, 0.22495, 0.10537, 0.77538, 0.00104, 0.45043, 0.22947, 0.62911, 0.56988, 0.2831, 0.45117, 0.71757, 0.62157, 0.80394, 0.70902, 0.78299, 0.65124, 0.34137, 0.38993, 0.16634, 0.38772, 0.56646, 0.47928, 0.67003, 0.9727, 0.49659, 0.91864, 0.74239, 0.64115, 0.49747, 0.49665, 0.81746, 0.56723, 0.76813, 0.69716, 0.95388, 0.84286, 0.74675, 0.49951, 0.84569, 0.60717, 1.0208, 0.88127, 0.81106, 0.71409, 0.72099, 0.57271, 0.99623, 0.81016, 0.89887, 1.16815, 0.55648, 0.9981, 0.72686, 0.73267, 0.94023, 0.9254, 0.75026, 1.10094, 1.03328, 0.54776, 0.85961, 0.7981, 1.07019, 0.49971, 0.96865, 1.31267, 0.89957, 1.18072, 0.89554, 0.93317, 1.18143, 1.05349, 1.33754, 0.75805, 0.73565, 1.47731, 1.16655, 1.04989, 1.21848, 1.22806, 1.18619, 1.30549, 0.71903, 1.22876, 1.02311, 0.43426, 1.40337, 0.68683, 1.15636, 0.85475, 1.22935, 1.16368, 1.40507, 1.27437, 1.17341, 1.57048, 0.90343, 1.10204, 1.69974, 0.82625, 1.60657, 1.26717, 1.38212, 1.20139, 1.68947, 1.60505, 1.06173, 1.42189, 1.45267, 2.00852, 1.03962, 1.58524, 1.33653, 1.08635, 1.52706, 1.50412, 1.4305, 1.21968, 1.28939, 1.34339, 1.50178, 1.56557, 1.58244, 1.1676, 1.71002, 1.57589, 1.33892, 1.78986, 1.51836, 1.58631, 1.78866, 1.50952, 2.03476, 1.18885, 1.84233, 1.35805, 1.93484, 1.8155, 1.62653, 1.87533, 2.03117, 1.14298, 2.40153, 1.625, 1.52911, 1.63457, 1.67116, 1.5337, 2.12445, 1.61445, 2.2413, 1.78771, 1.63446, 1.8207, 1.82789, 1.53799, 2.17001, 1.82805, 2.66246, 1.22826, 2.46748, 1.13041, 2.85247, 2.18934, 1.7319, 1.70497, 2.34432, 1.94589, 2.17269, 1.96894, 1.9396, 1.97972, 1.93505, 2.20203, 1.86925, 2.55375, 1.60559, 2.10103, 1.86858, 1.02303, 2.60055, 0.0, 2.35009, 2.12038, 0.0, 0.33608]"
UDE-NN,69377,220,1,10,1,153.184,0.14602,0.36881,0.96552,0.83784,0,0.60112,0.94071,0.75556,0.26667,0,0.34074,0.60074,0.12482,0.43313,0.82419,0.92775,0.94351,0.12482,0.32376,0.66607,0.7637,0.78454,1.37409,3.91933,9.10267,10.77658,11.2654,"[8.95885, 8.88533, 8.79259, 8.69374, 8.59339, 8.4931, 8.39343, 8.2945, 8.19632, 8.09882, 8.00194, 7.90556, 7.80958, 7.71389, 7.61838, 7.52292, 7.42738, 7.33161, 7.23546, 7.13878]","[-0.22307, -0.35965, -0.4824, -0.39464, -0.25182, -0.2156, 0.00086, 0.00649, -0.01462, -0.06143, 0.01576, 0.08702, 0.14431, 0.09355, 0.25445, 0.19671, 0.25441, 0.24195, 0.29551, 0.214, 0.02632, 0.04773, 0.08938, -0.03797, 0.01835, 0.19923, 0.21026, 0.2445, 0.26726, 0.22685, 0.33625, 0.23, 0.14797, 0.20114, 0.26362, 0.20696, 0.23646, 0.17495, 0.12338, 0.28057, 0.47084, 0.53548, 0.42286, 0.41707, 0.50113, 0.54268, 0.43778, 0.3734, 0.50873, 0.37813, 0.29119, 0.19786, 0.29521, 0.34606, 0.33065, 0.37486, 0.37539, 0.3034, 0.44051, 0.65509, 0.83668, 0.77359, 0.78808, 0.75259, 0.80515, 0.82485, 0.65443, 0.6481, 0.64941, 0.75337, 0.7836, 0.66758, 0.61001, 0.61109, 0.65013, 0.78633, 0.74107, 0.8567, 1.05774, 0.93921, 0.7477, 0.80724, 0.61449, 0.78272, 0.96958, 0.96534, 0.99065, 0.98019, 0.88732, 1.0927, 1.0639, 1.00736, 0.91344, 0.95998, 0.99736, 1.03156, 0.98233, 0.99982, 1.04106, 0.99248, 0.90223, 0.94658, 0.97689, 1.02588, 0.87805, 0.91725, 1.03122, 1.01135, 0.96312, 0.97812, 1.14097, 1.16492, 1.21262, 1.10776, 1.16993, 1.33032, 1.25381, 1.24852, 1.20958, 1.22689, 1.314, 1.35805, 1.14827, 1.01066, 0.94179, 0.98932, 1.10035, 1.23393, 1.12357, 1.18174, 1.53663, 1.5868, 1.49701, 1.47621, 1.47713, 1.35696, 1.31146, 1.32376, 1.37932, 1.42129, 1.39201, 1.3084, 1.28194, 1.33374, 1.39332, 1.37893, 1.44126, 1.40184, 1.40542, 1.34523, 1.27563, 1.19696, 1.36713, 1.45804, 1.65458, 1.6073, 1.44454, 1.32713, 1.33239, 1.34425, 1.39714, 1.62704, 1.58328, 1.66095, 1.72572, 1.66505, 1.7093, 1.67932, 1.63169, 1.63549, 1.78019, 1.79849, 1.75369, 1.76875, 1.78503, 1.80349, 1.794, 1.61964, 1.71664, 1.80055, 1.86252, 1.69502, 1.646, 1.6408, 1.76954, 1.80748, 1.65508, 1.67386, 1.68209, 1.6159, 1.79248, 1.83147, 1.9642, 2.11925, 2.05084, 1.97656, 2.09056, 2.06567, 1.98464, 1.84797, 1.96993, 2.13568, 2.14043, 1.99023, 1.77746, 1.89356, 2.07178, 2.12345, 2.30272, 2.28448, 2.2259, 2.01266, 1.99057, 2.0563, 2.0919, 1.96097, 2.17182, 2.47119, 2.5811, 2.59389]"
GP,69377,220,1,10,1,737.339,0.04062,0.36881,0.99707,0.98765,0,0.66157,0.99524,0.76806,0.37113,0,0.37973,0.64237,0.26485,0.88927,1.36476,1.49285,1.53715,0.26485,0.80933,1.23586,1.3576,1.41226,2.91568,9.69461,16.51104,18.73186,19.86518,"[9.34852, 9.40878, 9.36087, 9.28363, 9.1996, 9.11479, 9.03079, 8.94799, 8.86646, 8.78619, 8.70713, 8.62921, 8.5524, 8.47662, 8.40183, 8.32796, 8.25496, 8.18277, 8.11135, 8.04062]","[-0.09136, -0.08101, -0.07046, -0.06018, -0.04995, -0.03925, -0.02867, -0.0185, -0.00841, 0.00201, 0.01203, 0.02301, 0.03438, 0.0459, 0.0575, 0.06922, 0.08147, 0.09364, 0.10609, 0.11843, 0.13067, 0.14295, 0.15484, 0.16679, 0.17903, 0.19088, 0.20255, 0.21441, 0.22634, 0.23813, 0.24955, 0.26071, 0.27216, 0.2839, 0.29551, 0.30679, 0.3179, 0.32898, 0.33955, 0.35031, 0.36084, 0.37114, 0.38086, 0.38976, 0.39845, 0.4071, 0.41633, 0.42574, 0.43561, 0.44496, 0.45468, 0.46432, 0.47382, 0.48326, 0.49358, 0.50399, 0.514, 0.52374, 0.53289, 0.54251, 0.55258, 0.56295, 0.57396, 0.58469, 0.59575, 0.60684, 0.61763, 0.62856, 0.63933, 0.65002, 0.66102, 0.67219, 0.6834, 0.69446, 0.70531, 0.71581, 0.72696, 0.73878, 0.75014, 0.76185, 0.77388, 0.7857, 0.79743, 0.80927, 0.82106, 0.83316, 0.84509, 0.85678, 0.86836, 0.87998, 0.89131, 0.90323, 0.91498, 0.92614, 0.93701, 0.94788, 0.95861, 0.96933, 0.97961, 0.98945, 0.99931, 1.00945, 1.0195, 1.02968, 1.03961, 1.04984, 1.0599, 1.06996, 1.07985, 1.0897, 1.09959, 1.10916, 1.119, 1.12925, 1.13939, 1.14921, 1.1589, 1.16851, 1.17783, 1.18737, 1.19654, 1.20553, 1.21418, 1.22234, 1.23082, 1.23984, 1.24882, 1.25783, 1.26566, 1.27338, 1.28138, 1.28765, 1.29581, 1.30304, 1.31045, 1.31906, 1.32738, 1.33528, 1.34343, 1.35276, 1.36142, 1.37021, 1.37985, 1.38937, 1.39841, 1.40752, 1.41638, 1.42451, 1.43325, 1.44228, 1.4518, 1.46127, 1.47174, 1.4825, 1.49407, 1.50538, 1.51634, 1.52748, 1.53854, 1.54924, 1.55996, 1.57049, 1.58087, 1.59187, 1.60286, 1.61496, 1.62717, 1.6392, 1.65123, 1.66298, 1.67505, 1.68727, 1.69954, 1.71192, 1.7242, 1.73644, 1.74882, 1.76118, 1.77371, 1.78605, 1.7983, 1.81045, 1.82245, 1.83369, 1.84469, 1.85523, 1.86543, 1.87568, 1.88548, 1.89469, 1.90369, 1.91286, 1.92206, 1.93118, 1.94021, 1.94914, 1.95864, 1.96895, 1.97978, 1.99056, 2.00128, 2.01189, 2.02276, 2.03392, 2.04483, 2.05518, 2.06525, 2.07578, 2.08637, 2.09671, 2.10709, 2.11632, 2.12564, 2.13581, 2.14607, 2.15675, 2.16763, 2.17814, 2.18862, 2.19938]"
ARIMA,69377,220,1,10,1,18.907,,,,,,,,,,,,,0.05197,0.81436,1.72614,2.00378,2.24767,0.05197,0.72493,1.47369,1.72961,1.98518,0.57213,8.70079,19.96598,24.20377,28.2625,"[9.13564, 9.18364, 9.23391, 9.28615, 9.34006, 9.39532, 9.45165, 9.50878, 9.56642, 9.62433, 9.68225, 9.73995, 9.7972, 9.85379, 9.90953, 9.96422, 10.0177, 10.06981, 10.1204, 10.16933]",
RandomWalk,69377,220,1,10,1,1.137,,,,,,,,,,,,,0.10712,0.57878,1.3155,1.5268,1.67641,0.10712,0.50845,1.09908,1.29501,1.46211,1.17928,6.11189,14.96081,18.20385,20.89779,"[8.97655, 8.97655, 8.97655, 8.97655, 8.97655, 8.97655, 8.97655, 8.97655, 8.97655, 8.97655, 8.97655, 8.97655, 8.97655, 8.97655, 8.97655, 8.97655, 8.97655, 8.97655, 8.97655, 8.97655]",
LSTM,69377,220,1,10,1,53.371,,,,,,,,,,,,,0.21294,0.71145,0.63982,0.63338,0.62829,0.21294,0.54485,0.51216,0.50474,0.49708,2.34426,6.36396,6.37726,6.53748,6.67399,"[8.87073, 8.58556, 8.09225, 7.65071, 7.32734, 7.13556, 7.03402, 7.03108, 7.08368, 7.11383, 7.14584, 7.1932, 7.25045, 7.3105, 7.3765, 7.4516, 7.53653, 7.63232, 7.74111, 7.86865]",
Alg_c,69377,220,1,10,1,0,0.36881,0.36881,0.90566,0.56,0,0.48855,0.83583,0.77821,0.41304,0,0.39708,0.65995,,,,,,,,,,,,,,,,,"[0.08267, 0.0, 0.0, 0.0, 0.0, 0.0, 0.42044, 0.08604, 0.0, 0.0, 0.02464, 0.09163, 0.40967, 0.0, 0.78691, 0.0, 0.47494, 0.0, 0.59589, 0.50192, 0.0, 0.01635, 0.54176, 0.0, 0.0, 0.58916, 0.10361, 0.25158, 0.44483, 0.0, 0.79989, 0.18226, 0.0, 0.19627, 0.52926, 0.0, 0.45072, 0.17245, 0.0, 0.20552, 0.72443, 0.86065, 0.21271, 0.20376, 0.59014, 0.84607, 0.38479, 0.03225, 1.0072, 0.31317, 0.25875, 0.0, 0.32546, 0.48715, 0.2044, 0.46322, 0.44833, 0.0, 0.22424, 0.72816, 1.3577, 0.53614, 0.91165, 0.54937, 0.87376, 1.24491, 0.27056, 0.65448, 0.42902, 0.88559, 1.08997, 0.51499, 0.50761, 0.53442, 0.43488, 1.24365, 0.28798, 0.59803, 1.73766, 1.02825, 0.06426, 1.56394, 0.0, 0.72008, 1.44634, 0.78101, 1.05331, 1.26704, 0.14728, 1.60482, 0.98282, 1.12387, 0.59844, 1.00111, 0.98867, 1.2194, 0.82481, 0.96345, 1.22663, 1.08757, 0.62807, 0.96832, 0.95225, 1.43361, 0.48174, 0.75224, 1.30585, 1.06682, 0.8356, 0.69817, 1.39901, 1.11539, 1.53943, 0.74925, 0.96859, 1.80602, 1.11511, 1.30246, 1.08555, 1.0813, 1.43875, 1.85544, 1.06641, 0.79822, 0.66442, 0.82209, 1.16191, 1.67312, 0.79467, 0.82225, 2.18279, 1.89167, 1.40145, 1.40163, 1.70188, 1.20617, 1.11972, 1.18964, 1.42668, 1.59558, 1.5324, 1.1925, 1.11944, 1.31018, 1.53345, 1.28028, 1.61966, 1.35848, 1.52814, 1.37217, 1.30234, 0.68914, 1.57002, 1.06882, 2.22278, 1.80108, 1.34844, 1.07838, 1.34545, 1.28506, 1.03736, 2.21409, 1.24303, 1.61784, 2.08831, 1.27029, 1.93541, 1.69434, 1.58093, 1.25429, 2.13539, 1.91764, 1.55278, 1.80641, 1.76057, 1.76987, 2.39241, 0.74846, 1.91407, 1.68615, 2.52628, 1.20039, 1.64476, 1.34296, 1.97027, 2.21691, 1.2622, 1.71592, 1.77512, 1.15021, 2.01872, 1.65296, 1.93024, 2.57306, 2.07703, 1.58065, 2.36403, 2.12559, 2.14644, 1.29771, 1.87285, 2.4125, 2.38794, 2.11464, 1.08453, 1.72055, 2.37877, 1.78219, 2.71488, 2.29661, 2.4987, 1.65655, 1.82166, 2.08551, 2.54625, 1.17735, 2.00921, 2.84787, 2.7279]"
UDE-NN,93050,220,1,10,1,152.463,0.09521,0.29056,0.96317,0.84706,0,0.60341,0.94143,0.77133,0,0,0.25711,0.67277,0.17993,0.24462,0.42574,0.59313,0.82672,0.17993,0.22523,0.36473,0.48311,0.66054,1.86007,2.29092,3.73592,4.91071,6.63624,"[9.85312, 9.73258, 9.62926, 9.53121, 9.43585, 9.34251, 9.25098, 9.16116, 9.07298, 8.98636, 8.90123, 8.81754, 8.73523, 8.65423, 8.57448, 8.49592, 8.41851, 8.34217, 8.26686, 8.19252]","[0.00317, 0.04664, 0.04854, 0.01671, 0.06752, 0.08256, 0.08882, 0.11505, 0.12918, 0.22787, 0.36462, 0.17837, 0.10167, 0.12925, 0.00163, 0.0706, 0.15149, 0.08006, 0.04577, 0.17898, 0.21064, 0.31112, 0.30856, 0.29223, 0.42193, 0.46519, 0.40405, 0.26853, 0.10862, 0.13057, 0.17607, 0.16236, 0.29689, 0.32598, 0.34255, 0.30601, 0.32582, 0.34235, 0.48079, 0.63264, 0.65315, 0.71076, 0.55963, 0.44115, 0.54533, 0.46237, 0.44092, 0.50296, 0.51664, 0.49052, 0.48286, 0.53985, 0.55776, 0.43957, 0.51067, 0.44678, 0.586, 0.46265, 0.3944, 0.47961, 0.54408, 0.55273, 0.60479, 0.62011, 0.69905, 0.67377, 0.6129, 0.58145, 0.66816, 0.61651, 0.60242, 0.6511, 0.77308, 0.67257, 0.68365, 0.70092, 0.78943, 0.81574, 0.78949, 0.88102, 1.04827, 1.01786, 0.94188, 0.89585, 0.93465, 1.0792, 1.0704, 0.86385, 0.71757, 0.70791, 0.71127, 0.77107, 0.92119, 0.94471, 0.95911, 0.913, 0.94585, 0.8486, 0.75575, 0.91492, 1.09583, 1.09602, 0.9644, 0.99932, 0.96667, 0.91465, 0.9947, 1.08715, 1.13305, 1.15301, 1.1676, 1.1878, 1.10642, 1.13666, 1.11844, 1.20955, 1.21877, 1.22105, 1.23356, 1.26671, 1.29226, 1.23485, 1.18885, 1.22925, 1.3642, 1.40026, 1.32982, 1.25257, 1.3339, 1.40238, 1.42866, 1.33345, 1.34357, 1.36682, 1.39044, 1.36112, 1.37642, 1.38525, 1.37797, 1.37601, 1.42349, 1.3543, 1.43005, 1.46411, 1.52998, 1.48124, 1.39711, 1.31497, 1.39901, 1.42139, 1.43751, 1.43889, 1.49211, 1.43559, 1.51841, 1.52281, 1.48551, 1.55481, 1.63758, 1.62737, 1.6772, 1.6893, 1.71091, 1.64926, 1.70048, 1.74731, 1.76219, 1.62535, 1.57211, 1.65612, 1.74451, 1.86949, 1.89665, 1.86931, 1.92885, 2.02165, 1.94921, 1.92451, 1.86195, 1.86312, 1.82425, 1.67259, 1.71072, 1.7018, 1.80489, 1.99312, 1.96703, 1.84716, 1.79016, 1.85662, 1.89913, 1.87659, 1.79171, 1.89169, 2.04885, 2.08043, 2.01943, 1.97755, 1.96803, 1.92772, 1.99809, 2.12112, 2.04866, 2.02484, 2.08484, 2.11793, 2.11386, 2.09371, 2.01525, 2.00972, 2.02676, 2.00378, 1.98421, 2.04865, 2.05707, 2.1581, 2.16983, 2.21115, 2.23354, 2.24385]"
GP,93050,220,1,10,1,749.774,0.0151,0.29056,1,1,0,0.66667,1,0.78378,0,0,0.26126,0.68363,0.22325,0.21083,0.37823,0.54388,0.77427,0.22325,0.18838,0.31423,0.42944,0.60286,2.30792,1.91657,3.21683,4.36146,6.04938,"[9.89644, 9.78571, 9.68568, 9.58948, 9.49561, 9.4037, 9.31362, 9.22527, 9.13859, 9.05351, 8.96996, 8.88789, 8.80724, 8.72794, 8.64994, 8.57319, 8.49762, 8.42318, 8.34983, 8.27751]","[0.02353, 0.03346, 0.0434, 0.05334, 0.06328, 0.07322, 0.08316, 0.0931, 0.10304, 0.11297, 0.12291, 0.13285, 0.14279, 0.15273, 0.16267, 0.17261, 0.18254, 0.19248, 0.20242, 0.21236, 0.2223, 0.23224, 0.24218, 0.25211, 0.26205, 0.27199, 0.28193, 0.29187, 0.30181, 0.31175, 0.32169, 0.33162, 0.34156, 0.3515, 0.36144, 0.37138, 0.38132, 0.39126, 0.40119, 0.41113, 0.42107, 0.43101, 0.44095, 0.45089, 0.46083, 0.47077, 0.4807, 0.49064, 0.50058, 0.51052, 0.52046, 0.5304, 0.54034, 0.55027, 0.56021, 0.57015, 0.58009, 0.59003, 0.59997, 0.60991, 0.61985, 0.62978, 0.63972, 0.64966, 0.6596, 0.66954, 0.67948, 0.68942, 0.69935, 0.70929, 0.71923, 0.72917, 0.73911, 0.74905, 0.75899, 0.76893, 0.77886, 0.7888, 0.79874, 0.80868, 0.81862, 0.82856, 0.8385, 0.84844, 0.85837, 0.86831, 0.87825, 0.88819, 0.89813, 0.90807, 0.91801, 0.92795, 0.93788, 0.94782, 0.95776, 0.9677, 0.97764, 0.98758, 0.99752, 1.00746, 1.01739, 1.02733, 1.03727, 1.04721, 1.05715, 1.06709, 1.07703, 1.08697, 1.09691, 1.10684, 1.11678, 1.12672, 1.13666, 1.1466, 1.15654, 1.16648, 1.17642, 1.18636, 1.19629, 1.20623, 1.21617, 1.22611, 1.23605, 1.24599, 1.25593, 1.26587, 1.2758, 1.28574, 1.29568, 1.30562, 1.31556, 1.3255, 1.33544, 1.34538, 1.35531, 1.36525, 1.37519, 1.38513, 1.39507, 1.40501, 1.41495, 1.42488, 1.43482, 1.44476, 1.4547, 1.46464, 1.47458, 1.48452, 1.49446, 1.50439, 1.51433, 1.52427, 1.53421, 1.54415, 1.55409, 1.56403, 1.57397, 1.5839, 1.59384, 1.60378, 1.61372, 1.62366, 1.6336, 1.64354, 1.65348, 1.66341, 1.67335, 1.68329, 1.69323, 1.70317, 1.71311, 1.72305, 1.73299, 1.74292, 1.75286, 1.7628, 1.77274, 1.78268, 1.79262, 1.80256, 1.81249, 1.82243, 1.83237, 1.84231, 1.85225, 1.86219, 1.87213, 1.88207, 1.892, 1.90194, 1.91188, 1.92182, 1.93176, 1.9417, 1.95164, 1.96157, 1.97151, 1.98145, 1.99139, 2.00133, 2.01127, 2.02121, 2.03114, 2.04108, 2.05102, 2.06096, 2.0709, 2.08084, 2.09078, 2.10071, 2.11065, 2.12059, 2.13053, 2.14047, 2.15041, 2.16035, 2.17028, 2.18022, 2.19016, 2.2001]"
ARIMA,93050,220,1,10,1,18.677,,,,,,,,,,,,,0.38183,0.30368,0.37393,0.35256,0.3664,0.38183,0.26536,0.32668,0.3021,0.31792,3.94728,2.73369,3.3942,3.13292,3.28219,"[10.05502, 10.05502, 10.05502, 10.05502, 10.05502, 10.05502, 10.05502, 10.05502, 10.05502, 10.05502, 10.05502, 10.05502, 10.05502, 10.05502, 10.05502, 10.05502, 10.05502, 10.05502, 10.05502, 10.05502]",
RandomWalk,93050,220,1,10,1,1.129,,,,,,,,,,,,,0.38183,0.30368,0.37393,0.35256,0.3664,0.38183,0.26536,0.32668,0.3021,0.31792,3.94728,2.73369,3.3942,3.13292,3.28219,"[10.05502, 10.05502, 10.05502, 10.05502, 10.05502, 10.05502, 10.05502, 10.05502, 10.05502, 10.05502, 10.05502, 10.05502, 10.05502, 10.05502, 10.05502, 10.05502, 10.05502, 10.05502, 10.05502, 10.05502]",
LSTM,93050,220,1,10,1,55.628,,,,,,,,,,,,,0.34201,0.27406,0.71337,1.02044,1.41394,0.34201,0.24313,0.57707,0.79834,1.1168,3.53569,2.48438,5.93972,8.13794,11.25975,"[10.01521, 9.84773, 9.6785, 9.52286, 9.35241, 9.16876, 8.97162, 8.76197, 8.54589, 8.33181, 8.12514, 7.93431, 7.76611, 7.62489, 7.51177, 7.4244, 7.35792, 7.30652, 7.26486, 7.22894]",
Alg_c,93050,220,1,10,1,0,0.29056,0.29056,0.93939,0.74699,0,0.56213,0.90221,0.76817,0,0,0.25606,0.66891,,,,,,,,,,,,,,,,,"[0.0, 0.12081, 0.11012, 0.0, 0.14316, 0.0999, 0.04656, 0.15377, 0.0, 0.13191, 1.03607, 0.0, 0.0, 0.41792, 0.0, 0.02734, 0.46971, 0.0, 0.0, 0.37749, 0.06778, 0.52761, 0.35536, 0.0, 0.5794, 0.6701, 0.54404, 0.35092, 0.0, 0.13837, 0.35349, 0.0, 0.53854, 0.31049, 0.48879, 0.13119, 0.42296, 0.04983, 0.45844, 0.94256, 0.44029, 1.18078, 0.47359, 0.0, 0.94831, 0.31343, 0.26516, 0.60456, 0.59089, 0.46354, 0.34964, 0.65235, 0.80121, 0.11993, 0.68617, 0.09897, 1.07583, 0.33628, 0.03811, 0.47224, 0.64229, 0.48766, 0.65187, 0.51624, 0.9123, 0.77233, 0.5068, 0.35276, 0.89849, 0.59255, 0.43115, 0.54064, 1.21081, 0.46092, 0.64637, 0.57333, 0.9056, 0.9216, 0.54158, 0.72397, 1.44836, 1.12011, 0.88525, 0.69344, 0.7033, 1.39823, 1.50402, 0.65544, 0.4336, 0.65905, 0.58529, 0.58951, 1.17316, 0.99846, 1.08997, 0.72466, 1.22607, 0.8849, 0.23926, 0.85639, 1.4403, 1.40671, 0.49545, 1.18828, 1.04335, 0.60638, 0.98979, 1.19053, 1.17058, 1.15446, 1.09482, 1.463, 0.8097, 1.33585, 0.84999, 1.41951, 1.20557, 1.20867, 1.17984, 1.23689, 1.52356, 1.20438, 1.03681, 0.98609, 1.57889, 1.60097, 1.39316, 0.82302, 1.45502, 1.41247, 1.81151, 0.96103, 1.3877, 1.33767, 1.5713, 1.17727, 1.42028, 1.4445, 1.40159, 1.00543, 2.22658, 0.41939, 1.82983, 1.17678, 1.86409, 1.48788, 1.43846, 0.94217, 1.53838, 1.42471, 1.4736, 1.31826, 1.72702, 1.14445, 1.67109, 1.61792, 1.25463, 1.52724, 1.84755, 1.46358, 1.7752, 1.60406, 1.97886, 1.32929, 1.73907, 1.73421, 2.16006, 1.37473, 1.30479, 1.70618, 1.65992, 2.05348, 1.99302, 1.68049, 1.80689, 2.40541, 1.7519, 2.06801, 1.69267, 1.93598, 2.1537, 1.14111, 1.986, 1.43833, 1.54108, 2.46977, 2.10919, 1.6716, 1.47441, 1.95125, 2.01038, 2.16254, 1.23935, 1.78591, 2.33951, 2.2512, 1.90506, 1.89249, 2.14792, 1.63154, 1.84288, 2.61335, 1.87604, 1.85352, 2.15017, 2.18307, 2.10083, 2.26108, 1.82648, 1.96567, 2.13873, 2.00432, 1.80059, 2.16837, 1.86623, 2.35044, 2.08739, 2.25171, 2.25648]"
UDE-NN,16025,220,1,10,1,151.882,0.16563,0.70484,0.97872,0.91358,0,0.63077,0.96569,0.73362,0.41071,0,0.38145,0.53406,0.11381,1.35534,2.43228,2.33695,2.1411,0.11381,1.02934,2.08391,2.02805,1.75682,1.51169,18.76476,48.83936,46.28189,39.53114,"[7.64264, 7.49604, 7.40747, 7.34594, 7.29778, 7.25644, 7.21862, 7.18265, 7.14762, 7.11305, 7.07867, 7.04433, 7.00993, 6.97541, 6.94072, 6.90584, 6.87074, 6.83539, 6.79977, 6.76384]","[-0.30359, -0.39197, -0.45975, -0.45618, -0.20835, -0.07381, -0.05873, -0.11927, -0.08551, 0.02654, 0.0724, -0.19147, -0.11632, 0.05092, -0.11191, -0.10442, -0.0328, 0.05479, 0.12405, 0.05027, 0.17678, 0.12177, 0.07067, 0.30939, 0.33659, 0.15705, 0.27252, 0.35651, 0.35992, 0.45342, 0.42531, 0.38778, 0.35886, 0.32289, 0.3217, 0.39267, 0.36126, 0.30595, 0.22197, 0.18301, 0.19442, 0.20435, 0.35344, 0.39193, 0.5036, 0.58417, 0.56381, 0.48417, 0.43003, 0.29951, 0.15445, 0.13693, 0.17684, -0.00017, 0.15313, 0.31005, 0.5178, 0.50381, 0.51942, 0.59633, 0.59677, 0.53647, 0.4828, 0.43793, 0.57753, 0.57824, 0.70206, 0.72812, 0.55505, 0.53278, 0.53372, 0.61952, 0.64548, 0.69583, 0.74632, 0.77502, 0.77704, 0.6772, 0.72011, 0.87283, 0.94518, 0.7919, 0.89529, 1.11034, 1.05294, 0.90348, 0.71483, 0.63635, 0.73708, 0.92242, 0.80006, 0.83699, 0.73663, 0.82512, 0.78015, 0.82604, 1.0322, 1.08258, 1.20481, 1.1506, 1.0385, 0.99385, 1.04738, 0.98762, 0.99902, 1.08491, 0.88532, 0.91689, 1.11013, 1.30269, 1.18957, 1.2548, 1.04338, 0.89166, 0.95077, 0.98643, 1.10472, 1.12076, 1.17815, 1.21434, 1.28419, 1.21192, 1.14148, 1.19056, 1.23967, 1.34769, 1.14576, 1.00241, 1.14541, 1.33029, 1.35969, 1.33981, 1.36576, 1.53504, 1.32757, 1.23336, 1.22493, 1.23789, 1.32134, 1.4475, 1.38912, 1.17989, 1.16841, 1.19862, 1.30267, 1.30704, 1.46696, 1.54233, 1.62733, 1.68162, 1.61166, 1.49591, 1.35721, 1.33975, 1.33828, 1.32097, 1.30832, 1.26784, 1.21833, 1.18408, 1.22301, 1.36237, 1.4274, 1.4877, 1.56066, 1.58081, 1.60513, 1.60904, 1.60757, 1.60348, 1.59322, 1.57472, 1.54915, 1.53808, 1.56921, 1.68405, 1.83387, 1.95261, 1.92589, 1.92208, 1.96048, 1.96531, 2.0395, 1.96931, 1.88638, 1.80537, 1.78277, 1.97964, 2.02042, 2.0493, 2.01994, 1.88966, 1.76714, 1.75296, 1.97773, 2.10173, 2.30018, 2.27691, 2.19814, 2.16641, 2.1814, 2.03136, 2.02976, 2.18312, 2.16302, 1.90428, 1.86453, 1.78484, 1.84905, 1.93777, 2.00153, 1.89056, 1.96, 2.00537, 2.03295, 2.18624, 2.02877, 2.07109, 2.11232, 2.1237]"
GP,16025,220,1,10,1,725.572,0.06435,0.70484,0.99401,0.975,0,0.65634,0.99025,0.72727,0.46429,0,0.39719,0.55193,0.03385,1.24132,2.28759,2.18881,2.00122,0.03385,0.89797,1.93033,1.86944,1.61229,0.44958,16.59721,45.57133,42.97993,36.57279,"[7.56267, 7.37747, 7.26675, 7.19155, 7.13455, 7.08727, 7.04527, 7.00619, 6.9687, 6.93205, 6.89582, 6.85974, 6.82365, 6.78746, 6.75109, 6.71449, 6.67761, 6.64042, 6.60288, 6.56496]","[-0.13895, -0.12815, -0.11733, -0.10651, -0.09568, -0.08474, -0.07369, -0.06245, -0.05127, -0.03991, -0.02871, -0.0175, -0.00619, 0.00499, 0.01623, 0.02721, 0.03836, 0.04951, 0.06058, 0.07175, 0.08298, 0.09414, 0.1053, 0.11655, 0.12794, 0.1392, 0.15066, 0.16208, 0.17361, 0.18489, 0.19633, 0.20753, 0.21877, 0.23, 0.2412, 0.25251, 0.26372, 0.27497, 0.28618, 0.29746, 0.3086, 0.31988, 0.331, 0.34217, 0.35324, 0.36427, 0.37539, 0.38641, 0.39733, 0.40811, 0.41891, 0.42981, 0.44085, 0.45184, 0.46269, 0.47356, 0.48441, 0.49529, 0.5062, 0.51705, 0.52788, 0.53866, 0.54946, 0.56024, 0.57097, 0.58166, 0.5923, 0.60299, 0.61355, 0.62406, 0.63457, 0.64507, 0.65556, 0.66599, 0.67641, 0.68685, 0.6973, 0.70774, 0.71816, 0.72868, 0.73929, 0.74992, 0.76052, 0.77113, 0.78169, 0.79218, 0.80268, 0.81327, 0.8239, 0.83456, 0.84521, 0.85578, 0.86634, 0.87693, 0.8876, 0.89835, 0.90917, 0.92002, 0.93086, 0.94174, 0.95267, 0.96371, 0.97474, 0.9858, 0.99674, 1.00777, 1.01878, 1.02976, 1.04068, 1.05158, 1.06233, 1.07304, 1.08384, 1.0946, 1.10539, 1.11628, 1.12719, 1.13803, 1.14876, 1.1595, 1.17028, 1.18106, 1.19184, 1.20268, 1.21362, 1.22457, 1.2355, 1.24651, 1.25754, 1.26853, 1.27945, 1.29034, 1.30116, 1.31187, 1.32257, 1.33321, 1.34393, 1.35476, 1.36559, 1.37633, 1.38697, 1.39758, 1.40814, 1.41874, 1.42935, 1.43989, 1.45038, 1.46084, 1.47121, 1.48153, 1.49178, 1.50195, 1.51206, 1.52213, 1.53219, 1.54223, 1.55226, 1.56229, 1.5723, 1.5823, 1.59233, 1.60237, 1.61242, 1.62244, 1.63246, 1.64249, 1.65249, 1.66251, 1.67251, 1.68251, 1.69252, 1.70253, 1.71254, 1.72255, 1.73259, 1.74264, 1.75271, 1.76278, 1.77283, 1.78285, 1.79289, 1.80294, 1.81298, 1.82303, 1.83305, 1.84308, 1.85313, 1.86319, 1.8733, 1.8834, 1.89351, 1.90363, 1.91376, 1.92394, 1.9342, 1.94461, 1.95518, 1.966, 1.97698, 1.98798, 1.99893, 2.00983, 2.02077, 2.03171, 2.04262, 2.05354, 2.06451, 2.07552, 2.08648, 2.09739, 2.10833, 2.11915, 2.12995, 2.14079, 2.15153, 2.16231, 2.17304, 2.18366, 2.1943, 2.20494]"
ARIMA,16025,220,1,10,1,18.98,,,,,,,,,,,,,0.35294,1.77147,2.9952,2.93128,2.73632,0.35294,1.4715,2.65215,2.63766,2.42503,4.68788,26.11007,61.10996,59.076,52.66732,"[7.88176, 7.88451, 7.87765, 7.8789, 7.87781, 7.87812, 7.87794, 7.878, 7.87797, 7.87798, 7.87797, 7.87798, 7.87798, 7.87798, 7.87798, 7.87798, 7.87798, 7.87798, 7.87798, 7.87798]",
RandomWalk,16025,220,1,10,1,1.114,,,,,,,,,,,,,0.40101,1.81384,3.04092,2.97778,2.78216,0.40101,1.52121,2.70292,2.68861,2.47617,5.32636,26.9097,62.15488,60.11014,53.66187,"[7.92984, 7.92984, 7.92984, 7.92984, 7.92984, 7.92984, 7.92984, 7.92984, 7.92984, 7.92984, 7.92984, 7.92984, 7.92984, 7.92984, 7.92984, 7.92984, 7.92984, 7.92984, 7.92984, 7.92984]",
LSTM,16025,220,1,10,1,56.481,,,,,,,,,,,,,0.39136,1.36269,2.24176,2.09879,1.91683,0.39136,1.11691,1.96863,1.82111,1.62931,5.19814,19.89102,45.54872,41.4434,35.96948,"[7.92018, 7.53957, 7.61084, 7.17477, 7.38236, 6.99269, 6.99177, 6.99883, 6.62957, 6.71491, 6.41061, 6.38189, 6.2017, 6.06989, 6.01141, 5.77639, 5.8168, 5.5932, 5.55578, 5.48473]",
Alg_c,16025,220,1,10,1,0,0.70484,0.70484,0.90554,0.52459,0,0.47671,0.83213,0.76995,0.41758,0.35714,0.51489,0.59789,,,,,,,,,,,,,,,,,"[0.0, 0.0, 0.0, 0.0, 0.01405, 0.22946, 0.15698, 0.0, 0.0, 0.25555, 0.5065, 0.0, 0.0, 0.82613, 0.0, 0.0, 0.0, 0.14134, 0.31713, 0.0, 0.48743, 0.04585, 0.0, 0.70745, 0.59029, 0.0, 0.22796, 0.59687, 0.30763, 0.72095, 0.49336, 0.37657, 0.35711, 0.20087, 0.1636, 0.60026, 0.48335, 0.34796, 0.11462, 0.06356, 0.11472, 0.0, 0.50704, 0.27786, 0.60094, 0.83769, 0.71102, 0.43637, 0.58784, 0.32532, 0.0, 0.04368, 0.59544, 0.0, 0.09895, 0.20828, 0.96364, 0.46728, 0.3947, 0.74235, 0.71173, 0.51956, 0.47514, 0.04061, 0.92745, 0.25431, 0.84426, 1.20067, 0.11845, 0.58252, 0.32572, 0.79897, 0.54865, 0.69781, 0.78521, 0.76713, 1.13914, 0.23934, 0.50832, 1.01503, 1.50318, 0.16273, 0.62909, 1.68005, 1.07257, 0.98677, 0.51167, 0.30287, 0.53842, 1.64005, 0.24608, 1.32885, 0.17736, 1.21231, 0.56612, 0.5029, 1.35728, 0.90065, 1.56258, 1.23421, 0.89199, 0.8152, 1.25516, 0.82663, 0.88018, 1.60913, 0.43921, 0.54702, 1.02765, 2.006, 0.63569, 1.84671, 0.89853, 0.46433, 0.97977, 0.82912, 1.31498, 1.00538, 1.23802, 1.11716, 1.58453, 1.18724, 0.89585, 1.17611, 1.09846, 1.97223, 0.98749, 0.37409, 0.98912, 1.64656, 1.46431, 1.28252, 0.98336, 2.41451, 0.89331, 1.09033, 1.18462, 1.09609, 1.17727, 1.8048, 1.75847, 0.64043, 1.17104, 1.01078, 1.63586, 0.84605, 1.73745, 1.42629, 1.60875, 1.98262, 1.62166, 1.78651, 0.0, 1.44893, 1.66774, 0.67896, 2.16417, 5.75362, NaN, 0.0, 0.17302, 2.30335, 1.41259, 0.0, 3.24364, NaN, 2.86616, 4.02368, 0.73685, 3.02875, 2.88886, 4.80453, 0.0, 0.93613, 0.87826, 1.57538, 1.75206, 3.85815, NaN, 1.01226, 2.87376, 0.0, 3.60444, 0.0, 2.23438, 1.74871, 0.0, 3.70119, 1.51545, 2.17734, 2.61992, 1.82141, 1.55267, 0.56231, 2.7472, 1.68287, 2.81319, 2.38036, 2.10589, 2.04737, 2.52625, 1.72049, 1.6963, 2.51057, 2.61984, 1.47078, 1.88753, 1.49674, 1.80837, 1.95469, 2.394, 1.47678, 2.00358, 2.05708, 1.71808, 2.95374, 1.3744, 2.13885, 2.18029]"
UDE-NN,24415,220,1,10,1,154.085,0.1025,0.31273,0.98567,0.94253,0,0.64273,0.97756,0.8535,0,0,0.2845,0.8535,0.71555,1.47376,1.40144,1.4483,1.594,0.71555,1.30173,1.16733,1.23976,1.39585,8.26608,17.42307,13.69111,14.00961,15.06375,"[9.37197, 9.30271, 9.22179, 9.13882, 9.05639, 8.97517, 8.8953, 8.81679, 8.7396, 8.6637, 8.58902, 8.5155, 8.44311, 8.37179, 8.30149, 8.23215, 8.16374, 8.0962, 8.02949, 7.96355]","[0.01734, 0.01199, 0.17102, 0.28395, 0.33097, 0.24931, 0.28184, 0.30484, 0.17905, 0.16576, 0.13732, -0.00225, 0.02996, 0.21131, 0.2464, 0.2565, 0.29797, 0.25915, 0.31379, 0.35882, 0.22471, 0.2576, 0.25833, 0.21204, 0.13789, 0.12037, 0.08796, 0.16509, 0.21872, 0.31125, 0.32936, 0.38334, 0.41901, 0.36604, 0.28984, 0.41665, 0.42091, 0.36749, 0.46106, 0.45052, 0.42439, 0.38421, 0.24349, 0.23844, 0.28722, 0.40397, 0.51698, 0.59236, 0.6696, 0.66499, 0.61204, 0.47018, 0.57375, 0.65638, 0.65712, 0.73265, 0.77449, 0.76543, 0.58393, 0.5225, 0.3918, 0.48678, 0.5549, 0.61338, 0.70037, 0.6856, 0.58639, 0.56056, 0.50604, 0.44182, 0.54654, 0.54905, 0.69224, 0.64751, 0.6679, 0.6286, 0.70172, 0.77439, 0.75482, 0.75509, 0.7549, 0.77782, 0.72234, 0.76019, 0.73142, 0.85015, 0.96183, 0.92735, 0.85417, 0.83289, 0.90123, 1.02554, 1.01546, 0.77112, 0.84692, 0.92744, 0.90758, 0.8482, 0.90588, 1.02397, 1.11881, 1.16804, 1.05157, 0.98313, 1.01239, 0.94367, 1.01437, 0.98625, 1.11824, 0.98139, 1.07693, 1.21082, 1.19387, 1.04431, 1.14052, 1.15282, 1.07431, 1.15953, 1.24954, 1.29678, 1.39703, 1.35627, 1.36865, 1.3542, 1.41404, 1.36034, 1.35874, 1.28139, 1.25861, 1.24572, 1.34282, 1.2751, 1.27725, 1.25739, 1.34824, 1.32512, 1.41712, 1.49945, 1.43815, 1.41226, 1.40499, 1.4046, 1.46718, 1.53373, 1.48154, 1.60787, 1.46853, 1.5546, 1.54959, 1.41873, 1.44912, 1.45864, 1.47954, 1.57901, 1.62574, 1.5562, 1.51139, 1.44715, 1.34395, 1.4522, 1.47976, 1.59151, 1.7023, 1.65035, 1.57829, 1.50987, 1.50022, 1.46219, 1.38983, 1.53156, 1.5841, 1.68882, 1.72914, 1.74755, 1.83591, 1.96893, 1.86197, 1.91019, 1.9325, 1.95277, 1.85694, 1.81058, 1.84411, 1.84216, 1.8572, 1.80404, 1.90164, 1.92214, 1.97252, 2.04461, 1.94782, 1.98807, 1.99827, 2.01457, 2.00412, 1.93918, 1.88074, 1.90565, 2.01046, 1.95292, 1.9008, 1.96838, 2.04831, 1.95393, 1.97158, 1.99427, 1.9609, 2.08305, 2.19585, 2.1735, 2.18035, 2.12022, 2.12457, 2.2061, 2.12824, 2.10889, 2.21044, 2.16385, 2.20029, 2.21004]"
GP,24415,220,1,10,1,756.141,0.02088,0.31273,0.9972,0.98765,0,0.66162,0.99541,0.875,0,0,0.29167,0.875,0.74739,1.5126,1.40357,1.44011,1.57343,0.74739,1.34373,1.16307,1.2271,1.37416,8.6339,17.96324,13.70383,13.93022,14.88891,"[9.40381, 9.34377, 9.266, 9.18466, 9.10347, 9.02339, 8.94466, 8.8673, 8.79128, 8.71656, 8.64308, 8.57079, 8.49964, 8.42958, 8.36056, 8.29254, 8.22546, 8.15929, 8.09397, 8.02946]","[0.04895, 0.05863, 0.06833, 0.07805, 0.08768, 0.09738, 0.10715, 0.11684, 0.12645, 0.13613, 0.14577, 0.1553, 0.16487, 0.17446, 0.18407, 0.19374, 0.20337, 0.21289, 0.22245, 0.23192, 0.24145, 0.25097, 0.26053, 0.27001, 0.27938, 0.28879, 0.29813, 0.30754, 0.31696, 0.32645, 0.33593, 0.34552, 0.35498, 0.36453, 0.37409, 0.38356, 0.39305, 0.40245, 0.41176, 0.42114, 0.43052, 0.43974, 0.44904, 0.45836, 0.46755, 0.47685, 0.48618, 0.49549, 0.50479, 0.5141, 0.52364, 0.53312, 0.54267, 0.55217, 0.56169, 0.57132, 0.58097, 0.5907, 0.60045, 0.61022, 0.61999, 0.62978, 0.63957, 0.64943, 0.65929, 0.66917, 0.679, 0.68885, 0.69865, 0.70848, 0.71829, 0.72806, 0.73788, 0.74761, 0.7573, 0.76697, 0.77672, 0.78646, 0.79626, 0.80612, 0.81595, 0.82582, 0.83566, 0.84546, 0.85525, 0.8651, 0.87488, 0.88466, 0.89448, 0.90428, 0.91408, 0.92381, 0.93354, 0.94322, 0.9528, 0.96243, 0.97207, 0.98186, 0.99165, 1.00151, 1.01141, 1.02125, 1.03112, 1.04093, 1.05073, 1.06046, 1.07014, 1.07992, 1.08974, 1.09956, 1.10945, 1.11925, 1.12897, 1.13866, 1.14832, 1.15799, 1.16773, 1.17744, 1.18709, 1.19686, 1.20667, 1.21661, 1.22658, 1.23655, 1.24655, 1.2565, 1.26655, 1.27666, 1.28683, 1.29701, 1.30716, 1.3173, 1.32743, 1.33754, 1.34762, 1.35764, 1.36771, 1.37773, 1.38774, 1.39781, 1.40786, 1.4179, 1.42795, 1.43795, 1.44792, 1.4579, 1.4678, 1.47769, 1.48746, 1.49722, 1.50707, 1.51688, 1.52663, 1.5363, 1.54593, 1.55555, 1.56512, 1.57476, 1.58442, 1.59406, 1.60365, 1.61325, 1.62277, 1.63225, 1.64182, 1.65136, 1.66094, 1.67048, 1.68, 1.68959, 1.6992, 1.70886, 1.71859, 1.72818, 1.73778, 1.74739, 1.7569, 1.7665, 1.77607, 1.78564, 1.7953, 1.80499, 1.81462, 1.82434, 1.83422, 1.8441, 1.85397, 1.86389, 1.87389, 1.88392, 1.89395, 1.90396, 1.91383, 1.92352, 1.93314, 1.94275, 1.95241, 1.96217, 1.97197, 1.98175, 1.99151, 2.00115, 2.01076, 2.0204, 2.03009, 2.03981, 2.04967, 2.05952, 2.06937, 2.07917, 2.089, 2.09883, 2.10873, 2.11865, 2.12854, 2.13851, 2.14844, 2.15829, 2.16807, 2.17784]"
ARIMA,24415,220,1,10,1,19.162,,,,,,,,,,,,,0.71247,1.64697,1.32168,1.26348,1.23335,0.71247,1.45536,0.98877,0.95423,0.96733,8.23052,19.48158,12.15695,11.37873,11.03495,"[9.36889, 9.37324, 9.37249, 9.37262, 9.3726, 9.3726, 9.3726, 9.3726, 9.3726, 9.3726, 9.3726, 9.3726, 9.3726, 9.3726, 9.3726, 9.3726, 9.3726, 9.3726, 9.3726, 9.3726]",
RandomWalk,24415,220,1,10,1,1.222,,,,,,,,,,,,,0.7376,1.66624,1.32994,1.26852,1.23399,0.7376,1.47741,0.99337,0.9545,0.96326,8.52079,19.76199,12.23413,11.40782,11.01694,"[9.39401, 9.39401, 9.39401, 9.39401, 9.39401, 9.39401, 9.39401, 9.39401, 9.39401, 9.39401, 9.39401, 9.39401, 9.39401, 9.39401, 9.39401, 9.39401, 9.39401, 9.39401, 9.39401, 9.39401]",
LSTM,24415,220,1,10,1,56.362,,,,,,,,,,,,,0.99552,2.02341,1.61326,1.57111,1.58069,0.99552,1.85223,1.24515,1.24828,1.31181,11.50034,24.59308,15.25824,14.75951,14.79376,"[9.65194, 9.77569, 9.86461, 9.79794, 9.75403, 9.64594, 9.45891, 9.3223, 9.15755, 9.03683, 8.92625, 8.85419, 8.81233, 8.81222, 8.85467, 8.92315, 9.02599, 9.13353, 9.24025, 9.32511]",
Alg_c,24415,220,1,10,1,0,0.31273,0.31273,0.93051,0.66667,0,0.53239,0.87928,0.86731,0,0,0.2891,0.86731,,,,,,,,,,,,,,,,,"[0.04616, 0.0, 0.28912, 0.42503, 0.61836, 0.0, 0.33363, 0.61826, 0.0, 0.2237, 0.33973, 0.0, 0.0, 0.48922, 0.29248, 0.20782, 0.456, 0.07273, 0.33203, 0.69412, 0.0, 0.31465, 0.36778, 0.27504, 0.03347, 0.0926, 0.0, 0.16573, 0.16663, 0.45827, 0.25877, 0.42291, 0.60278, 0.3605, 0.0, 0.65028, 0.49133, 0.09729, 0.63675, 0.50563, 0.50699, 0.56686, 0.0, 0.0, 0.1125, 0.40071, 0.59945, 0.64979, 0.86171, 0.78461, 0.78218, 0.0, 0.58638, 0.83122, 0.50762, 0.78933, 0.85017, 1.13618, 0.29033, 0.71715, 0.0, 0.54311, 0.57401, 0.50944, 0.9196, 0.86371, 0.39394, 0.63102, 0.56151, 0.07591, 0.80815, 0.17752, 1.10882, 0.49928, 0.80076, 0.38825, 0.69371, 0.97203, 0.67823, 0.76734, 0.68007, 0.9754, 0.4985, 0.95606, 0.3877, 0.87278, 1.25111, 0.97395, 0.7667, 0.66272, 0.76777, 1.26448, 1.43367, 0.141, 0.83099, 1.12484, 0.98102, 0.61691, 0.79499, 1.08899, 1.13942, 1.53338, 0.92818, 0.76961, 1.22637, 0.64855, 1.27268, 0.57307, 1.81771, 0.31717, 1.04346, 1.5054, 1.44742, 0.53897, 1.28135, 1.3505, 0.71912, 1.12327, 1.34328, 1.1189, 1.76821, 1.14954, 1.50313, 1.11208, 1.7168, 1.12672, 1.62126, 1.07207, 1.37243, 0.80352, 1.95448, 0.92015, 1.48142, 0.88245, 1.75665, 0.924, 1.43345, 1.85832, 1.25142, 1.39305, 1.44779, 1.24342, 1.4367, 1.9365, 0.80322, 2.42062, 0.74508, 1.78508, 1.85762, 1.00422, 1.56036, 1.4403, 1.31601, 1.67537, 1.85427, 1.51494, 1.54921, 1.54582, 0.91, 1.61258, 1.29972, 1.61634, 2.03656, 1.68271, 1.57352, 1.39217, 1.55935, 1.52404, 0.95876, 1.70193, 1.45128, 1.84894, 1.77563, 1.61098, 1.78076, 2.46521, 1.51947, 1.9662, 1.92426, 2.20416, 1.71642, 1.64547, 1.92588, 1.75715, 2.07206, 1.41839, 2.14305, 1.81798, 1.80497, 2.64062, 1.3579, 2.16714, 1.97437, 2.06815, 2.11392, 1.94386, 1.73276, 1.70078, 2.39403, 1.88612, 1.65611, 1.93306, 2.4202, 1.69668, 1.93957, 2.18639, 1.58745, 2.13238, 2.49707, 2.02702, 2.36447, 1.98337, 1.91306, 2.62993, 1.94255, 1.75925, 2.65554, 1.91922, 2.28739]"
UDE-NN,46189,220,1,10,1,153.241,0.10458,0.58164,0.97076,0.88095,0,0.61724,0.95347,0.90037,0.69663,0,0.53233,0.8483,0.14495,0.18644,0.2425,0.22301,0.20956,0.14495,0.1781,0.21496,0.18966,0.17797,120.02819,4.73E+10,4.98E+10,4.15E+10,3.32E+10,"[0.26572, 0.24297, 0.23639, 0.23637, 0.23951, 0.24426, 0.24976, 0.25557, 0.26141, 0.26714, 0.27269, 0.27802, 0.28311, 0.28797, 0.2926, 0.29701, 0.30119, 0.30517, 0.30894, 0.31252]","[-0.12115, -0.09353, -0.16524, -0.17278, -0.15647, -0.09723, -0.01511, 0.02578, 0.13242, 0.1179, 0.0147, 0.03609, 0.06579, 0.20435, 0.2736, 0.21104, 0.11099, 0.04891, 0.08861, 0.21836, 0.18959, 0.1913, 0.35248, 0.33302, 0.15165, 0.08861, 0.06161, 0.08193, 0.11482, 0.11561, 0.18925, 0.1728, 0.06733, 0.12756, 0.14903, 0.14572, 0.06791, 0.102, 0.1381, 0.12954, 0.19968, 0.28611, 0.35928, 0.41304, 0.48394, 0.49182, 0.51839, 0.54959, 0.50564, 0.35467, 0.40866, 0.53196, 0.49548, 0.43676, 0.44009, 0.5192, 0.56358, 0.53298, 0.55698, 0.50271, 0.51019, 0.5867, 0.58101, 0.58968, 0.6017, 0.67189, 0.66123, 0.63154, 0.5229, 0.49061, 0.72668, 0.83127, 0.81363, 0.78583, 0.91842, 0.88766, 0.83956, 0.78109, 0.82537, 0.78081, 0.81003, 0.75808, 0.7227, 0.66055, 0.74052, 0.78615, 0.80498, 0.72426, 0.78973, 0.73877, 0.85444, 0.89205, 0.93757, 0.85391, 0.91764, 0.92665, 0.97983, 0.98276, 1.02932, 1.15531, 1.10056, 1.10558, 1.08814, 1.09889, 1.17026, 1.1091, 1.05418, 1.07363, 1.04515, 1.01731, 0.9807, 1.0004, 1.05374, 1.17954, 1.16605, 1.21583, 1.17023, 1.07996, 1.11759, 1.20125, 1.2812, 1.17314, 1.15135, 1.14804, 1.2347, 1.20712, 1.28443, 1.28626, 1.26184, 1.28784, 1.3119, 1.28819, 1.28132, 1.3051, 1.44054, 1.49164, 1.3822, 1.36185, 1.36451, 1.4631, 1.37617, 1.384, 1.39575, 1.42194, 1.45623, 1.47383, 1.57315, 1.59203, 1.56691, 1.40973, 1.33352, 1.4366, 1.55163, 1.516, 1.58713, 1.53026, 1.51571, 1.54846, 1.65361, 1.6399, 1.52819, 1.49909, 1.46239, 1.44599, 1.5338, 1.5815, 1.57985, 1.52582, 1.67947, 1.69719, 1.72334, 1.71348, 1.78066, 1.91473, 1.98059, 1.99814, 1.92609, 1.89791, 1.84389, 1.80767, 1.88726, 1.95793, 1.84004, 1.70096, 1.82276, 1.7855, 1.82825, 1.74457, 1.72857, 1.83044, 1.85879, 1.85089, 1.83171, 1.86149, 2.11207, 2.10052, 2.11984, 2.15231, 2.25429, 2.15588, 2.16412, 2.06672, 1.95638, 1.99282, 2.05598, 2.11353, 2.17301, 2.13919, 2.20531, 2.23435, 2.18564, 2.12795, 2.0813, 2.06611, 2.16475, 2.2335, 2.22581, 2.21392, 2.20722, 2.2179]"
GP,46189,220,1,10,1,776.172,0.0407,0.58164,0.99707,0.98795,0,0.66167,0.9953,0.91912,0.75,0,0.55637,0.8759,0.14009,0.18651,0.24275,0.22328,0.20947,0.14009,0.17821,0.21523,0.18989,0.17764,116.00376,4.67E+10,4.93E+10,4.11E+10,3.28E+10,"[0.26086, 0.23968, 0.23367, 0.2339, 0.23715, 0.24193, 0.24744, 0.25322, 0.25902, 0.26472, 0.27023, 0.27552, 0.28058, 0.28541, 0.29001, 0.29438, 0.29854, 0.30249, 0.30624, 0.3098]","[-0.08108, -0.07049, -0.0599, -0.04931, -0.03872, -0.02813, -0.01754, -0.00695, 0.00364, 0.01422, 0.02481, 0.0354, 0.04599, 0.05658, 0.06717, 0.07776, 0.08835, 0.09894, 0.10953, 0.12012, 0.13071, 0.1413, 0.15189, 0.16248, 0.17307, 0.18366, 0.19425, 0.20484, 0.21542, 0.22601, 0.2366, 0.24719, 0.25778, 0.26837, 0.27896, 0.28955, 0.30014, 0.31073, 0.32132, 0.33191, 0.3425, 0.35309, 0.36368, 0.37427, 0.38486, 0.39545, 0.40604, 0.41663, 0.42722, 0.43781, 0.4484, 0.45899, 0.46958, 0.48017, 0.49076, 0.50135, 0.51194, 0.52253, 0.53311, 0.5437, 0.55429, 0.56488, 0.57547, 0.58606, 0.59665, 0.60724, 0.61783, 0.62842, 0.63901, 0.6496, 0.66019, 0.67078, 0.68137, 0.69196, 0.70255, 0.71314, 0.72373, 0.73432, 0.74491, 0.7555, 0.76609, 0.77668, 0.78727, 0.79786, 0.80845, 0.81904, 0.82962, 0.84021, 0.8508, 0.86139, 0.87198, 0.88257, 0.89316, 0.90375, 0.91434, 0.92493, 0.93552, 0.94611, 0.9567, 0.96729, 0.97788, 0.98847, 0.99906, 1.00965, 1.02024, 1.03083, 1.04141, 1.052, 1.06259, 1.07318, 1.08377, 1.09436, 1.10495, 1.11554, 1.12613, 1.13672, 1.14731, 1.1579, 1.16849, 1.17908, 1.18967, 1.20025, 1.21084, 1.22143, 1.23202, 1.24261, 1.2532, 1.26379, 1.27438, 1.28497, 1.29556, 1.30615, 1.31674, 1.32733, 1.33792, 1.3485, 1.35909, 1.36968, 1.38027, 1.39086, 1.40145, 1.41204, 1.42263, 1.43322, 1.44381, 1.4544, 1.46499, 1.47557, 1.48616, 1.49675, 1.50734, 1.51793, 1.52852, 1.53911, 1.5497, 1.56029, 1.57088, 1.58147, 1.59206, 1.60264, 1.61323, 1.62382, 1.63441, 1.645, 1.65559, 1.66618, 1.67677, 1.68736, 1.69795, 1.70854, 1.71913, 1.72972, 1.74031, 1.75089, 1.76148, 1.77207, 1.78266, 1.79325, 1.80384, 1.81443, 1.82502, 1.83561, 1.8462, 1.85679, 1.86738, 1.87797, 1.88856, 1.89914, 1.90973, 1.92032, 1.93091, 1.9415, 1.95209, 1.96268, 1.97327, 1.98386, 1.99445, 2.00504, 2.01563, 2.02622, 2.03681, 2.0474, 2.05798, 2.06857, 2.07916, 2.08975, 2.10034, 2.11093, 2.12152, 2.13211, 2.1427, 2.15329, 2.16388, 2.17447, 2.18506, 2.19565, 2.20623, 2.21682, 2.22741, 2.238]"
ARIMA,46189,220,1,10,1,21.653,,,,,,,,,,,,,0.41625,0.33311,0.36745,0.35438,0.36677,0.41625,0.2991,0.32753,0.31922,0.3372,344.67098,1.04E+11,1.11E+11,9.22E+10,7.38E+10,"[0.53702, 0.62046, 0.51893, 0.59719, 0.5707, 0.53976, 0.61081, 0.53108, 0.58752, 0.57433, 0.54304, 0.60254, 0.54067, 0.58049, 0.57629, 0.54646, 0.59556, 0.54814, 0.57549, 0.57709]",
RandomWalk,46189,220,1,10,1,1.233,,,,,,,,,,,,,0.44391,0.34592,0.36451,0.3515,0.36441,0.44391,0.29491,0.31671,0.30885,0.32868,367.57446,1.13E+11,1.13E+11,9.41E+10,7.53E+10,"[0.56468, 0.56468, 0.56468, 0.56468, 0.56468, 0.56468, 0.56468, 0.56468, 0.56468, 0.56468, 0.56468, 0.56468, 0.56468, 0.56468, 0.56468, 0.56468, 0.56468, 0.56468, 0.56468, 0.56468]",
LSTM,46189,220,1,10,1,57.886,,,,,,,,,,,,,1.3101,3.83412,7.17257,7.91998,8.67631,1.3101,3.44276,6.37434,7.13104,7.94524,1084.81333,7.10E+11,1.40E+12,1.17E+12,9.36E+11,"[1.43086, 2.36238, 3.5494, 4.87779, 6.34215, 7.78602, 8.99914, 9.88685, 10.48944, 10.88649, 11.13715, 11.28223, 11.35272, 11.37169, 11.35173, 11.30369, 11.24195, 11.1787, 11.12249, 11.07923]",
Alg_c,46189,220,1,10,1,0,0.58164,0.58164,0.91961,0.63291,0,0.51751,0.86286,0.85283,0.48193,0,0.44492,0.76221,,,,,,,,,,,,,,,,,"[0.0, 0.09968, 0.0, 0.0, 0.0, 0.0, 0.05901, 0.0, 0.3597, 0.26821, 0.0, 0.0, 0.0, 0.32659, 0.55995, 0.30642, 0.02166, 0.0, 0.0, 0.55045, 0.13503, 0.0, 0.72243, 0.67036, 0.0, 0.0, 0.0, 0.05351, 0.16198, 0.0, 0.37861, 0.32567, 0.0, 0.17543, 0.20748, 0.29526, 0.0, 0.09126, 0.22094, 0.0, 0.16418, 0.31762, 0.40885, 0.34969, 0.62682, 0.43707, 0.49104, 0.71135, 0.7385, 0.0, 0.198, 0.85424, 0.57244, 0.29626, 0.27157, 0.58043, 0.71962, 0.40212, 0.73423, 0.36764, 0.37846, 0.74489, 0.57001, 0.57958, 0.4705, 0.84556, 0.68786, 0.79121, 0.3137, 0.0, 1.00336, 1.10641, 0.77422, 0.46791, 1.23205, 0.89701, 0.86816, 0.552, 1.05091, 0.55425, 1.04062, 0.68262, 0.83355, 0.34152, 0.82536, 0.79169, 1.0571, 0.34296, 1.16406, 0.27463, 1.0753, 0.8083, 1.25238, 0.49423, 1.1084, 0.76873, 1.15918, 0.88202, 0.75849, 1.66134, 0.8425, 1.19177, 1.04255, 0.9008, 1.51857, 1.10197, 0.8627, 1.22792, 1.02022, 1.06713, 0.85547, 0.97849, 0.83792, 1.56234, 0.89892, 1.44804, 1.27895, 0.79513, 1.08352, 1.14466, 1.76511, 0.85688, 1.22149, 0.88169, 1.58756, 0.89172, 1.46804, 1.32644, 1.15131, 1.28803, 1.41527, 1.25072, 1.23923, 1.04861, 1.58703, 1.86255, 1.1011, 1.39857, 1.06991, 1.97023, 1.02761, 1.45037, 1.36479, 1.39247, 1.61473, 1.10298, 1.81927, 1.4706, 2.16735, 1.09042, 0.79528, 1.48153, 1.98472, 1.15648, 1.92513, 1.39895, 1.45496, 1.41905, 1.87857, 1.85298, 1.31841, 1.52239, 1.43619, 1.22453, 1.64015, 1.68598, 1.64036, 1.11015, 1.94017, 1.72932, 1.76955, 1.55308, 1.64144, 2.04791, 2.08428, 2.17961, 1.83877, 1.94768, 1.80108, 1.57105, 1.84634, 2.34665, 1.84206, 1.18514, 2.11775, 1.60567, 2.09231, 1.6267, 1.5069, 1.96137, 1.93138, 1.88639, 1.79226, 1.29368, 2.78913, 1.90246, 2.11369, 2.00446, 2.69403, 1.82671, 2.42965, 2.12931, 1.61202, 2.01761, 2.08423, 2.06459, 2.42307, 1.86146, 2.29019, 2.39866, 2.16714, 2.11825, 2.10893, 1.68336, 2.36034, 2.67063, 9.61752, NaN, 0.99953]"
UDE-NN,19561,220,1,10,1,156.456,0.07297,0.51852,0.98542,0.93976,0,0.64173,0.97663,0.91339,0.68041,0,0.53127,0.79653,0.29311,0.32941,0.31085,0.318,0.29948,0.29311,0.28308,0.26694,0.27544,0.25075,42.93125,53.95057,95.333,3.90E+10,3.12E+10,"[0.38963, 0.43693, 0.4597, 0.46913, 0.47243, 0.47311, 0.47267, 0.47175, 0.47061, 0.46936, 0.46803, 0.46666, 0.46524, 0.46378, 0.46229, 0.46076, 0.45921, 0.45763, 0.45603, 0.4544]","[-0.07397, -0.07415, -0.10772, -0.02559, -0.00912, 0.0124, -0.01792, -0.10455, 0.02259, 0.1011, 0.3008, 0.32101, 0.18471, 0.14457, 0.13009, 0.13396, 0.10254, 0.03621, 0.00987, 0.13279, 0.14118, 0.2251, 0.21934, 0.29147, 0.30849, 0.33373, 0.40625, 0.2953, 0.24209, 0.28577, 0.22057, 0.23691, 0.20216, 0.30991, 0.38772, 0.51947, 0.48457, 0.48303, 0.44158, 0.40275, 0.39689, 0.41687, 0.40719, 0.44258, 0.51741, 0.57374, 0.62867, 0.58449, 0.57607, 0.4972, 0.4188, 0.44278, 0.47942, 0.539, 0.61754, 0.62785, 0.64752, 0.58214, 0.47585, 0.49987, 0.48937, 0.48981, 0.63129, 0.66736, 0.63336, 0.58906, 0.54649, 0.59208, 0.64428, 0.65984, 0.72564, 0.70319, 0.77641, 0.72553, 0.70071, 0.69289, 0.62515, 0.7075, 0.76535, 0.72925, 0.79886, 0.87868, 0.82261, 0.79983, 0.80254, 0.72973, 0.79755, 0.8598, 0.88797, 0.88436, 0.87583, 0.92477, 0.93774, 0.9792, 0.94566, 0.93634, 0.97807, 1.00258, 1.05877, 1.0921, 1.01318, 0.93591, 0.96609, 1.00963, 1.04435, 0.9757, 1.00015, 1.01516, 1.05607, 1.15635, 1.17346, 1.08898, 1.05571, 1.10415, 1.11812, 1.18765, 1.1948, 1.2297, 1.16246, 1.1437, 1.21661, 1.27046, 1.27861, 1.26471, 1.18644, 1.07511, 1.09567, 1.17613, 1.25866, 1.3503, 1.41171, 1.44595, 1.39054, 1.43882, 1.46179, 1.41077, 1.44823, 1.39246, 1.4009, 1.43545, 1.54573, 1.61551, 1.52775, 1.54935, 1.58745, 1.57664, 1.53568, 1.56312, 1.48838, 1.47361, 1.54042, 1.63034, 1.61908, 1.60692, 1.55529, 1.44885, 1.54405, 1.57288, 1.59666, 1.70243, 1.74363, 1.68659, 1.60323, 1.58096, 1.68314, 1.70846, 1.65952, 1.72976, 1.5935, 1.59931, 1.60166, 1.73507, 1.74464, 1.6307, 1.54544, 1.67525, 1.80785, 1.86658, 1.79567, 1.73448, 1.77784, 1.79747, 1.82476, 1.83403, 1.84708, 1.84117, 1.88936, 1.85772, 1.857, 1.92079, 1.90063, 1.85946, 1.94376, 1.90895, 1.91382, 1.92535, 1.98011, 1.99684, 2.01175, 2.03572, 2.05525, 2.06369, 2.06754, 2.0701, 2.0716, 2.07145, 2.06824, 2.07131, 2.11396, 2.1302, 2.13991, 2.18759, 2.18125, 2.11876, 2.14512, 2.18526, 2.1524, 2.1672, 2.20314, 2.21337]"
GP,19561,220,1,10,1,746.611,0.00317,0.51852,0.9972,0.98765,0,0.66162,0.99541,0.90625,0.65263,0,0.51963,0.78344,0.29099,0.32805,0.30988,0.31789,0.30029,0.29099,0.28287,0.26762,0.276,0.25292,42.62207,54.5104,96.94721,3.97E+10,3.18E+10,"[0.39174, 0.44127, 0.46568, 0.47612, 0.47999, 0.48099, 0.48074, 0.47995, 0.47891, 0.47773, 0.47648, 0.47517, 0.4738, 0.4724, 0.47096, 0.46949, 0.46798, 0.46645, 0.46489, 0.4633]","[0.00486, 0.01484, 0.02482, 0.03479, 0.04477, 0.05474, 0.06472, 0.07469, 0.08467, 0.09465, 0.10462, 0.1146, 0.12457, 0.13455, 0.14452, 0.1545, 0.16448, 0.17445, 0.18443, 0.1944, 0.20438, 0.21435, 0.22433, 0.23431, 0.24428, 0.25426, 0.26423, 0.27421, 0.28418, 0.29416, 0.30414, 0.31411, 0.32409, 0.33406, 0.34404, 0.35402, 0.36399, 0.37397, 0.38394, 0.39392, 0.40389, 0.41387, 0.42385, 0.43382, 0.4438, 0.45377, 0.46375, 0.47372, 0.4837, 0.49368, 0.50365, 0.51363, 0.5236, 0.53358, 0.54356, 0.55353, 0.56351, 0.57348, 0.58346, 0.59343, 0.60341, 0.61339, 0.62336, 0.63334, 0.64331, 0.65329, 0.66326, 0.67324, 0.68322, 0.69319, 0.70317, 0.71314, 0.72312, 0.7331, 0.74307, 0.75305, 0.76302, 0.773, 0.78297, 0.79295, 0.80293, 0.8129, 0.82288, 0.83285, 0.84283, 0.85281, 0.86278, 0.87276, 0.88273, 0.89271, 0.90269, 0.91266, 0.92264, 0.93261, 0.94259, 0.95256, 0.96254, 0.97252, 0.98249, 0.99247, 1.00244, 1.01242, 1.0224, 1.03237, 1.04235, 1.05232, 1.0623, 1.07228, 1.08225, 1.09223, 1.1022, 1.11218, 1.12216, 1.13213, 1.14211, 1.15208, 1.16206, 1.17203, 1.18201, 1.19199, 1.20196, 1.21194, 1.22191, 1.23189, 1.24187, 1.25184, 1.26182, 1.27179, 1.28177, 1.29175, 1.30172, 1.3117, 1.32167, 1.33165, 1.34162, 1.3516, 1.36158, 1.37155, 1.38153, 1.3915, 1.40148, 1.41146, 1.42143, 1.43141, 1.44138, 1.45136, 1.46133, 1.47131, 1.48129, 1.49126, 1.50124, 1.51121, 1.52119, 1.53116, 1.54114, 1.55112, 1.56109, 1.57107, 1.58104, 1.59102, 1.60099, 1.61097, 1.62094, 1.63092, 1.6409, 1.65087, 1.66085, 1.67082, 1.6808, 1.69077, 1.70075, 1.71072, 1.7207, 1.73068, 1.74065, 1.75063, 1.7606, 1.77058, 1.78055, 1.79053, 1.80051, 1.81048, 1.82046, 1.83043, 1.84041, 1.85038, 1.86036, 1.87033, 1.88031, 1.89029, 1.90026, 1.91024, 1.92021, 1.93019, 1.94016, 1.95014, 1.96012, 1.97009, 1.98007, 1.99004, 2.00002, 2.00999, 2.01997, 2.02994, 2.03992, 2.0499, 2.05987, 2.06985, 2.07982, 2.0898, 2.09977, 2.10975, 2.11972, 2.1297, 2.13968, 2.14965, 2.15963, 2.1696, 2.17958, 2.18955]"
ARIMA,19561,220,1,10,1,19.18,,,,,,,,,,,,,0.35753,0.39118,0.3656,0.35856,0.32733,0.35753,0.31118,0.29583,0.30003,0.26638,52.36707,46.9531,73.27685,2.69E+10,2.15E+10,"[0.3252, 0.31253, 0.32458, 0.31313, 0.32401, 0.31367, 0.3235, 0.31415, 0.32303, 0.31459, 0.32261, 0.31499, 0.32224, 0.31535, 0.3219, 0.31567, 0.32159, 0.31597, 0.32131, 0.31623]",
RandomWalk,19561,220,1,10,1,1.151,,,,,,,,,,,,,0.37086,0.3953,0.36905,0.36094,0.32933,0.37086,0.31411,0.29757,0.30085,0.26729,54.32053,46.62997,71.69826,2.60E+10,2.08E+10,"[0.31187, 0.31187, 0.31187, 0.31187, 0.31187, 0.31187, 0.31187, 0.31187, 0.31187, 0.31187, 0.31187, 0.31187, 0.31187, 0.31187, 0.31187, 0.31187, 0.31187, 0.31187, 0.31187, 0.31187]",
LSTM,19561,220,1,10,1,56.364,,,,,,,,,,,,,0.88785,1.31885,1.51533,1.52299,1.52354,0.88785,1.28184,1.47066,1.48025,1.48792,130.04379,270.70484,433.83779,1.01E+11,8.07E+10,"[-0.20512, -0.5383, -0.77115, -0.92486, -1.02976, -1.10059, -1.15153, -1.18155, -1.19938, -1.20808, -1.21118, -1.21079, -1.20897, -1.20678, -1.20478, -1.20318, -1.20203, -1.20127, -1.20083, -1.20061]",
Alg_c,19561,220,1,10,1,0,0.51852,0.51852,0.93175,0.4375,0,0.45642,0.84102,0.86614,0.4557,0.38095,0.5676,0.72131,,,,,,,,,,,,,,,,,"[0.0, 0.0, 0.0, 0.12961, 0.0, 0.12757, 0.04936, 0.0, 0.09744, 0.0, 0.68263, 0.65632, 0.0, 0.03858, 0.08361, 0.21519, 0.1858, 0.0, 0.0, 0.32134, 0.03878, 0.4101, 0.03463, 0.39718, 0.2887, 0.22172, 0.78185, 0.15639, 0.04591, 0.5087, 0.02808, 0.35404, 0.0, 0.33927, 0.27877, 0.85483, 0.43362, 0.5578, 0.41904, 0.33016, 0.35231, 0.46867, 0.30685, 0.34642, 0.55357, 0.61343, 0.83149, 0.52535, 0.72217, 0.49352, 0.20902, 0.40122, 0.43238, 0.4871, 0.76507, 0.60796, 0.81763, 0.63861, 0.22724, 0.52591, 0.46031, 0.20477, 0.84693, 0.81991, 0.65508, 0.60511, 0.36233, 0.58797, 0.74082, 0.5057, 0.98036, 0.38607, 1.12695, 0.57626, 0.63026, 0.93859, 0.23248, 0.80353, 0.98332, 0.48482, 0.76306, 1.18021, 0.70999, 0.71816, 1.04918, 0.38243, 0.82133, 0.91977, 0.94428, 0.90036, 0.74081, 1.03319, 0.83935, 1.15212, 0.88577, 0.82724, 1.0365, 0.9302, 1.0829, 1.32829, 1.01989, 0.6812, 0.98179, 0.96624, 1.33421, 0.72433, 1.0482, 0.98501, 0.87962, 1.32775, 1.42593, 0.90504, 0.85658, 1.26407, 0.90773, 1.39599, 1.00238, 1.61471, 0.99444, 0.85594, 1.32445, 1.37354, 1.23628, 1.41103, 1.29207, 0.75369, 0.97839, 1.17821, 1.22679, 1.41445, 1.43544, 1.63139, 1.1757, 1.47723, 1.61655, 1.21211, 1.65, 1.26731, 1.38541, 1.27144, 1.60994, 1.97006, 1.24299, 1.52188, 1.68203, 1.64519, 1.37158, 1.7987, 1.35376, 1.32172, 1.47544, 1.85655, 1.59168, 1.68447, 1.67986, 1.02656, 1.69141, 1.58038, 1.43036, 1.82534, 1.93591, 1.72884, 1.49228, 1.30933, 1.85733, 1.89478, 1.24184, 2.36505, 1.11538, 1.72555, 1.28561, 1.99702, 1.99106, 1.59168, 1.07, 1.71665, 1.90425, 2.14566, 1.74686, 1.45592, 1.89967, 1.75834, 1.87533, 1.80078, 1.93185, 1.61395, 2.20847, 1.76385, 1.58915, 2.24004, 2.06831, 0.94773, 2.83124, 0.84029, 2.07153, 0.0, 2.69515, 4.48236, 0.0, 2.11113, 3.44124, 6.3156, 3.30115, 2.84456, 2.31762, 2.77838, 1.93731, 0.67572, 2.64208, 2.29797, 1.23467, 2.6799, 2.87033, 0.68012, 2.15041, 2.8437, 1.43121, 1.93155, 2.84688]"
UDE-NN,52212,220,1,10,1,155.298,0.15117,0.35086,0.97361,0.88608,0,0.61989,0.95652,0.7489,0.57143,0,0.44011,0.65523,0.39393,0.91644,2.44883,2.80414,2.92699,0.39393,0.68296,1.96595,2.32939,2.53732,3.61451,6.85723,27.13989,34.42499,38.14038,"[11.29241, 11.15564, 11.02202, 10.8915, 10.76398, 10.63934, 10.51749, 10.39832, 10.28174, 10.16765, 10.05596, 9.94658, 9.83943, 9.73441, 9.63145, 9.53047, 9.43138, 9.33411, 9.23859, 9.14474]","[-0.28796, -0.12015, -0.23629, -0.1648, -0.17272, -0.1381, 0.02539, 0.13959, 0.14896, 0.26029, 0.24361, 0.10006, 0.12271, 0.05352, 0.0249, -0.03033, -0.09356, -0.23159, -0.00398, 0.10797, 0.27723, 0.2185, 0.20421, 0.27479, 0.28571, 0.24167, 0.37374, 0.3224, 0.23617, 0.25777, 0.14294, 0.08771, 0.13854, 0.17321, 0.31042, 0.44618, 0.50728, 0.52696, 0.45205, 0.39543, 0.27167, 0.41055, 0.54807, 0.52308, 0.35706, 0.4906, 0.38315, 0.50067, 0.64773, 0.57532, 0.59181, 0.64648, 0.60818, 0.44666, 0.35109, 0.40576, 0.53152, 0.6215, 0.60395, 0.50089, 0.49013, 0.60235, 0.63876, 0.58576, 0.66352, 0.70007, 0.69449, 0.57609, 0.63042, 0.67028, 0.72587, 0.80954, 0.80654, 0.68363, 0.66669, 0.667, 0.80374, 0.73896, 0.58937, 0.60042, 0.56005, 0.69301, 0.78596, 0.81423, 0.78116, 0.78022, 0.79543, 0.82693, 0.78107, 0.90647, 0.81999, 0.663, 0.71725, 0.71728, 0.79795, 0.88769, 0.85283, 0.8777, 0.92656, 0.85857, 0.80688, 0.85243, 0.77956, 0.88444, 0.88535, 1.05723, 1.08203, 1.11495, 1.11015, 1.17375, 1.17963, 1.2313, 1.22258, 1.03515, 1.04735, 1.19744, 1.29091, 1.32047, 1.20549, 1.23477, 1.2091, 1.29338, 1.44199, 1.44528, 1.44153, 1.45082, 1.37326, 1.27554, 1.26198, 1.31226, 1.14118, 1.11945, 1.21592, 1.25431, 1.34578, 1.35125, 1.38215, 1.4319, 1.46807, 1.61067, 1.69589, 1.46493, 1.51015, 1.51533, 1.41171, 1.59702, 1.65237, 1.71913, 1.70558, 1.6013, 1.59703, 1.48673, 1.36034, 1.46724, 1.50769, 1.49827, 1.50736, 1.47508, 1.43719, 1.47147, 1.47887, 1.34735, 1.43862, 1.57408, 1.7123, 1.56351, 1.54822, 1.39538, 1.29375, 1.05587, 1.24609, 1.26632, 1.25528, 1.42759, 1.54337, 1.76487, 1.88885, 2.02466, 2.14124, 2.08651, 1.90531, 1.83112, 1.78287, 1.60998, 1.54996, 1.64846, 1.67423, 1.84886, 1.86066, 1.77563, 1.93411, 1.95382, 1.8957, 1.94444, 1.85184, 1.86828, 1.99484, 2.09089, 2.18659, 2.13395, 2.131, 2.10333, 2.11585, 2.32459, 2.32633, 2.28201, 2.17137, 2.09558, 2.12472, 2.04483, 2.09056, 2.06775, 2.14965, 2.0252, 1.98879, 2.07794, 2.13174, 2.24345, 2.14415, 2.15667]"
GP,52212,220,1,10,1,736.044,0.02805,0.35086,0.99712,0.98765,0,0.66159,0.9953,0.75556,0.59259,0,0.44938,0.66955,0.35165,0.90578,2.41865,2.77189,2.89282,0.35165,0.67453,1.94045,2.30118,2.50653,3.22659,6.75538,26.78705,34.01205,37.68089,"[11.25013, 11.11212, 10.97857, 10.8482, 10.72084, 10.59638, 10.47472, 10.35575, 10.23938, 10.12552, 10.01407, 9.90495, 9.79806, 9.69332, 9.59065, 9.48998, 9.39121, 9.29428, 9.19911, 9.10562]","[-0.05542, -0.04506, -0.03473, -0.02443, -0.01414, -0.00382, 0.00639, 0.01665, 0.02691, 0.03715, 0.04748, 0.05779, 0.06804, 0.07828, 0.08853, 0.09882, 0.10914, 0.11948, 0.12976, 0.13997, 0.15021, 0.16038, 0.17059, 0.18081, 0.19103, 0.20126, 0.21154, 0.22176, 0.232, 0.24218, 0.25237, 0.26262, 0.27287, 0.28317, 0.29349, 0.30381, 0.31417, 0.32455, 0.33494, 0.34536, 0.35581, 0.36625, 0.37663, 0.38704, 0.39745, 0.40787, 0.41825, 0.42873, 0.43915, 0.44962, 0.46015, 0.47065, 0.48116, 0.49167, 0.50218, 0.51267, 0.52316, 0.53373, 0.54432, 0.55489, 0.56545, 0.57598, 0.58647, 0.59695, 0.60742, 0.61792, 0.62846, 0.63904, 0.64963, 0.66022, 0.67083, 0.68148, 0.69216, 0.70285, 0.71355, 0.72423, 0.73489, 0.7455, 0.7561, 0.7667, 0.77728, 0.78786, 0.79842, 0.80893, 0.81944, 0.82991, 0.84031, 0.85071, 0.86112, 0.87152, 0.8819, 0.89232, 0.90268, 0.913, 0.92335, 0.93367, 0.944, 0.95441, 0.96482, 0.9752, 0.98554, 0.99583, 1.00612, 1.01641, 1.02672, 1.03707, 1.04738, 1.05774, 1.06807, 1.07839, 1.08873, 1.09911, 1.10946, 1.11982, 1.13023, 1.14064, 1.15107, 1.16151, 1.1719, 1.18231, 1.19265, 1.203, 1.21327, 1.22352, 1.23374, 1.244, 1.2543, 1.2646, 1.27491, 1.28518, 1.29538, 1.30561, 1.31575, 1.32597, 1.33618, 1.34643, 1.35671, 1.36693, 1.37721, 1.38742, 1.39756, 1.40764, 1.41773, 1.42771, 1.43766, 1.44764, 1.45767, 1.46765, 1.4776, 1.4875, 1.49747, 1.50733, 1.5173, 1.52728, 1.53726, 1.54723, 1.55711, 1.567, 1.57681, 1.58669, 1.59645, 1.60642, 1.61621, 1.62612, 1.63592, 1.64585, 1.65568, 1.66565, 1.67558, 1.6856, 1.69563, 1.70564, 1.71569, 1.72578, 1.73578, 1.74585, 1.75592, 1.76602, 1.77618, 1.78634, 1.79654, 1.80678, 1.81696, 1.8272, 1.83744, 1.84762, 1.85777, 1.86801, 1.87826, 1.88856, 1.89892, 1.90932, 1.91975, 1.93021, 1.94071, 1.95118, 1.96156, 1.97185, 1.98214, 1.99243, 2.00279, 2.01316, 2.02352, 2.03386, 2.04418, 2.05444, 2.06478, 2.07516, 2.08547, 2.09582, 2.10616, 2.11646, 2.12685, 2.13723, 2.14761, 2.15797, 2.16829, 2.17866, 2.18896, 2.19927]"
ARIMA,52212,220,1,10,1,20.212,,,,,,,,,,,,,0.42283,1.14131,3.20052,3.70633,4.01441,0.42283,0.80548,2.54546,3.0521,3.45384,3.87972,8.27282,35.31938,45.34038,52.18825,"[11.32131, 11.66788, 11.47661, 11.3613, 11.34948, 11.44525, 11.48049, 11.44484, 11.40565, 11.41077, 11.43591, 11.44409, 11.43262, 11.42275, 11.42523, 11.43221, 11.43379, 11.43033, 11.42786, 11.42885]",
RandomWalk,52212,220,1,10,1,1.211,,,,,,,,,,,,,0.53152,1.16897,3.20261,3.70531,4.01446,0.53152,0.81881,2.54842,3.05291,3.45511,4.87702,8.42283,35.35496,45.3414,52.19906,"[11.43, 11.43, 11.43, 11.43, 11.43, 11.43, 11.43, 11.43, 11.43, 11.43, 11.43, 11.43, 11.43, 11.43, 11.43, 11.43, 11.43, 11.43, 11.43, 11.43]",
LSTM,52212,220,1,10,1,59.404,,,,,,,,,,,,,0.27539,1.06278,3.09628,3.62923,3.97852,0.27539,0.67724,2.40567,2.93391,3.37553,2.52684,7.02015,33.67911,43.94501,51.32689,"[11.17387, 11.20665, 11.2015, 11.18728, 11.21585, 11.18678, 11.25656, 11.2758, 11.33882, 11.37241, 11.41212, 11.44746, 11.4784, 11.50938, 11.53644, 11.56533, 11.59171, 11.61862, 11.64404, 11.66888]",
Alg_c,52212,220,1,10,1,0,0.35086,0.35086,0.92727,0.63014,0,0.51914,0.86872,0.73874,0.51969,0,0.41947,0.62174,,,,,,,,,,,,,,,,,"[0.0, 0.4426, 0.0, 0.0, 0.0, 0.0, 0.11316, 0.32559, 0.0, 0.51334, 0.4626, 0.0, 0.26455, 0.0, 0.07271, 0.0, 0.02822, 0.0, 0.102, 0.0925, 0.74129, 0.15256, 0.03029, 0.39311, 0.41968, 0.0, 0.71323, 0.36835, 0.06955, 0.50298, 0.00595, 0.0, 0.15028, 0.0, 0.29981, 0.5936, 0.57298, 0.71902, 0.38551, 0.63358, 0.0, 0.38476, 0.86232, 0.85582, 0.0, 1.05455, 0.0, 0.40486, 1.15935, 0.26566, 0.49994, 0.82066, 0.87457, 0.29285, 0.053, 0.25751, 0.56871, 0.8173, 0.80637, 0.28072, 0.21908, 0.78771, 0.83931, 0.27456, 0.76406, 0.71868, 1.04371, 0.06985, 0.75654, 0.64538, 0.59064, 0.95647, 1.22616, 0.21653, 0.86481, 0.07542, 1.40933, 0.93491, 0.07387, 0.91639, 0.06042, 0.8685, 0.88355, 0.93991, 0.67924, 0.75518, 0.74597, 1.02479, 0.3873, 1.32936, 0.92209, 0.21827, 0.82093, 0.5474, 0.78918, 1.1525, 0.7113, 0.81797, 1.17865, 0.80071, 0.61208, 1.06645, 0.43516, 1.10961, 0.52846, 1.342, 1.03103, 1.19514, 0.96736, 1.30338, 1.06254, 1.35083, 1.63213, 0.59149, 0.77775, 1.3266, 1.37345, 1.6712, 0.81247, 1.38572, 0.96368, 1.17017, 1.73608, 1.48229, 1.4112, 1.62772, 1.4194, 1.10319, 1.1819, 1.75949, 0.77767, 0.79726, 1.30508, 1.16737, 1.5166, 1.28605, 1.33536, 1.45628, 1.26334, 1.8221, 2.32015, 0.9861, 1.52366, 1.62055, 0.82583, 1.74581, 1.74419, 1.97508, 1.96293, 1.51947, 1.8179, 1.44806, 0.85379, 1.50521, 1.64162, 1.5203, 1.60456, 1.48796, 1.30084, 1.54, 1.54232, 0.74741, 1.18006, 1.67523, 2.23173, 1.52174, 1.74991, 1.44576, 1.34389, 0.24986, 1.38707, 1.37443, 0.91682, 1.39219, 1.37825, 1.92806, 1.90926, 2.105, 2.5143, 2.36379, 1.67409, 1.75675, 2.03866, 1.34541, 1.2315, 1.73396, 1.3989, 2.15724, 2.08239, 1.22202, 2.26176, 2.11429, 1.52923, 2.45824, 1.50574, 1.6679, 2.06524, 2.09037, 2.50292, 1.98472, 2.21131, 2.05521, 1.65789, 2.81702, 2.42066, 2.42674, 2.0752, 1.86146, 2.41087, 1.74974, 2.2573, 1.75318, 2.65095, 1.80465, 1.7463, 2.17277, 1.96248, 2.70261, 1.87206]"
UDE-NN,89255,220,1,10,1,156.916,0.07411,0.3445,0.98864,0.95122,0,0.64662,0.98157,0.93487,0.82828,0,0.58772,0.90052,0.16068,1.21163,4.44062,5.49629,6.33066,0.16068,1.05927,3.40709,4.35417,5.26667,9.87152,108.27308,453.31865,639.21871,787.92504,"[1.467, 1.68585, 1.97281, 2.37569, 2.96823, 3.8493, 5.10315, 6.67927, 8.24248, 9.29606, 9.6986, 9.7443, 9.68174, 9.5949, 9.50399, 9.41355, 9.32459, 9.2373, 9.15168, 9.0677]","[0.08645, 0.12306, 0.08996, 0.02248, 0.00114, -0.00799, -0.04163, 0.07685, 0.16261, 0.08282, 0.05351, 0.09199, 0.18066, 0.07725, 0.14365, 0.02043, 0.14329, 0.20772, 0.25927, 0.26791, 0.21267, 0.19037, 0.17859, 0.25795, 0.26679, 0.25701, 0.30107, 0.35299, 0.389, 0.34701, 0.29802, 0.30295, 0.29541, 0.35887, 0.41771, 0.30597, 0.31197, 0.36764, 0.41194, 0.39796, 0.46242, 0.43465, 0.37234, 0.30924, 0.33252, 0.38471, 0.34985, 0.35538, 0.52895, 0.55567, 0.53925, 0.50148, 0.57747, 0.58695, 0.62653, 0.54917, 0.50779, 0.62748, 0.60115, 0.59523, 0.5262, 0.49512, 0.51684, 0.60702, 0.57459, 0.54165, 0.61959, 0.63901, 0.54246, 0.57669, 0.55771, 0.52449, 0.55482, 0.6343, 0.69366, 0.66889, 0.69985, 0.80705, 0.86622, 0.85353, 0.78571, 0.7141, 0.69211, 0.78838, 0.7919, 0.91944, 0.8559, 0.9867, 0.90719, 0.94887, 0.92598, 0.99077, 1.00314, 0.90193, 0.86179, 0.91769, 0.95642, 0.90246, 0.99276, 1.01016, 0.93928, 0.93332, 0.92037, 0.91874, 0.85992, 0.84223, 0.90108, 0.93739, 0.973, 0.96254, 1.02094, 1.0725, 1.11503, 1.13469, 1.16799, 1.20769, 1.15065, 0.98102, 0.97649, 0.92698, 1.00724, 1.04543, 1.14549, 1.25366, 1.37699, 1.29562, 1.16393, 1.10167, 1.20746, 1.22805, 1.2977, 1.37473, 1.34464, 1.30935, 1.30082, 1.38724, 1.31074, 1.32657, 1.38666, 1.43334, 1.42708, 1.38755, 1.39915, 1.4452, 1.41993, 1.49481, 1.50442, 1.4689, 1.53397, 1.60247, 1.58956, 1.50306, 1.50494, 1.49892, 1.52668, 1.69517, 1.65353, 1.5649, 1.59662, 1.60806, 1.53797, 1.56515, 1.55272, 1.60385, 1.64673, 1.71601, 1.72856, 1.71812, 1.70447, 1.72597, 1.69014, 1.72475, 1.75884, 1.76358, 1.72084, 1.76484, 1.7053, 1.83299, 1.8341, 1.85081, 1.7853, 1.74823, 1.81838, 1.86643, 1.8749, 1.83344, 1.84401, 1.95608, 1.98002, 1.94865, 1.88509, 1.889, 1.90563, 1.92743, 1.92255, 1.93178, 1.96948, 1.98277, 1.97962, 2.01381, 2.06982, 2.07998, 2.01159, 2.04986, 2.0614, 2.06901, 2.06387, 2.06883, 2.09274, 2.1214, 2.11579, 2.09898, 2.07905, 2.06681, 2.0494, 2.03964, 2.04775, 2.08024, 2.09736, 2.10627]"
GP,89255,220,1,10,1,761.329,0.0245,0.3445,0.98883,0.94872,0,0.64585,0.98128,0.92075,0.77895,0,0.56657,0.87506,0.17105,1.13757,4.21773,5.32752,6.20732,0.17105,1.00218,3.21737,4.18388,5.12567,10.50857,102.42737,428.89173,617.01688,769.41905,"[1.45663, 1.66089, 1.9255, 2.29257, 2.82779, 3.62306, 4.77008, 6.26428, 7.85141, 9.04968, 9.59448, 9.70206, 9.65599, 9.57219, 9.48091, 9.38925, 9.29882, 9.20998, 9.12277, 9.03717]","[-0.01217, -0.00203, 0.00816, 0.01829, 0.02828, 0.03834, 0.04831, 0.05832, 0.06839, 0.07853, 0.08874, 0.09886, 0.10907, 0.11929, 0.12942, 0.13975, 0.14999, 0.16016, 0.17058, 0.18092, 0.19108, 0.20105, 0.21095, 0.22097, 0.23128, 0.24144, 0.25168, 0.26163, 0.27165, 0.28154, 0.29142, 0.30146, 0.31145, 0.3214, 0.33127, 0.34117, 0.35104, 0.36084, 0.37063, 0.38054, 0.39037, 0.40015, 0.40983, 0.41956, 0.42943, 0.43933, 0.44915, 0.45893, 0.46862, 0.47832, 0.48795, 0.49766, 0.50726, 0.51691, 0.52649, 0.536, 0.54546, 0.55497, 0.56456, 0.57424, 0.58402, 0.59402, 0.60427, 0.61434, 0.62446, 0.63463, 0.64494, 0.65511, 0.66521, 0.67537, 0.6856, 0.69599, 0.70638, 0.71676, 0.72703, 0.73721, 0.74744, 0.75767, 0.76803, 0.77852, 0.78879, 0.79896, 0.80894, 0.81894, 0.82895, 0.83899, 0.8491, 0.85901, 0.86896, 0.87887, 0.88879, 0.89858, 0.90825, 0.91796, 0.92759, 0.93724, 0.94694, 0.95672, 0.96669, 0.97683, 0.98708, 0.99733, 1.0076, 1.01771, 1.02786, 1.03814, 1.04849, 1.05877, 1.0688, 1.07892, 1.08919, 1.09951, 1.1099, 1.12037, 1.13106, 1.14165, 1.1522, 1.16269, 1.17335, 1.18407, 1.19455, 1.20498, 1.21548, 1.22601, 1.23628, 1.24672, 1.25685, 1.26725, 1.27781, 1.2882, 1.29843, 1.30867, 1.31883, 1.32907, 1.3393, 1.34945, 1.35948, 1.36943, 1.3793, 1.3892, 1.39896, 1.40856, 1.41819, 1.42786, 1.4374, 1.44687, 1.45636, 1.46576, 1.4751, 1.48438, 1.4938, 1.50317, 1.51257, 1.52193, 1.53119, 1.54044, 1.54976, 1.55909, 1.56846, 1.57789, 1.58726, 1.59646, 1.60571, 1.61514, 1.6246, 1.63392, 1.64316, 1.65234, 1.66152, 1.67075, 1.67995, 1.68914, 1.69841, 1.70769, 1.7169, 1.72612, 1.73546, 1.74499, 1.75471, 1.76439, 1.77407, 1.7835, 1.79273, 1.80188, 1.81093, 1.81998, 1.82908, 1.83824, 1.84755, 1.85694, 1.86643, 1.87609, 1.88579, 1.89538, 1.90481, 1.91418, 1.92353, 1.93281, 1.94201, 1.95114, 1.96018, 1.96914, 1.97803, 1.98688, 1.99573, 2.00444, 2.01309, 2.02166, 2.03013, 2.03857, 2.04698, 2.05536, 2.06373, 2.07212, 2.08053, 2.08895, 2.0974, 2.10588, 2.11439, 2.12291]"
ARIMA,89255,220,1,10,1,20.184,,,,,,,,,,,,,0.36546,0.32397,0.41357,0.46351,0.49316,0.36546,0.31067,0.34637,0.39253,0.43105,22.45316,30.20964,46.24388,58.04979,65.30092,"[1.26221, 1.23376, 1.3054, 1.20923, 1.30636, 1.23102, 1.26792, 1.27638, 1.22655, 1.30428, 1.21806, 1.29224, 1.24691, 1.25406, 1.28507, 1.22484, 1.29891, 1.22892, 1.27865, 1.25992]",
RandomWalk,89255,220,1,10,1,1.209,,,,,,,,,,,,,0.34177,0.33907,0.42579,0.477,0.50967,0.34177,0.3237,0.36523,0.41337,0.4525,20.99735,31.97395,48.36879,60.40501,68.01115,"[1.28591, 1.28591, 1.28591, 1.28591, 1.28591, 1.28591, 1.28591, 1.28591, 1.28591, 1.28591, 1.28591, 1.28591, 1.28591, 1.28591, 1.28591, 1.28591, 1.28591, 1.28591, 1.28591, 1.28591]",
LSTM,89255,220,1,10,1,58.44,,,,,,,,,,,,,2.30757,3.24154,4.76491,5.67911,6.76869,2.30757,3.20812,4.45748,5.20308,6.16303,141.77092,316.37644,544.79581,713.13042,878.52793,"[3.93525, 4.22397, 4.29891, 4.44784, 4.62918, 4.92547, 5.48333, 6.43559, 7.57068, 8.5149, 9.26196, 9.86393, 10.35974, 10.75419, 10.92511, 10.92426, 10.8406, 10.74504, 10.6747, 10.63579]",
Alg_c,89255,220,1,10,1,0,0.3445,0.3445,0.95238,0.74667,0,0.56635,0.91362,0.88031,0.63043,0,0.50358,0.80125,,,,,,,,,,,,,,,,,"[0.03218, 0.26576, 0.16916, 0.0, 0.0, 0.06098, 0.0, 0.14066, 0.49535, 0.0, 0.0, 0.0, 0.5932, 0.0, 0.48793, 0.0, 0.29221, 0.24999, 0.35396, 0.40425, 0.14111, 0.20062, 0.0, 0.38893, 0.28898, 0.15063, 0.29497, 0.36928, 0.54729, 0.34111, 0.18543, 0.34054, 0.14675, 0.3536, 0.79188, 0.04094, 0.22955, 0.39977, 0.54713, 0.20205, 0.65797, 0.47458, 0.37819, 0.13144, 0.26385, 0.58206, 0.29922, 0.0, 0.86868, 0.58095, 0.62104, 0.21392, 0.76795, 0.44274, 0.92692, 0.48224, 0.07385, 1.05035, 0.45812, 0.75937, 0.41971, 0.39185, 0.36822, 0.866, 0.5443, 0.31435, 0.72104, 0.88223, 0.25588, 0.69833, 0.58485, 0.38904, 0.44524, 0.66423, 0.86495, 0.56028, 0.5472, 0.92113, 1.0258, 0.96742, 0.80357, 0.62894, 0.43611, 1.02517, 0.51192, 1.36268, 0.34074, 1.49388, 0.58091, 1.12455, 0.70037, 1.10952, 1.26103, 0.75246, 0.6633, 0.95312, 1.20506, 0.54989, 1.15961, 1.18755, 0.80269, 0.94575, 0.88578, 1.04125, 0.76739, 0.68573, 0.93738, 0.92452, 1.07304, 0.81877, 1.03615, 1.09009, 1.15785, 1.11086, 1.16498, 1.40354, 1.34838, 0.67672, 0.99548, 0.6692, 1.07923, 0.92167, 1.11535, 1.25763, 1.77956, 1.33824, 0.98125, 0.7445, 1.36494, 1.12096, 1.26469, 1.59742, 1.34418, 1.26155, 1.07933, 1.76029, 1.09465, 1.25825, 1.40898, 1.52446, 1.50331, 1.2629, 1.30456, 1.6919, 1.09205, 1.6744, 1.64347, 1.18222, 1.5647, 1.7512, 1.78128, 1.2277, 1.60614, 1.524, 0.97627, 2.34317, 1.69694, 1.19256, 1.6768, 1.88405, 1.12611, 1.83554, 1.35809, 1.67475, 1.52839, 1.86975, 1.74079, 1.73477, 1.55059, 1.99661, 1.40931, 1.76381, 1.79364, 1.96741, 1.29197, 2.30571, 1.05791, 2.20844, 1.70343, 2.05013, 1.75764, 1.45697, 1.92457, 1.91596, 2.06331, 1.71978, 1.472, 2.26299, 2.03203, 2.03129, 1.70834, 1.89065, 1.88229, 2.00915, 1.88506, 1.84695, 2.04529, 2.04186, 1.87613, 1.92936, 2.14735, 2.48452, 1.41517, 2.27132, 2.01748, 2.14695, 2.00994, 1.86067, 1.83694, 3.10339, 4.35587, 3.32507, 0.0, 2.50037, 1.73985, 1.86471, 1.70307, 2.33576, 2.12815]"
UDE-NN,48073,220,1,10,1,152.202,0.09191,0.28059,0.98551,0.93976,0,0.64176,0.97674,0.96167,0.84932,0,0.60366,0.94232,0.26326,1.26799,3.73908,4.28489,4.69395,0.26326,1.02139,3.01841,3.57282,4.06864,3.70198,20.02419,534.5782,1617.04206,4.26E+11,"[6.84814, 6.79424, 6.74928, 6.70951, 6.6727, 6.63755, 6.60325, 6.56929, 6.53536, 6.50123, 6.46677, 6.43188, 6.39647, 6.36048, 6.32385, 6.28653, 6.24847, 6.20961, 6.16991, 6.12931]","[-0.19819, -0.25301, -0.1358, -0.14007, -0.11149, -0.00508, 0.13165, 0.09897, 0.04923, 0.0497, 0.08954, 0.11155, 0.09998, 0.11114, 0.16494, 0.21887, 0.14663, 0.0583, 0.07792, 0.2544, 0.21085, 0.12048, 0.13463, 0.11402, 0.04413, 0.13297, 0.14269, 0.20313, 0.3081, 0.3607, 0.30636, 0.40368, 0.51301, 0.43694, 0.3486, 0.33461, 0.28882, 0.28111, 0.27811, 0.26676, 0.24651, 0.29285, 0.49092, 0.41808, 0.45042, 0.39485, 0.31626, 0.40102, 0.36662, 0.40888, 0.48461, 0.45348, 0.53218, 0.6665, 0.6447, 0.58055, 0.59308, 0.61006, 0.50168, 0.4855, 0.64899, 0.70869, 0.65877, 0.59847, 0.64104, 0.75286, 0.78292, 0.74783, 0.70598, 0.67284, 0.69336, 0.7494, 0.78424, 0.86382, 0.90596, 0.7257, 0.65522, 0.74434, 0.80239, 0.72297, 0.70916, 0.63332, 0.65387, 0.74074, 0.75465, 0.67255, 0.8411, 0.83856, 0.95393, 0.99067, 0.9068, 0.83229, 0.88048, 1.05025, 1.06009, 1.01257, 1.12841, 1.07294, 1.00389, 1.0769, 1.02855, 1.0338, 0.99863, 1.0179, 1.07964, 1.03858, 1.10634, 1.12296, 1.23149, 1.22185, 1.27712, 1.34444, 1.33683, 1.28807, 1.15834, 1.10142, 1.22617, 1.27819, 1.26191, 1.32634, 1.37037, 1.3905, 1.27802, 1.2951, 1.23028, 1.34222, 1.32984, 1.32377, 1.35308, 1.32574, 1.36771, 1.38608, 1.40041, 1.36415, 1.37511, 1.42423, 1.3629, 1.24097, 1.11973, 1.31476, 1.39648, 1.35322, 1.35949, 1.49107, 1.46285, 1.48121, 1.5206, 1.52098, 1.56007, 1.53983, 1.53125, 1.59604, 1.57947, 1.57951, 1.56631, 1.55297, 1.47552, 1.4634, 1.48659, 1.5735, 1.69997, 1.73853, 1.70912, 1.57171, 1.54699, 1.47226, 1.51806, 1.62964, 1.70649, 1.66031, 1.6262, 1.69589, 1.73944, 1.85667, 1.77386, 1.69955, 1.69818, 1.82366, 1.96023, 1.95874, 1.97704, 1.81183, 1.68633, 1.73324, 1.82977, 1.86672, 1.87002, 1.85333, 1.91516, 1.90254, 1.86653, 1.85997, 1.97956, 2.01398, 1.90339, 1.9302, 1.99027, 1.94773, 1.94046, 1.95455, 1.98337, 2.01322, 1.95714, 2.05186, 2.01667, 2.04743, 2.00962, 2.04404, 2.07789, 1.94722, 1.9449, 1.86878, 2.0181, 2.03111, 2.10998, 2.14024, 2.21192, 2.25274, 2.24886, 2.26004]"
GP,48073,220,1,10,1,748.836,0.01486,0.28059,0.99438,0.975,0,0.65646,0.99074,0.97241,0.88571,0,0.61938,0.95748,0.16274,1.4447,3.96743,4.53203,4.96593,0.16274,1.17173,3.2392,3.81155,4.33062,2.28839,22.95066,562.64963,1701.34912,4.49E+11,"[6.94867, 6.95777, 6.95365, 6.94163, 6.92489, 6.90528, 6.8839, 6.86139, 6.83811, 6.81429, 6.79004, 6.76543, 6.74051, 6.7153, 6.68979, 6.664, 6.63792, 6.61154, 6.58486, 6.55785]","[-0.01449, -0.00394, 0.00658, 0.0169, 0.02736, 0.03786, 0.04835, 0.0586, 0.0692, 0.08003, 0.09067, 0.1012, 0.11127, 0.12128, 0.13139, 0.14139, 0.15136, 0.16168, 0.17209, 0.18269, 0.19364, 0.20445, 0.21528, 0.22573, 0.23635, 0.24682, 0.25717, 0.26719, 0.27723, 0.28698, 0.29675, 0.30643, 0.31616, 0.32621, 0.33646, 0.34706, 0.35789, 0.36855, 0.37962, 0.39062, 0.40137, 0.41216, 0.42283, 0.43337, 0.44419, 0.45511, 0.4657, 0.47667, 0.48757, 0.49851, 0.50924, 0.52024, 0.53086, 0.54135, 0.55132, 0.56098, 0.57084, 0.58104, 0.59121, 0.60134, 0.61114, 0.62076, 0.63, 0.6393, 0.64881, 0.65803, 0.66731, 0.67683, 0.6865, 0.6962, 0.70557, 0.7151, 0.72511, 0.73496, 0.74458, 0.75459, 0.76486, 0.77486, 0.78461, 0.79454, 0.80465, 0.8145, 0.82403, 0.83378, 0.84386, 0.85412, 0.86409, 0.87455, 0.88467, 0.89503, 0.90523, 0.91583, 0.92688, 0.93776, 0.94857, 0.95921, 0.96946, 0.97964, 0.98955, 0.9997, 1.01011, 1.02059, 1.03064, 1.04058, 1.05076, 1.06101, 1.07139, 1.08176, 1.09182, 1.10205, 1.11225, 1.12199, 1.13197, 1.14184, 1.15182, 1.16209, 1.17233, 1.18274, 1.19287, 1.2028, 1.21308, 1.22385, 1.23466, 1.24503, 1.25513, 1.26507, 1.2749, 1.28486, 1.29477, 1.30477, 1.31469, 1.32474, 1.33473, 1.34482, 1.35526, 1.36571, 1.3763, 1.38631, 1.39594, 1.40558, 1.41566, 1.42601, 1.43625, 1.44654, 1.4571, 1.46778, 1.47859, 1.48952, 1.50023, 1.511, 1.52104, 1.53008, 1.53896, 1.5476, 1.55616, 1.56465, 1.57302, 1.58145, 1.58987, 1.59831, 1.60687, 1.61553, 1.62431, 1.63336, 1.64257, 1.65219, 1.66168, 1.67137, 1.68108, 1.69031, 1.69956, 1.70922, 1.71887, 1.72828, 1.73757, 1.74684, 1.7558, 1.76473, 1.77368, 1.78292, 1.79223, 1.80137, 1.81005, 1.81868, 1.8275, 1.83646, 1.84529, 1.85416, 1.86308, 1.87208, 1.88104, 1.88985, 1.89877, 1.90785, 1.91692, 1.92608, 1.93535, 1.9445, 1.9538, 1.96349, 1.97349, 1.98332, 1.99313, 2.00286, 2.0126, 2.02226, 2.03186, 2.04145, 2.05092, 2.06032, 2.06987, 2.07971, 2.08975, 2.09976, 2.10954, 2.11905, 2.12862, 2.13836, 2.148, 2.15741]"
ARIMA,48073,220,1,10,1,20.368,,,,,,,,,,,,,0.15157,1.53975,4.18033,4.78863,5.28179,0.15157,1.24783,3.41789,4.02921,4.60424,2.13133,24.45072,591.63515,1802.76507,4.80E+11,"[6.95984, 6.997, 7.02978, 7.05868, 7.08417, 7.10664, 7.12646, 7.14394, 7.15935, 7.17294, 7.18493, 7.1955, 7.20482, 7.21304, 7.22029, 7.22668, 7.23232, 7.23729, 7.24167, 7.24554]",
RandomWalk,48073,220,1,10,1,1.179,,,,,,,,,,,,,0.19371,1.42922,4.00718,4.59545,5.06457,0.19371,1.15649,3.26013,3.85232,4.40373,2.72397,22.66551,569.55391,1733.74689,4.61E+11,"[6.91769, 6.91769, 6.91769, 6.91769, 6.91769, 6.91769, 6.91769, 6.91769, 6.91769, 6.91769, 6.91769, 6.91769, 6.91769, 6.91769, 6.91769, 6.91769, 6.91769, 6.91769, 6.91769, 6.91769]",
LSTM,48073,220,1,10,1,55.01,,,,,,,,,,,,,0.40136,1.34986,2.94394,3.40517,3.8274,0.40136,1.24879,2.53651,2.9673,3.40858,5.64382,23.23766,423.26953,1303.89928,3.57E+11,"[7.51276, 7.67159, 7.21928, 6.66088, 6.37284, 5.92895, 5.33239, 5.23161, 5.25937, 5.13845, 5.16517, 5.28625, 5.36176, 5.45857, 5.62575, 5.91458, 6.31334, 6.706, 7.06394, 7.30313]",
Alg_c,48073,220,1,10,1,0,0.28059,0.28059,0.93373,0.71795,0,0.55056,0.89163,0.92308,0.67647,0,0.53318,0.88128,,,,,,,,,,,,,,,,,"[0.0, 0.0, 0.12341, 0.0, 0.0, 0.0, 0.48991, 0.1143, 0.0, 0.0, 0.11721, 0.1829, 0.05005, 0.02534, 0.13317, 0.48743, 0.1739, 0.0, 0.0, 0.68595, 0.29325, 0.0, 0.21516, 0.21039, 0.0, 0.29436, 0.02736, 0.10111, 0.40476, 0.61625, 0.0, 0.38088, 0.90705, 0.42064, 0.19829, 0.39607, 0.20704, 0.26729, 0.2947, 0.27866, 0.10014, 0.0, 1.06354, 0.21598, 0.61197, 0.41012, 0.0, 0.61984, 0.22685, 0.36288, 0.69586, 0.22643, 0.38453, 0.98095, 0.70286, 0.39701, 0.57447, 0.87705, 0.33331, 0.10504, 0.84514, 0.907, 0.65063, 0.40758, 0.48322, 0.95621, 0.89143, 0.74077, 0.71192, 0.5721, 0.63458, 0.80875, 0.66737, 0.89284, 1.38544, 0.49766, 0.3269, 0.82179, 1.0967, 0.55868, 0.89011, 0.41565, 0.52659, 0.90315, 1.03568, 0.08593, 1.2165, 0.53209, 1.08547, 1.22645, 0.84604, 0.57361, 0.62867, 1.37247, 1.20231, 0.63885, 1.49921, 1.07535, 0.67586, 1.34939, 0.90889, 1.14916, 0.87502, 0.91652, 1.31999, 0.79487, 1.24448, 0.88534, 1.50327, 1.08231, 1.25726, 1.49216, 1.36425, 1.46524, 1.03284, 0.7311, 1.37219, 1.44023, 1.04483, 1.39615, 1.42335, 1.67451, 0.97866, 1.53847, 0.7825, 1.68416, 1.29002, 1.23304, 1.50814, 1.14713, 1.43472, 1.36732, 1.51788, 1.26475, 1.30754, 1.637, 1.46784, 1.37358, 0.34669, 1.63378, 1.64746, 1.25181, 1.08088, 1.84594, 1.34446, 1.44288, 1.60333, 1.44379, 1.67708, 1.5568, 1.30969, 1.85535, 1.45936, 1.63, 1.49199, 1.81109, 1.2556, 1.47994, 1.36264, 1.43556, 1.92833, 1.77255, 2.03128, 1.16498, 1.7684, 1.18602, 1.41116, 1.64247, 1.9973, 1.57793, 1.38881, 1.82562, 1.43246, 2.39436, 1.70459, 1.60864, 1.42955, 1.8071, 2.32434, 1.73857, 2.45101, 1.70819, 1.24576, 1.69833, 1.98592, 1.89501, 1.95864, 1.5718, 2.14783, 1.93622, 1.86617, 1.47726, 2.17051, 2.43247, 1.46317, 1.8506, 2.31186, 1.7847, 1.91438, 1.93006, 1.95095, 2.27255, 1.51757, 2.43979, 1.76632, 2.2743, 1.81138, 1.97292, 2.57111, 1.48605, 2.2442, 1.32015, 2.39222, 1.81121, 2.2886, 1.9971, 2.28027, 2.34891, 2.18522]"
UDE-NN,89053,220,1,10,1,157.087,0.09115,3.09756,0.97436,0.89412,0,0.62283,0.95927,0.72897,0.62411,0,0.45103,0.65222,0.26535,0.66955,1.51883,2.10906,3.26721,0.26535,0.58013,1.23306,1.67158,2.52571,3.25771,7.44534,22.26662,38.08589,146.46116,"[7.88004, 7.73614, 7.64914, 7.58765, 7.53837, 7.49521, 7.45524, 7.41704, 7.37987, 7.34335, 7.30729, 7.27156, 7.2361, 7.20086, 7.16581, 7.13093, 7.09618, 7.06156, 7.02704, 6.99259]","[0.38159, 0.29905, 0.19113, 0.10034, 0.01237, 0.04112, -0.00042, 0.07054, 0.10409, 0.18918, 0.11129, 0.19354, 0.24479, 0.10144, 0.08424, 0.12999, 0.08012, 0.1364, 0.26964, 0.19778, 0.20599, 0.16652, 0.23909, 0.31399, 0.34218, 0.26445, 0.32723, 0.38303, 0.35783, 0.325, 0.41567, 0.42073, 0.3938, 0.41688, 0.309, 0.29397, 0.35786, 0.33948, 0.34519, 0.2314, 0.27167, 0.2811, 0.23058, 0.30139, 0.27226, 0.23542, 0.31222, 0.4722, 0.56029, 0.63224, 0.6001, 0.55231, 0.53261, 0.51514, 0.49654, 0.58698, 0.63365, 0.51707, 0.57248, 0.66271, 0.56778, 0.66484, 0.62872, 0.62817, 0.64018, 0.64359, 0.67533, 0.68739, 0.61575, 0.51607, 0.49635, 0.52843, 0.64627, 0.68785, 0.74992, 0.82065, 0.91866, 1.06397, 0.97614, 0.95663, 0.94083, 0.89019, 0.89087, 0.82362, 0.75648, 0.82058, 0.85682, 0.87218, 0.88058, 0.83086, 0.86442, 0.85925, 0.90846, 0.94971, 1.01004, 0.9975, 0.91276, 0.91124, 0.93748, 0.91512, 0.89505, 1.00174, 1.0799, 1.08773, 1.14702, 1.06569, 1.07903, 1.0596, 1.12983, 1.21944, 1.15317, 1.07773, 1.03326, 1.06295, 1.20767, 1.06622, 1.15528, 1.14591, 1.05178, 1.04335, 1.11865, 1.22436, 1.29078, 1.28891, 1.11649, 1.06411, 1.17912, 1.19789, 1.25468, 1.21044, 1.20643, 1.1988, 1.21734, 1.25576, 1.31275, 1.3581, 1.43782, 1.44227, 1.3876, 1.36241, 1.34146, 1.38063, 1.35805, 1.39858, 1.39465, 1.39418, 1.39871, 1.42306, 1.44928, 1.46357, 1.47764, 1.49184, 1.50624, 1.52363, 1.54085, 1.55335, 1.56597, 1.57318, 1.57473, 1.58042, 1.59172, 1.61882, 1.62311, 1.6386, 1.62612, 1.67245, 1.71511, 1.71351, 1.73674, 1.69891, 1.7572, 1.77367, 1.78129, 1.84105, 1.90623, 1.82016, 1.90376, 1.95388, 1.91663, 1.86113, 1.80511, 1.83881, 1.86847, 1.79003, 1.76212, 1.81024, 1.85796, 1.85904, 1.85475, 1.87487, 1.87745, 1.94799, 2.02713, 2.09081, 2.03249, 2.01362, 1.93724, 1.91731, 1.80084, 1.79386, 1.9007, 2.08764, 2.14736, 2.14451, 2.22677, 2.28744, 2.22909, 2.2534, 2.20413, 2.17474, 2.10316, 2.15456, 2.17983, 2.15248, 2.10409, 2.1266, 2.07637, 2.12556, 2.16838, 2.17678]"
GP,89053,220,1,10,1,749.402,0.01895,3.09756,0.9915,0.96471,0,0.65207,0.98648,0.72897,0.62411,0,0.45103,0.65222,0.29155,0.68417,1.47532,2.0558,3.20301,0.29155,0.60183,1.20731,1.63534,2.47659,3.57928,7.6744,21.69525,37.16754,143.79446,"[7.85384, 7.69664, 7.60105, 7.53317, 7.47861, 7.43074, 7.38634, 7.34381, 7.30231, 7.26142, 7.22088, 7.18057, 7.14039, 7.10029, 7.06023, 7.02016, 6.98006, 6.93989, 6.89963, 6.85925]","[0.04031, 0.04925, 0.05829, 0.06733, 0.07622, 0.0854, 0.09463, 0.10403, 0.11339, 0.12272, 0.13198, 0.14126, 0.1507, 0.16008, 0.16949, 0.17913, 0.18872, 0.1983, 0.20765, 0.21679, 0.22641, 0.23578, 0.24523, 0.25448, 0.26322, 0.27179, 0.28042, 0.28892, 0.29778, 0.30692, 0.31632, 0.32598, 0.33576, 0.34581, 0.3557, 0.36553, 0.37492, 0.38389, 0.39277, 0.40172, 0.41067, 0.41973, 0.42912, 0.43873, 0.44838, 0.45811, 0.46774, 0.47727, 0.48688, 0.49641, 0.50603, 0.51586, 0.5258, 0.5357, 0.54561, 0.55555, 0.56552, 0.5757, 0.58575, 0.59567, 0.60571, 0.61566, 0.62521, 0.63484, 0.64476, 0.65478, 0.66488, 0.6749, 0.68479, 0.69434, 0.70358, 0.71301, 0.72255, 0.73205, 0.74179, 0.75145, 0.76113, 0.7705, 0.77988, 0.78928, 0.79845, 0.8075, 0.81662, 0.82562, 0.83468, 0.84373, 0.85239, 0.86091, 0.86969, 0.87845, 0.88764, 0.89726, 0.90699, 0.91683, 0.92705, 0.93743, 0.94773, 0.95806, 0.96832, 0.97853, 0.98879, 0.99917, 1.00957, 1.01992, 1.03026, 1.04044, 1.05054, 1.0606, 1.07073, 1.08097, 1.09107, 1.10115, 1.11114, 1.12116, 1.13105, 1.14112, 1.15115, 1.16087, 1.17063, 1.18037, 1.18997, 1.19964, 1.20944, 1.21943, 1.22949, 1.23959, 1.24941, 1.25925, 1.26906, 1.27904, 1.28915, 1.29924, 1.30942, 1.31953, 1.32967, 1.33981, 1.34994, 1.36018, 1.3706, 1.38114, 1.39178, 1.40244, 1.41318, 1.42416, 1.43532, 1.4467, 1.45825, 1.46996, 1.48174, 1.49357, 1.50547, 1.51738, 1.52928, 1.54117, 1.55299, 1.56482, 1.57666, 1.58849, 1.60034, 1.6122, 1.62402, 1.63579, 1.64752, 1.65923, 1.6709, 1.68253, 1.69407, 1.70553, 1.71691, 1.72809, 1.73899, 1.74945, 1.75948, 1.7691, 1.77852, 1.78778, 1.79686, 1.80572, 1.81506, 1.82423, 1.8336, 1.84316, 1.85281, 1.86268, 1.87253, 1.88245, 1.89234, 1.90222, 1.91182, 1.92151, 1.93115, 1.9406, 1.95029, 1.96003, 1.96973, 1.97929, 1.98892, 1.99856, 2.00804, 2.01743, 2.02677, 2.0361, 2.0457, 2.05551, 2.06518, 2.07488, 2.08447, 2.09412, 2.10376, 2.11333, 2.1229, 2.1324, 2.14166, 2.1506, 2.15959, 2.16838, 2.17686, 2.18534, 2.19433, 2.20336]"
ARIMA,89053,220,1,10,1,20.462,,,,,,,,,,,,,0.69669,1.10064,1.38457,1.92298,3.08414,0.69669,0.95303,1.16722,1.5586,2.38641,8.55321,11.59103,19.76384,34.28327,139.03257,"[7.4487, 7.14836, 6.86375, 6.87517, 6.88587, 6.8959, 6.9053, 6.91411, 6.92236, 6.9301, 6.93734, 6.94413, 6.95049, 6.95646, 6.96204, 6.96728, 6.97218, 6.97678, 6.98109, 6.98512]",
RandomWalk,89053,220,1,10,1,1.16,,,,,,,,,,,,,0.02286,0.71366,2.01898,2.68072,3.91885,0.02286,0.48043,1.55827,2.08906,3.05316,0.28064,6.67605,28.89559,47.98825,172.88493,"[8.16825, 8.16825, 8.16825, 8.16825, 8.16825, 8.16825, 8.16825, 8.16825, 8.16825, 8.16825, 8.16825, 8.16825, 8.16825, 8.16825, 8.16825, 8.16825, 8.16825, 8.16825, 8.16825, 8.16825]",
LSTM,89053,220,1,10,1,75.69,,,,,,,,,,,,,0.669,1.94196,1.7165,2.02049,3.07154,0.669,1.75381,1.47097,1.74129,2.49311,8.21321,21.92983,23.12596,34.95022,137.49654,"[7.47639, 6.60375, 5.89917, 5.53683, 5.27603, 6.6033, 6.66544, 6.83633, 6.77567, 6.6357, 6.56494, 6.47136, 6.56865, 6.54763, 7.161, 7.06586, 6.97374, 6.98851, 6.93416, 6.93521]",
Alg_c,89053,220,1,10,1,0,3.09756,3.09756,0.91772,0.72289,0,0.54687,0.87895,0.73892,0.57778,0,0.4389,0.63187,,,,,,,,,,,,,,,,,"[0.56456, 0.34491, 0.15225, 0.09977, 0.0, 0.20616, 0.0, 0.17302, 0.0, 0.54104, 0.0, 0.25512, 0.6549, 0.0, 0.0, 0.38147, 0.0, 0.0105, 0.71375, 0.0, 0.34483, 0.0, 0.26805, 0.41948, 0.55558, 0.0, 0.31384, 0.54889, 0.38146, 0.04836, 0.61871, 0.49484, 0.19898, 0.78852, 0.03915, 0.14873, 0.53109, 0.28518, 0.58723, 0.0, 0.31878, 0.42906, 0.0, 0.5383, 0.28573, 0.0042, 0.13556, 0.64864, 0.55338, 0.84364, 0.60978, 0.48195, 0.53876, 0.56097, 0.23726, 0.61526, 1.10381, 0.02987, 0.45391, 1.24284, 0.0, 0.99992, 0.52985, 0.6095, 0.68072, 0.56023, 0.68662, 0.86746, 0.64766, 0.35854, 0.4239, 0.34693, 0.82639, 0.61427, 0.75139, 0.77317, 0.75712, 1.60055, 0.73306, 0.95991, 1.0233, 0.76872, 1.03556, 0.84594, 0.48002, 0.88123, 0.90327, 0.89186, 1.00101, 0.64829, 0.9886, 0.72541, 0.94828, 0.84586, 1.17157, 1.19166, 0.661, 0.86716, 1.07249, 0.96458, 0.55256, 1.11785, 1.28349, 0.79185, 1.59827, 0.73055, 1.25145, 0.84561, 1.04513, 1.61109, 1.09076, 1.04423, 0.91361, 0.65356, 2.1384, 0.22444, 1.425, 1.33448, 0.83909, 0.89867, 1.06487, 1.28667, 1.32851, 1.75325, 0.74099, 0.69072, 1.49252, 1.02857, 1.53129, 1.04779, 1.25399, 1.14115, 1.19564, 1.21476, 1.37241, 1.22502, 1.59875, 1.56733, 1.264, 1.42788, 1.124, 1.6545, 1.05448, 1.61707, 1.33135, 1.39751, 1.1149, 1.1947, 3.50093, NaN, NaN, 46.4004, NaN, 1.75822, 2.48265, 0.28381, 2.12367, 6.14295, NaN, 1.71637, 0.57453, 2.32535, 0.81439, 2.35665, 0.45139, 1.80404, 2.10157, 1.24623, 2.31984, 1.07727, 2.01294, 1.79051, 1.65616, 1.78979, 2.294, 1.40738, 1.93138, 2.13097, 1.93488, 1.89107, 1.60564, 1.81688, 2.15502, 1.65768, 1.60734, 1.81983, 1.97629, 1.86437, 1.7849, 1.9498, 1.73095, 1.95182, 1.99446, 2.3947, 1.86042, 2.19735, 1.72541, 2.2024, 1.55942, 1.60051, 1.70707, 2.3563, 2.26273, 1.90179, 2.26945, 2.59605, 1.92485, 2.48395, 2.09808, 2.35018, 1.77738, 2.25969, 2.2779, 2.19876, 1.94793, 2.26165, 1.88068, 2.15451, 2.23813]"
UDE-NN,93091,220,1,10,1,154.522,0.08881,0.88541,0.97983,0.91139,0,0.63041,0.96665,0.9562,0.86047,0,0.60556,0.93067,0.11794,0.20903,0.19612,0.19911,0.18463,0.11794,0.16271,0.15588,0.15505,0.13944,99.99999,13379.69733,36606.88305,233188.9191,1.02E+06,"[0.0, 0.0, 0.0, 0.0, 0.0, 0.0, 0.0, 0.0, 0.0, 0.0, 0.0, 0.0, 0.0, 1.0e-5, 1.0e-5, 2.0e-5, 4.0e-5, 7.0e-5, 0.00012, 0.00021]","[-0.00882, -0.00688, -0.07587, 0.08256, 0.06363, 0.00764, 0.08006, -0.01393, 0.01632, 0.00739, -0.06234, -0.02978, -0.08431, 0.00171, 0.03152, 0.01783, 0.07267, 0.11185, 0.16099, 0.22979, 0.26709, 0.1634, 0.052, 0.10278, 0.27065, 0.30906, 0.33494, 0.36855, 0.2728, 0.24964, 0.22466, 0.28498, 0.27565, 0.27642, 0.22628, 0.33459, 0.43277, 0.39945, 0.34994, 0.44653, 0.49522, 0.39334, 0.37049, 0.331, 0.25882, 0.33324, 0.37211, 0.46932, 0.54936, 0.60915, 0.55523, 0.59217, 0.55661, 0.54963, 0.61393, 0.6079, 0.47461, 0.57487, 0.6508, 0.66465, 0.63329, 0.53251, 0.62016, 0.6861, 0.68775, 0.66435, 0.64214, 0.66538, 0.61726, 0.61326, 0.74875, 0.77072, 0.67839, 0.7723, 0.64804, 0.71997, 0.75449, 0.83531, 0.89348, 0.86314, 0.7903, 0.74855, 0.74916, 0.83636, 0.85943, 0.86435, 0.86129, 0.90831, 0.86062, 0.90283, 0.91871, 0.90089, 0.82792, 0.78969, 0.90691, 0.94619, 0.97466, 1.00014, 1.04828, 1.03962, 1.02118, 1.11824, 1.10261, 1.11048, 0.98188, 1.0521, 1.13788, 1.1195, 1.18558, 1.23675, 1.20744, 1.09362, 1.14378, 1.06788, 1.0543, 1.06339, 1.14903, 1.1917, 1.2464, 1.35695, 1.41021, 1.38603, 1.37833, 1.29505, 1.27022, 1.35524, 1.39109, 1.41435, 1.38336, 1.38455, 1.48363, 1.42618, 1.41142, 1.37251, 1.32981, 1.26255, 1.2469, 1.33699, 1.39618, 1.41722, 1.29424, 1.38299, 1.41204, 1.40986, 1.48326, 1.52859, 1.42782, 1.39001, 1.38791, 1.4334, 1.51659, 1.66233, 1.59252, 1.63552, 1.60619, 1.65105, 1.65188, 1.57733, 1.63507, 1.67314, 1.55719, 1.42079, 1.46661, 1.69499, 1.75598, 1.83241, 1.72869, 1.61525, 1.6932, 1.73917, 1.75717, 1.70598, 1.68805, 1.74213, 1.66754, 1.67089, 1.78791, 1.80676, 1.7391, 1.68696, 1.6515, 1.66973, 1.72336, 1.74304, 1.84819, 1.85581, 1.85637, 1.86544, 1.83934, 1.91364, 1.8767, 1.97735, 1.94405, 1.95772, 1.97436, 1.94056, 1.98921, 1.87202, 1.97323, 2.08437, 2.03473, 1.99712, 2.02749, 2.03394, 2.00907, 2.05793, 2.07472, 2.16204, 2.21487, 2.24051, 2.26239, 2.28622, 2.31357, 2.33514, 2.35055, 2.36508, 2.37986, 2.39641, 2.42187, 2.43295]"
GP,93091,220,1,10,1,723.237,0.21801,0.88541,0.93983,0.69565,0,0.54516,0.89193,0.91549,0.68421,0,0.53323,0.85382,0.11794,0.20903,0.19612,0.19911,0.18463,0.11794,0.16271,0.15588,0.15505,0.13944,99.99999,13379.69617,36606.88716,233189.6716,1.02E+06,"[0.0, 0.0, 0.0, 0.0, 0.0, 0.0, 0.0, 0.0, 0.0, 0.0, 0.0, 0.0, 0.0, 1.0e-5, 1.0e-5, 2.0e-5, 4.0e-5, 7.0e-5, 0.00012, 0.00021]","[-0.13933, -0.1256, -0.11099, -0.10081, -0.09141, -0.07907, -0.06308, -0.04745, -0.03318, -0.01571, -0.00067, 0.01453, 0.03172, 0.04685, 0.06606, 0.08311, 0.10115, 0.11661, 0.13186, 0.1463, 0.15934, 0.17353, 0.18436, 0.19675, 0.21205, 0.22821, 0.2478, 0.26828, 0.28811, 0.30792, 0.3274, 0.34773, 0.36839, 0.38871, 0.40915, 0.42565, 0.44314, 0.45909, 0.47669, 0.49369, 0.51011, 0.5251, 0.54021, 0.55619, 0.57361, 0.59009, 0.60544, 0.61774, 0.63093, 0.64357, 0.65661, 0.6682, 0.67776, 0.68614, 0.69189, 0.69274, 0.69247, 0.69432, 0.69972, 0.70641, 0.71454, 0.72218, 0.73096, 0.73728, 0.74181, 0.7435, 0.74214, 0.73309, 0.72912, 0.72847, 0.7295, 0.73346, 0.73603, 0.73948, 0.74731, 0.7489, 0.74911, 0.74694, 0.73934, 0.73042, 0.72156, 0.71078, 0.70823, 0.71332, 0.71919, 0.72463, 0.72889, 0.73576, 0.74378, 0.75221, 0.76661, 0.78287, 0.79728, 0.81344, 0.83024, 0.84792, 0.86541, 0.88209, 0.89806, 0.91412, 0.93231, 0.95076, 0.96772, 0.98612, 1.00032, 1.01661, 1.03404, 1.04956, 1.06375, 1.07689, 1.08966, 1.10231, 1.11332, 1.12338, 1.1301, 1.13894, 1.1448, 1.15388, 1.1641, 1.1757, 1.18734, 1.19858, 1.20786, 1.22096, 1.23483, 1.24811, 1.26095, 1.27551, 1.29059, 1.30691, 1.31818, 1.32313, 1.32812, 1.33682, 1.35077, 1.36492, 1.3766, 1.38909, 1.40164, 1.41548, 1.42673, 1.43544, 1.444, 1.45163, 1.46226, 1.47564, 1.48825, 1.49859, 1.50722, 1.51493, 1.52272, 1.53018, 1.53563, 1.54082, 1.54885, 1.55941, 1.57395, 1.5901, 1.59847, 1.6118, 1.62783, 1.64313, 1.65864, 1.67629, 1.69115, 1.70517, 1.71458, 1.72224, 1.73129, 1.7387, 1.7496, 1.75921, 1.76622, 1.7754, 1.78809, 1.80109, 1.81528, 1.82814, 1.83549, 1.84037, 1.84344, 1.84428, 1.84673, 1.84979, 1.85294, 1.85734, 1.86521, 1.87582, 1.88423, 1.89477, 1.90371, 1.90785, 1.90615, 1.89982, 1.89286, 1.88613, 1.87705, 1.86865, 1.85624, 1.84614, 1.83516, 1.82048, 1.80262, 1.78032, 1.75416, 1.72425, 1.69036, 1.65061, 1.60558, 1.55576, 1.50367, 1.45095, 1.39902, 1.34727, 1.2951, 1.24242, 1.19, 1.13809, 1.08672, 1.03569]"
ARIMA,93091,220,1,10,1,18.768,,,,,,,,,,,,,0.06573,0.17458,0.16101,0.16489,0.15205,0.06573,0.13346,0.12707,0.13104,0.11708,55.7365,9.46E+09,9.46E+09,1.18E+10,1.26E+10,"[0.0522, 0.04677, 0.04733, 0.04727, 0.04728, 0.04728, 0.04728, 0.04728, 0.04728, 0.04728, 0.04728, 0.04728, 0.04728, 0.04728, 0.04728, 0.04728, 0.04728, 0.04728, 0.04728, 0.04728]",
RandomWalk,93091,220,1,10,1,1.65,,,,,,,,,,,,,0.11794,0.20903,0.19612,0.19911,0.18464,0.11794,0.16271,0.15588,0.15505,0.13944,100,80,80,75,73.33333,"[0.0, 0.0, 0.0, 0.0, 0.0, 0.0, 0.0, 0.0, 0.0, 0.0, 0.0, 0.0, 0.0, 0.0, 0.0, 0.0, 0.0, 0.0, 0.0, 0.0]",
LSTM,93091,220,1,10,1,55.789,,,,,,,,,,,,,6.44534,7.38539,7.79002,7.85736,7.87458,6.44534,7.36699,7.7681,7.83763,7.85859,5465.08286,1.59E+12,1.62E+12,2.04E+12,2.16E+12,"[6.56327, 7.61182, 7.68138, 7.8502, 7.94188, 8.01188, 8.11124, 8.30161, 8.53331, 8.63317, 8.40183, 8.27061, 8.12328, 8.0043, 7.93066, 7.94143, 8.03302, 8.17716, 8.33109, 8.44787]",
Alg_c,93091,220,1,10,1,0,0.88541,0.88541,0.9194,0.48485,0,0.46808,0.84059,0.8806,0.46575,0,0.44878,0.77569,,,,,,,,,,,,,,,,,"[0.0185, 0.157, 0.0, 0.49976, 0.09117, 0.0, 0.42607, 0.0, 0.07094, 0.13558, 0.0, 0.15153, 0.0, 0.0757, 0.10506, 0.0, 0.10071, 0.09162, 0.11731, 0.30327, 0.55514, 0.17716, 0.0, 0.0, 0.55244, 0.34775, 0.35407, 0.61561, 0.15538, 0.22004, 0.08298, 0.39671, 0.30307, 0.38427, 0.0, 0.3186, 0.70219, 0.43054, 0.0574, 0.52258, 0.80355, 0.2229, 0.41069, 0.383, 0.0, 0.39408, 0.24691, 0.5049, 0.58139, 0.84779, 0.34544, 0.76238, 0.49629, 0.37856, 0.73208, 0.97289, 0.0, 0.67898, 0.76634, 0.72409, 0.79421, 0.12628, 0.68907, 0.80965, 0.72148, 0.68917, 0.47606, 0.89108, 0.54466, 0.27647, 0.98859, 1.0679, 0.16136, 1.31486, 0.11762, 0.88898, 0.62546, 0.85757, 1.07927, 0.9438, 0.68777, 0.69193, 0.55369, 0.99653, 0.8743, 0.89154, 0.71952, 1.16954, 0.60572, 0.97297, 0.97883, 1.01089, 0.75552, 0.47838, 1.05447, 0.97289, 0.98192, 0.94574, 1.16868, 1.04371, 0.7763, 1.35068, 1.04853, 1.41296, 0.56334, 0.99201, 1.35785, 0.93403, 1.21336, 1.38836, 1.40054, 0.71138, 1.45698, 0.88191, 1.05238, 0.8874, 1.26823, 1.16511, 1.1193, 1.47287, 1.56718, 1.2969, 1.54901, 1.1797, 1.03941, 1.48302, 1.39976, 1.52147, 1.33003, 1.11535, 1.90264, 1.22572, 1.48794, 1.37431, 1.39228, 1.1667, 1.02933, 1.42228, 1.44381, 1.7717, 0.77704, 1.55472, 1.48196, 1.23037, 1.52827, 1.8414, 1.26911, 1.34813, 1.30922, 1.38659, 1.29606, 2.23401, 1.17752, 1.87998, 1.39938, 1.7673, 1.87698, 1.22694, 1.70163, 1.98327, 1.60748, 1.01581, 1.04348, 2.05689, 1.65394, 2.2213, 1.7215, 1.18804, 1.84906, 1.77104, 1.91233, 1.62919, 1.50822, 2.04966, 1.48207, 1.43795, 1.96723, 1.96694, 1.67471, 1.68793, 1.54983, 1.59779, 1.86441, 1.46743, 2.12684, 1.8268, 1.82102, 1.97517, 1.58786, 2.2214, 1.45995, 2.40574, 1.71674, 1.95043, 2.1788, 1.53844, 2.69474, 1.04697, 1.99197, 2.54952, 1.91326, 1.77628, 2.14294, 2.21318, 1.63632, 2.3795, 1.62785, 2.44105, 3.83215, 12.81555, 0.0, 1.27712, 2.98803, 5.41982, 5.21237, 0.0, 1.46751, 0.0, 3.74655]"
UDE-NN,4150,220,1,10,1,158.892,0.0861,0.93776,0.98305,0.92857,0,0.63721,0.97285,0.46087,0.04615,0,0.16901,0.26042,0.12632,0.3813,0.58973,0.65639,0.6991,0.12632,0.36075,0.45721,0.51573,0.57478,1.70899,4.3212,5.25276,6.37653,7.47653,"[7.51755, 7.87257, 8.0313, 8.07908, 8.07403, 8.04597, 8.00834, 7.96696, 7.92428, 7.88134, 7.83858, 7.79618, 7.7542, 7.71267, 7.67156, 7.63088, 7.5906, 7.5507, 7.51117, 7.47197]","[0.20521, 0.21707, 0.18811, 0.2107, 0.19712, 0.13005, 0.11846, 0.0767, 0.07497, 0.07745, 0.15957, 0.01306, 0.01562, 0.10134, 0.07165, 0.00065, 0.07408, 0.21196, 0.12432, 0.08186, 0.16358, 0.22813, 0.23914, 0.23659, 0.19087, 0.27402, 0.27725, 0.30359, 0.34604, 0.3246, 0.32951, 0.42112, 0.39889, 0.39705, 0.32767, 0.2642, 0.2812, 0.33709, 0.4514, 0.50153, 0.39239, 0.33761, 0.35476, 0.45237, 0.50329, 0.40478, 0.42157, 0.41637, 0.50454, 0.48343, 0.4918, 0.53471, 0.45834, 0.41092, 0.57197, 0.60679, 0.61722, 0.64488, 0.70037, 0.70275, 0.7211, 0.7086, 0.69469, 0.68913, 0.6881, 0.69319, 0.70198, 0.73183, 0.79481, 0.79711, 0.8073, 0.78528, 0.75013, 0.67562, 0.65919, 0.68609, 0.63105, 0.67742, 0.7172, 0.80901, 0.82807, 0.78782, 0.8452, 0.87426, 0.87344, 0.80192, 0.84447, 0.84637, 0.85505, 0.86268, 0.91773, 0.99904, 0.9731, 0.93834, 0.93546, 0.96676, 0.90126, 0.9067, 1.00376, 1.10104, 1.16866, 1.19331, 1.26521, 1.21797, 1.19331, 1.16408, 1.17188, 1.18539, 1.23507, 1.18795, 1.14308, 1.09405, 1.10229, 1.17914, 1.21847, 1.12869, 1.19385, 1.21433, 1.13883, 1.14509, 1.18655, 1.16453, 1.21137, 1.23656, 1.32083, 1.3422, 1.42341, 1.46816, 1.43372, 1.29469, 1.28861, 1.18986, 1.23646, 1.11654, 1.11891, 1.1758, 1.22475, 1.2326, 1.23063, 1.29801, 1.40826, 1.37375, 1.3441, 1.35666, 1.45226, 1.58099, 1.55078, 1.56745, 1.39438, 1.32579, 1.30407, 1.43071, 1.46066, 1.47965, 1.48445, 1.59469, 1.65352, 1.75938, 1.67515, 1.72771, 1.72913, 1.72615, 1.68975, 1.66676, 1.69012, 1.59764, 1.60962, 1.70238, 1.80315, 1.87456, 1.86643, 1.72969, 1.67142, 1.73134, 1.70056, 1.65386, 1.72173, 1.78072, 1.8302, 1.82707, 1.7615, 1.77316, 1.80151, 1.82617, 1.84365, 1.87091, 1.87771, 1.81978, 1.84708, 1.88795, 1.89913, 1.93665, 1.96149, 2.00285, 1.94682, 1.94124, 1.99193, 2.01019, 1.93639, 1.95227, 2.04127, 2.06866, 2.04278, 2.11276, 2.12674, 2.1142, 2.17393, 2.16142, 2.10551, 2.07324, 2.11923, 2.17493, 2.16226, 2.09891, 2.04196, 2.08768, 2.11747, 2.0816, 2.0688, 2.07757]"
GP,4150,220,1,10,1,768.682,0.01191,0.93776,0.99718,0.98795,0,0.66171,0.99545,0.44156,0,0,0.14719,0.22814,0.00033,0.58029,0.78159,0.76682,0.733,0.00033,0.51849,0.65342,0.63329,0.61034,0.00445,6.14858,7.54599,7.62865,7.63049,"[7.39157, 7.67287, 7.80087, 7.83862, 7.82992, 7.79892, 7.7576, 7.71163, 7.66367, 7.61497, 7.56608, 7.51728, 7.46867, 7.4203, 7.37216, 7.32424, 7.27653, 7.22899, 7.18159, 7.13431]","[0.01305, 0.02307, 0.03308, 0.04309, 0.05311, 0.06312, 0.07314, 0.08315, 0.09317, 0.10318, 0.11319, 0.12321, 0.13322, 0.14324, 0.15325, 0.16327, 0.17328, 0.18329, 0.19331, 0.20332, 0.21334, 0.22335, 0.23337, 0.24338, 0.2534, 0.26341, 0.27342, 0.28344, 0.29345, 0.30347, 0.31348, 0.3235, 0.33351, 0.34353, 0.35354, 0.36355, 0.37357, 0.38358, 0.3936, 0.40361, 0.41363, 0.42364, 0.43366, 0.44367, 0.45369, 0.4637, 0.47371, 0.48373, 0.49374, 0.50376, 0.51377, 0.52379, 0.5338, 0.54382, 0.55383, 0.56385, 0.57386, 0.58388, 0.59389, 0.60391, 0.61392, 0.62394, 0.63395, 0.64396, 0.65398, 0.66399, 0.67401, 0.68402, 0.69404, 0.70405, 0.71407, 0.72408, 0.7341, 0.74411, 0.75413, 0.76414, 0.77416, 0.78417, 0.79418, 0.8042, 0.81421, 0.82423, 0.83424, 0.84426, 0.85427, 0.86429, 0.8743, 0.88432, 0.89433, 0.90435, 0.91436, 0.92438, 0.93439, 0.94441, 0.95442, 0.96443, 0.97445, 0.98446, 0.99448, 1.00449, 1.01451, 1.02452, 1.03454, 1.04455, 1.05457, 1.06458, 1.07459, 1.08461, 1.09462, 1.10464, 1.11465, 1.12467, 1.13468, 1.1447, 1.15471, 1.16472, 1.17474, 1.18475, 1.19477, 1.20478, 1.2148, 1.22481, 1.23482, 1.24484, 1.25485, 1.26487, 1.27488, 1.28489, 1.29491, 1.30492, 1.31494, 1.32495, 1.33496, 1.34498, 1.35499, 1.36501, 1.37502, 1.38504, 1.39505, 1.40506, 1.41508, 1.42509, 1.43511, 1.44512, 1.45513, 1.46515, 1.47516, 1.48518, 1.49519, 1.5052, 1.51522, 1.52523, 1.53525, 1.54526, 1.55528, 1.56529, 1.5753, 1.58532, 1.59533, 1.60535, 1.61536, 1.62537, 1.63539, 1.6454, 1.65542, 1.66543, 1.67545, 1.68546, 1.69547, 1.70549, 1.7155, 1.72552, 1.73553, 1.74554, 1.75556, 1.76557, 1.77559, 1.7856, 1.79562, 1.80563, 1.81564, 1.82566, 1.83567, 1.84569, 1.8557, 1.86571, 1.87573, 1.88574, 1.89576, 1.90577, 1.91579, 1.9258, 1.93581, 1.94583, 1.95584, 1.96586, 1.97587, 1.98589, 1.9959, 2.00591, 2.01593, 2.02594, 2.03596, 2.04597, 2.05599, 2.066, 2.07601, 2.08603, 2.09604, 2.10606, 2.11607, 2.12609, 2.1361, 2.14611, 2.15613, 2.16614, 2.17616, 2.18617, 2.19619, 2.2062]"
ARIMA,4150,220,1,10,1,19.286,,,,,,,,,,,,,0.47394,1.37351,1.53043,1.41016,1.26502,0.47394,1.30783,1.44413,1.28015,1.06004,6.41223,15.66329,16.96939,15.22596,12.70502,"[6.9173, 6.9173, 6.9173, 6.9173, 6.9173, 6.9173, 6.9173, 6.9173, 6.9173, 6.9173, 6.9173, 6.9173, 6.9173, 6.9173, 6.9173, 6.9173, 6.9173, 6.9173, 6.9173, 6.9173]",
RandomWalk,4150,220,1,10,1,1.198,,,,,,,,,,,,,0.48843,1.38731,1.5441,1.4227,1.27618,0.48843,1.32232,1.45861,1.29222,1.07066,6.60822,15.83991,17.14327,15.36859,12.83199,"[6.90281, 6.90281, 6.90281, 6.90281, 6.90281, 6.90281, 6.90281, 6.90281, 6.90281, 6.90281, 6.90281, 6.90281, 6.90281, 6.90281, 6.90281, 6.90281, 6.90281, 6.90281, 6.90281, 6.90281]",
LSTM,4150,220,1,10,1,63.177,,,,,,,,,,,,,0.48598,1.02393,1.39473,1.30835,1.21402,0.48598,0.98738,1.30841,1.18976,1.08389,6.57509,11.87734,15.42521,14.21091,13.25747,"[6.90526, 7.06892, 7.27262, 7.44892, 7.493, 7.28714, 7.04838, 6.82883, 6.65404, 6.52302, 6.43866, 6.38639, 6.32981, 6.25425, 6.14027, 6.00107, 5.84701, 5.68651, 5.52569, 5.36598]",
Alg_c,4150,220,1,10,1,0,0.93776,0.93776,0.93252,0.74699,0,0.55983,0.89631,0.48869,0.13846,0,0.20905,0.31556,,,,,,,,,,,,,,,,,"[0.19866, 0.3024, 0.07611, 0.28494, 0.31053, 0.0, 0.20543, 0.0, 0.08704, 0.0, 0.71712, 0.0, 0.0, 0.34289, 0.17458, 0.0, 0.0, 0.71202, 0.0, 0.0, 0.20145, 0.33636, 0.23982, 0.36794, 0.0, 0.4835, 0.2053, 0.26262, 0.48633, 0.26243, 0.12586, 0.68771, 0.28936, 0.55715, 0.32628, 0.09646, 0.25657, 0.19753, 0.5418, 0.86375, 0.23483, 0.23771, 0.17696, 0.55099, 0.86969, 0.05197, 0.56509, 0.15815, 0.81007, 0.3617, 0.28908, 1.00428, 0.47883, 0.0, 1.12057, 0.59385, 0.55713, 0.35116, 1.40826, 0.0, 2.07101, 13.78108, NaN, 1.03623, 0.40674, 0.93124, 0.22173, 0.05338, 1.53921, 0.20088, 1.16674, 0.65066, 1.22489, 0.16116, 0.40714, 1.23836, 0.11599, 0.85597, 0.49042, 1.01975, 1.01961, 0.43126, 0.95807, 0.87475, 1.17189, 0.32659, 1.06793, 0.78957, 0.88575, 0.76955, 0.78255, 1.33561, 0.91894, 0.86786, 0.76919, 1.37077, 0.67209, 0.68456, 1.06124, 1.15598, 1.28251, 1.01625, 1.54962, 1.13424, 1.22262, 1.08533, 1.18889, 1.06992, 1.4637, 1.1397, 1.16678, 0.993, 0.9665, 1.22679, 1.49838, 0.7936, 1.25739, 1.43246, 0.94133, 1.05713, 1.38291, 0.96977, 1.26708, 1.11909, 1.44771, 1.22146, 1.49257, 1.64064, 1.61125, 1.05966, 1.41267, 0.92694, 1.56118, 0.85399, 0.98788, 1.17145, 1.30879, 1.25145, 1.07816, 1.19783, 1.69821, 1.37964, 1.24781, 1.17708, 1.36562, 1.9057, 1.43517, 1.93654, 1.20601, 1.19018, 1.00756, 1.60571, 1.48638, 1.53888, 1.24908, 1.71638, 1.52977, 2.21387, 1.24942, 1.92504, 1.70782, 1.80116, 1.66515, 1.51975, 1.99058, 1.36737, 1.4633, 1.7076, 1.84331, 1.97334, 2.16974, 1.52318, 1.37482, 2.03439, 1.75148, 1.39626, 1.78581, 1.77335, 1.91852, 1.99815, 1.53304, 1.78681, 1.81784, 1.8503, 1.79862, 1.88689, 2.09379, 1.54218, 1.84838, 2.00275, 1.78331, 2.02684, 1.80942, 2.34072, 1.7451, 1.78774, 2.06526, 2.29776, 1.67846, 1.77313, 2.23434, 2.20708, 1.75885, 2.29503, 2.21115, 1.83718, 2.40742, 2.24556, 2.07093, 1.86597, 2.10337, 2.33457, 2.24772, 2.07559, 1.82316, 2.10346, 2.27389, 1.99944, 2.03055]"
UDE-NN,44769,220,1,10,1,153.322,0.11108,0.29002,0.96359,0.82667,0,0.59675,0.9376,0.97241,0.88571,0,0.61938,0.95507,0.57029,0.67884,0.55134,0.5098,0.49553,0.57029,0.65061,0.49205,0.44225,0.44017,34.83651,91.84174,5.24E+10,4.37E+10,3.49E+10,"[2.20734, 1.97239, 1.69229, 1.37224, 1.04269, 0.77167, 0.61703, 0.55112, 0.52406, 0.51224, 0.50656, 0.5034, 0.50126, 0.49953, 0.49794, 0.49639, 0.49484, 0.49326, 0.49166, 0.49003]","[0.09122, -0.02881, -0.00436, 0.04647, 0.13388, 0.1233, 0.07988, 0.06056, 0.09805, 0.08313, 0.05355, 0.03243, 0.10205, 0.15321, 0.0707, 0.02607, -7.0e-5, 0.13159, 0.17987, 0.1913, 0.22582, 0.28774, 0.29524, 0.40101, 0.40851, 0.26327, 0.30377, 0.32544, 0.44134, 0.44475, 0.42196, 0.44015, 0.31016, 0.34701, 0.38512, 0.34568, 0.31716, 0.28049, 0.1641, 0.16666, 0.21912, 0.425, 0.35839, 0.324, 0.387, 0.45347, 0.48829, 0.55775, 0.53653, 0.51508, 0.53764, 0.53935, 0.55195, 0.6001, 0.52239, 0.5181, 0.45388, 0.55692, 0.76853, 0.59774, 0.51504, 0.4311, 0.45865, 0.64874, 0.68302, 0.76076, 0.78298, 0.93704, 0.89332, 0.91748, 0.83257, 0.78809, 0.82159, 0.74043, 0.62962, 0.70281, 0.67576, 0.72287, 0.78188, 0.82443, 0.96542, 1.06233, 1.05717, 0.90086, 0.91317, 0.82963, 0.92574, 0.87983, 0.82748, 0.79235, 0.75598, 0.72288, 0.75665, 0.84883, 1.03132, 1.06165, 1.05436, 1.00255, 0.96193, 0.88843, 0.78811, 0.90133, 0.85256, 0.71401, 0.7367, 0.7757, 0.9381, 1.06194, 1.098, 1.18772, 1.17188, 1.1013, 1.00909, 0.99196, 1.02291, 1.09894, 1.12157, 1.118, 1.09707, 1.1414, 1.07709, 0.98382, 1.06174, 1.0367, 1.07884, 1.12199, 1.09696, 1.05587, 1.14447, 1.31239, 1.27685, 1.30882, 1.2412, 1.11727, 1.23009, 1.21132, 1.34771, 1.42756, 1.31135, 1.27549, 1.32125, 1.39194, 1.48229, 1.35483, 1.35927, 1.48086, 1.54796, 1.42136, 1.46724, 1.54498, 1.5934, 1.59645, 1.60811, 1.51205, 1.58089, 1.6839, 1.63686, 1.67955, 1.59633, 1.55689, 1.69965, 1.71792, 1.61341, 1.48662, 1.57863, 1.63529, 1.83383, 1.79024, 1.81085, 1.78946, 1.78313, 1.79081, 1.74159, 1.61715, 1.58876, 1.71612, 1.76544, 1.80954, 1.7906, 1.7756, 1.75883, 1.64869, 1.68007, 1.60698, 1.63202, 1.62993, 1.76011, 1.80374, 1.71933, 1.77508, 1.82287, 1.98734, 2.04566, 2.11644, 2.07788, 1.95777, 1.98519, 2.00717, 1.93998, 1.97523, 2.06647, 2.17382, 2.23932, 2.18919, 2.0993, 2.05548, 2.05045, 1.97227, 2.06169, 2.09203, 2.11039, 2.19905, 2.26591, 2.26119, 2.19416, 2.10321, 2.06135, 2.1172, 2.10468, 2.11399]"
GP,44769,220,1,10,1,780.972,0.01808,0.29002,0.99441,0.975,0,0.65647,0.99078,0.98947,0.96,0,0.64982,0.98358,0.52455,0.53736,0.44821,0.4168,0.41924,0.52455,0.50878,0.39854,0.36421,0.37664,32.04233,69.59911,4.96E+10,4.14E+10,3.31E+10,"[2.1616, 1.87362, 1.53643, 1.16943, 0.83673, 0.62835, 0.54198, 0.5095, 0.49641, 0.49062, 0.48769, 0.48588, 0.48448, 0.48322, 0.482, 0.48076, 0.4795, 0.4782, 0.47687, 0.47552]","[0.01093, 0.02077, 0.03056, 0.04034, 0.05009, 0.05987, 0.06961, 0.07936, 0.089, 0.09874, 0.10838, 0.11804, 0.12771, 0.13742, 0.14721, 0.157, 0.16672, 0.17642, 0.18608, 0.19567, 0.20535, 0.21496, 0.2246, 0.23428, 0.24396, 0.25362, 0.26325, 0.27297, 0.28262, 0.2923, 0.3019, 0.31146, 0.32101, 0.33054, 0.3402, 0.34989, 0.35955, 0.36913, 0.37867, 0.38825, 0.39774, 0.40729, 0.41689, 0.42644, 0.43606, 0.44569, 0.45527, 0.46484, 0.47434, 0.48381, 0.49328, 0.50272, 0.51215, 0.52154, 0.53086, 0.54015, 0.54942, 0.55875, 0.56819, 0.57779, 0.58749, 0.59726, 0.60706, 0.61683, 0.62669, 0.63657, 0.64649, 0.65632, 0.66608, 0.67589, 0.6857, 0.69544, 0.70522, 0.71497, 0.72469, 0.73437, 0.74415, 0.75401, 0.76395, 0.77393, 0.78383, 0.79375, 0.80365, 0.81352, 0.82324, 0.833, 0.84287, 0.85266, 0.86254, 0.87261, 0.88263, 0.89267, 0.90259, 0.91244, 0.92228, 0.93206, 0.9418, 0.95164, 0.96145, 0.97125, 0.98108, 0.99088, 1.00072, 1.01048, 1.02026, 1.03011, 1.03993, 1.04972, 1.05953, 1.06933, 1.07934, 1.08945, 1.09961, 1.1097, 1.11987, 1.13016, 1.14031, 1.15035, 1.16046, 1.17051, 1.18034, 1.19017, 1.20004, 1.21003, 1.22008, 1.22998, 1.23985, 1.24963, 1.25945, 1.26928, 1.27913, 1.28894, 1.29884, 1.30879, 1.31867, 1.32856, 1.3385, 1.34847, 1.3584, 1.36832, 1.37835, 1.38845, 1.39855, 1.40865, 1.41869, 1.42887, 1.43912, 1.44957, 1.4601, 1.47062, 1.4811, 1.49162, 1.50197, 1.51216, 1.52234, 1.53257, 1.54281, 1.55305, 1.56327, 1.5733, 1.58342, 1.59352, 1.60368, 1.61393, 1.62409, 1.63413, 1.64423, 1.65444, 1.66461, 1.67488, 1.68502, 1.69524, 1.7055, 1.7157, 1.72594, 1.73616, 1.74637, 1.75657, 1.76687, 1.77715, 1.7871, 1.79708, 1.80703, 1.81704, 1.82696, 1.83699, 1.847, 1.85707, 1.86694, 1.87685, 1.88686, 1.89687, 1.90687, 1.91683, 1.9268, 1.93677, 1.94679, 1.9568, 1.96663, 1.97645, 1.98628, 1.99614, 2.006, 2.01577, 2.02562, 2.03556, 2.04543, 2.05505, 2.06459, 2.07419, 2.08376, 2.09339, 2.10296, 2.11246, 2.12189, 2.13122, 2.14046, 2.14958, 2.15865, 2.16766]"
ARIMA,44769,220,1,10,1,19.393,,,,,,,,,,,,,0.76471,1.48321,1.79771,1.82448,1.87857,0.76471,1.39498,1.72071,1.75782,1.81424,46.71282,213.47978,2.40E+11,2.00E+11,1.60E+11,"[2.40176, 2.40176, 2.40176, 2.40176, 2.40176, 2.40176, 2.40176, 2.40176, 2.40176, 2.40176, 2.40176, 2.40176, 2.40176, 2.40176, 2.40176, 2.40176, 2.40176, 2.40176, 2.40176, 2.40176]",
RandomWalk,44769,220,1,10,1,1.151,,,,,,,,,,,,,0.76471,1.48321,1.79771,1.82448,1.87857,0.76471,1.39498,1.72071,1.75782,1.81424,46.71282,213.47978,2.40E+11,2.00E+11,1.60E+11,"[2.40176, 2.40176, 2.40176, 2.40176, 2.40176, 2.40176, 2.40176, 2.40176, 2.40176, 2.40176, 2.40176, 2.40176, 2.40176, 2.40176, 2.40176, 2.40176, 2.40176, 2.40176, 2.40176, 2.40176]",
LSTM,44769,220,1,10,1,58.601,,,,,,,,,,,,,3.36342,7.00009,8.51516,8.65126,8.69843,3.36342,6.7064,8.24341,8.41625,8.50764,205.45596,990.18785,1.05E+12,8.78E+11,7.02E+11,"[5.00047, 7.11495, 8.31887, 8.88381, 9.24778, 9.49953, 9.76494, 10.12297, 10.5335, 10.7578, 10.17952, 9.2981, 9.1008, 9.21824, 9.38631, 9.55019, 9.72909, 9.95353, 10.19153, 10.3245]",
Alg_c,44769,220,1,10,1,0,0.29002,0.29002,0.91463,0.66667,0,0.5271,0.86649,0.90253,0.65823,0,0.52025,0.85449,,,,,,,,,,,,,,,,,"[0.35449, 0.0, 0.0, 0.0, 0.33191, 0.18075, 0.04672, 0.0, 0.20111, 0.10435, 0.04914, 0.0, 0.15009, 0.42451, 0.0, 0.0, 0.0, 0.30063, 0.23507, 0.14655, 0.16017, 0.42454, 0.06987, 0.58606, 0.76233, 0.0, 0.36508, 0.11439, 0.67346, 0.48686, 0.28369, 0.84597, 0.0, 0.36203, 0.54678, 0.31449, 0.30972, 0.46684, 0.0, 0.14279, 0.0, 1.03455, 0.20075, 0.12675, 0.38702, 0.52777, 0.37907, 0.76656, 0.5153, 0.40998, 0.60583, 0.51916, 0.40701, 0.96341, 0.23049, 0.84656, 0.03469, 0.22775, 1.68399, 0.30728, 0.52891, 0.22563, 0.1368, 0.96633, 0.59242, 0.86833, 0.47407, 1.37875, 0.7275, 1.15021, 0.73288, 0.61819, 1.06216, 0.83999, 0.21142, 0.94003, 0.51581, 0.6999, 0.81461, 0.62558, 1.05068, 1.2795, 1.40793, 0.48631, 1.14379, 0.43914, 1.2513, 0.86014, 0.79328, 0.7921, 0.74169, 0.5867, 0.63592, 0.64919, 1.33952, 1.09441, 1.14465, 0.97004, 1.02954, 0.96274, 0.34797, 1.21302, 1.03892, 0.36414, 0.7011, 0.5206, 1.01933, 1.25405, 0.95544, 1.40929, 1.3027, 1.15289, 0.84946, 0.85728, 0.91622, 1.19931, 1.18131, 1.14065, 0.95339, 1.36619, 1.14662, 0.6319, 1.24256, 0.92211, 1.07953, 1.25781, 1.12703, 0.79698, 0.97842, 1.74533, 1.08222, 1.52416, 1.37053, 0.62292, 1.5121, 0.89595, 1.4423, 1.83363, 1.1161, 1.10149, 1.25313, 1.38241, 1.92897, 1.05295, 1.0963, 1.65559, 1.89709, 1.10981, 1.30262, 1.62536, 1.71901, 1.62347, 1.79889, 1.18411, 1.50537, 1.96397, 1.53575, 1.91858, 1.47274, 1.18417, 1.94972, 1.98786, 1.63262, 1.03314, 1.62449, 1.40498, 2.29502, 1.69835, 1.87606, 1.76001, 1.76992, 1.91996, 1.87595, 1.39401, 1.25395, 1.83875, 1.80846, 1.94389, 1.81233, 1.78041, 1.95722, 1.36688, 1.88868, 1.39022, 1.67462, 1.38411, 1.88415, 2.07278, 1.41165, 1.77747, 1.58853, 2.19882, 2.00874, 2.33099, 2.22787, 1.66071, 1.95431, 2.20848, 1.72343, 1.88019, 2.0387, 2.21759, 2.46448, 2.23983, 2.00227, 1.94817, 2.31472, 1.50662, 2.25511, 2.11207, 1.94381, 2.2395, 2.38323, 2.35436, 2.25122, 2.05074, 1.71297, 2.50348, 1.92459]"
UDE-NN,6871,220,1,10,1,158.661,0.08,0.25986,0.98006,0.91954,0,0.6332,0.96873,0.91176,0.72727,0,0.54635,0.86872,0.15441,0.1149,0.10521,0.11095,0.20653,0.15441,0.10602,0.09788,0.10389,0.14997,6.21848,11.37996,19.98734,20.87281,24.92165,"[2.32873, 1.70433, 1.06729, 0.5836, 0.43483, 0.40223, 0.39273, 0.39024, 0.39015, 0.39087, 0.39182, 0.39278, 0.39369, 0.3945, 0.39522, 0.39585, 0.39638, 0.39683, 0.39718, 0.39746]","[0.15893, 0.09337, 0.00948, 0.11524, 0.11707, 0.14265, 0.17379, 0.12507, 0.09936, 0.16174, 0.17799, 0.09037, 0.06389, 0.07042, 0.10341, 0.17336, 0.16057, 0.17778, 0.16455, 0.21279, 0.18651, 0.25152, 0.27864, 0.22051, 0.16293, 0.18362, 0.22908, 0.36622, 0.31656, 0.33082, 0.3481, 0.36614, 0.2833, 0.28581, 0.3185, 0.33547, 0.36219, 0.33285, 0.32814, 0.32775, 0.33055, 0.35231, 0.3235, 0.40338, 0.46227, 0.6134, 0.59689, 0.50141, 0.38403, 0.37573, 0.39403, 0.40643, 0.58272, 0.58931, 0.54254, 0.62711, 0.61337, 0.66056, 0.65966, 0.68099, 0.6835, 0.60116, 0.66921, 0.65454, 0.57846, 0.61907, 0.61298, 0.62127, 0.71709, 0.72114, 0.71358, 0.69985, 0.68438, 0.71238, 0.70038, 0.70849, 0.66487, 0.75403, 0.78866, 0.79877, 0.77008, 0.89023, 0.94722, 0.94689, 0.94258, 0.87791, 0.95301, 0.9415, 0.91076, 0.96707, 1.05718, 1.05443, 1.03744, 1.00597, 0.89849, 0.87157, 0.83859, 0.91114, 0.95668, 1.02713, 0.96945, 0.92391, 0.91132, 0.92871, 0.96973, 1.09704, 1.14559, 1.26743, 1.22274, 1.2985, 1.18748, 1.20725, 1.27276, 1.24273, 1.18098, 1.1945, 1.26843, 1.20034, 1.23975, 1.27181, 1.29975, 1.3342, 1.27466, 1.27395, 1.33333, 1.33806, 1.43271, 1.31505, 1.30732, 1.36298, 1.41064, 1.37707, 1.43988, 1.44763, 1.43726, 1.33611, 1.27829, 1.24977, 1.36786, 1.35376, 1.4328, 1.35063, 1.49932, 1.49257, 1.39405, 1.42857, 1.44555, 1.51366, 1.56977, 1.63498, 1.56159, 1.48107, 1.52461, 1.47338, 1.37831, 1.42777, 1.44183, 1.46492, 1.47757, 1.43148, 1.49502, 1.54641, 1.57511, 1.59234, 1.67158, 1.64385, 1.55558, 1.54428, 1.57434, 1.63246, 1.66215, 1.81383, 1.87036, 1.82341, 1.81771, 1.90376, 1.83735, 1.75733, 1.71345, 1.76212, 1.81442, 1.87116, 1.89517, 1.95154, 1.94532, 1.99993, 1.93196, 1.96086, 1.96044, 1.95323, 1.87866, 1.92533, 1.92305, 1.88706, 1.92668, 1.96873, 2.05666, 2.02886, 1.91985, 1.89565, 1.99448, 2.06558, 2.11236, 2.227, 2.15537, 2.07029, 2.01754, 1.94316, 2.08646, 2.21595, 2.13502, 2.14078, 2.1992, 2.16356, 2.2166, 2.13504, 2.06501, 2.15873, 2.28706, 2.29648]"
GP,6871,220,1,10,1,769.561,0.02085,0.25986,0.99435,0.97619,0,0.65685,0.99095,0.92364,0.75294,0,0.55886,0.88381,0.08572,0.15779,0.13512,0.13273,0.21169,0.08572,0.14026,0.12199,0.12127,0.16067,3.45206,13.36712,23.44572,23.23887,26.33671,"[2.39742, 1.84342, 1.26166, 0.7476, 0.49461, 0.43259, 0.41435, 0.40865, 0.40727, 0.40745, 0.40815, 0.40897, 0.40978, 0.41051, 0.41114, 0.41168, 0.41212, 0.41247, 0.41272, 0.41289]","[0.01726, 0.02732, 0.03738, 0.04743, 0.05749, 0.06755, 0.0776, 0.08766, 0.09772, 0.10777, 0.11783, 0.12789, 0.13794, 0.148, 0.15806, 0.16811, 0.17817, 0.18823, 0.19828, 0.20834, 0.2184, 0.22846, 0.23851, 0.24857, 0.25863, 0.26868, 0.27874, 0.2888, 0.29885, 0.30891, 0.31897, 0.32902, 0.33908, 0.34914, 0.35919, 0.36925, 0.37931, 0.38936, 0.39942, 0.40948, 0.41954, 0.42959, 0.43965, 0.44971, 0.45976, 0.46982, 0.47988, 0.48993, 0.49999, 0.51005, 0.5201, 0.53016, 0.54022, 0.55028, 0.56033, 0.57039, 0.58045, 0.5905, 0.60056, 0.61062, 0.62067, 0.63073, 0.64079, 0.65085, 0.6609, 0.67096, 0.68102, 0.69107, 0.70113, 0.71119, 0.72124, 0.7313, 0.74136, 0.75142, 0.76147, 0.77153, 0.78159, 0.79164, 0.8017, 0.81176, 0.82182, 0.83187, 0.84193, 0.85199, 0.86204, 0.8721, 0.88216, 0.89221, 0.90227, 0.91233, 0.92239, 0.93244, 0.9425, 0.95256, 0.96261, 0.97267, 0.98273, 0.99278, 1.00284, 1.0129, 1.02296, 1.03301, 1.04307, 1.05313, 1.06318, 1.07324, 1.0833, 1.09335, 1.10341, 1.11347, 1.12353, 1.13358, 1.14364, 1.1537, 1.16375, 1.17381, 1.18387, 1.19392, 1.20398, 1.21404, 1.22409, 1.23415, 1.24421, 1.25427, 1.26432, 1.27438, 1.28444, 1.29449, 1.30455, 1.31461, 1.32466, 1.33472, 1.34478, 1.35483, 1.36489, 1.37495, 1.385, 1.39506, 1.40512, 1.41517, 1.42523, 1.43529, 1.44534, 1.4554, 1.46546, 1.47551, 1.48557, 1.49563, 1.50568, 1.51574, 1.5258, 1.53585, 1.54591, 1.55597, 1.56603, 1.57608, 1.58614, 1.5962, 1.60625, 1.61631, 1.62637, 1.63642, 1.64648, 1.65654, 1.66659, 1.67665, 1.68671, 1.69676, 1.70682, 1.71688, 1.72693, 1.73699, 1.74705, 1.75711, 1.76716, 1.77722, 1.78728, 1.79733, 1.80739, 1.81745, 1.8275, 1.83756, 1.84762, 1.85767, 1.86773, 1.87779, 1.88784, 1.8979, 1.90796, 1.91801, 1.92807, 1.93813, 1.94819, 1.95824, 1.9683, 1.97836, 1.98841, 1.99847, 2.00853, 2.01858, 2.02864, 2.0387, 2.04875, 2.05881, 2.06887, 2.07892, 2.08898, 2.09904, 2.10909, 2.11915, 2.12921, 2.13926, 2.14932, 2.15938, 2.16943, 2.17949, 2.18955, 2.1996, 2.20966, 2.21972]"
ARIMA,6871,220,1,10,1,20.021,,,,,,,,,,,,,0.43517,1.78057,2.21643,2.24668,2.23771,0.43517,1.63534,2.10691,2.15444,2.16146,17.52516,200.46857,499.6085,492.2838,460.94983,"[2.91831, 2.91831, 2.91831, 2.91831, 2.91831, 2.91831, 2.91831, 2.91831, 2.91831, 2.91831, 2.91831, 2.91831, 2.91831, 2.91831, 2.91831, 2.91831, 2.91831, 2.91831, 2.91831, 2.91831]",
RandomWalk,6871,220,1,10,1,1.259,,,,,,,,,,,,,0.43517,1.78057,2.21643,2.24668,2.23771,0.43517,1.63534,2.10691,2.15444,2.16146,17.52516,200.46857,499.6085,492.2838,460.94983,"[2.91831, 2.91831, 2.91831, 2.91831, 2.91831, 2.91831, 2.91831, 2.91831, 2.91831, 2.91831, 2.91831, 2.91831, 2.91831, 2.91831, 2.91831, 2.91831, 2.91831, 2.91831, 2.91831, 2.91831]",
LSTM,6871,220,1,10,1,58.903,,,,,,,,,,,,,1.25272,3.99892,5.43805,5.74087,6.09274,1.25272,3.69618,5.1286,5.45083,5.8262,50.44896,452.68957,1239.78317,1257.41631,1226.54616,"[3.73586, 4.41355, 5.06513, 5.60849, 6.07279, 6.4178, 6.69754, 6.93234, 7.13589, 7.32072, 7.4989, 7.67745, 7.86045, 8.05205, 8.25675, 8.48032, 8.72806, 9.00246, 9.29936, 9.60437]",
Alg_c,6871,220,1,10,1,0,0.25986,0.25986,0.94737,0.71233,0,0.55323,0.90238,0.89606,0.56757,0,0.48787,0.82039,,,,,,,,,,,,,,,,,"[0.3135, 0.153, 0.0, 0.32145, 0.04296, 0.12031, 0.34948, 0.06496, 0.0, 0.25643, 0.40747, 0.0, 0.0, 0.01393, 0.02234, 0.34707, 0.08411, 0.2534, 0.0, 0.47186, 0.0, 0.36185, 0.48548, 0.20071, 0.0, 0.21887, 0.0, 0.86438, 0.0859, 0.3546, 0.31236, 0.61485, 0.07307, 0.24065, 0.36901, 0.29829, 0.48189, 0.28074, 0.32484, 0.32851, 0.27069, 0.49182, 0.07759, 0.51192, 0.18367, 0.98176, 0.67189, 0.5948, 0.05958, 0.37867, 0.52877, 0.0, 1.04277, 0.68429, 0.17009, 0.92431, 0.4267, 0.79114, 0.58215, 0.69838, 0.9157, 0.19692, 0.90057, 0.83965, 0.20522, 0.79003, 0.58246, 0.38556, 0.96323, 0.70139, 0.72164, 0.72118, 0.56993, 0.82338, 0.61387, 0.9031, 0.29189, 0.95536, 0.80383, 0.92728, 0.40608, 1.06147, 1.04746, 0.91245, 1.12408, 0.51605, 1.17853, 0.98528, 0.72932, 0.91009, 1.24962, 1.0517, 1.06209, 1.15307, 0.73991, 0.90011, 0.62331, 0.95661, 0.90968, 1.28927, 0.92321, 0.85371, 0.84506, 0.86881, 0.77107, 1.29206, 0.94989, 1.65552, 0.91986, 1.70788, 0.8831, 1.11265, 1.46653, 1.30607, 1.02289, 1.02853, 1.70009, 0.7849, 1.34451, 1.28095, 1.23265, 1.5785, 1.13946, 1.13469, 1.53008, 1.02971, 1.93653, 1.07885, 1.17813, 1.35716, 1.57789, 1.17495, 1.55566, 1.48388, 1.62965, 1.23203, 1.21914, 0.95749, 1.65338, 1.06695, 1.74177, 0.9362, 1.77979, 1.70221, 1.10368, 1.4957, 1.33845, 1.53928, 1.50489, 1.92956, 1.54527, 1.20249, 1.73765, 1.54948, 1.07905, 1.51091, 1.41388, 1.46572, 1.62206, 1.19049, 1.52577, 1.59285, 1.60094, 1.44216, 1.89496, 1.75649, 1.38721, 1.46321, 1.52312, 1.69817, 1.41795, 1.99803, 2.07387, 1.74398, 1.64369, 2.20376, 1.86128, 1.65518, 1.51136, 1.74722, 1.79628, 1.95668, 1.78105, 2.13054, 1.73363, 2.34306, 1.6264, 2.07949, 1.90971, 2.25256, 1.36465, 2.17882, 2.07446, 1.58268, 2.06004, 1.66357, 2.43311, 2.26289, 1.66736, 1.59527, 2.14529, 2.15706, 1.83921, 2.6674, 2.09017, 1.96205, 2.21924, 1.40292, 2.0977, 2.72596, 1.83877, 2.01077, 2.47211, 1.86358, 2.57762, 2.10973, 1.68212, 2.07008, 2.67144]"
UDE-NN,88243,220,1,10,1,160.716,0.11707,0.60881,0.99155,0.96203,0,0.65119,0.98597,0.9403,0.74419,0,0.56149,0.85666,0.39224,0.40757,0.47099,0.49042,0.45626,0.39224,0.36641,0.41064,0.41084,0.38392,100,99.99999,99.9999,99.99745,99.99703,"[0.0, 0.0, 0.0, 0.0, 0.0, 0.0, 0.0, 0.0, 0.0, 0.0, 0.0, 0.0, 1.0e-5, 1.0e-5, 2.0e-5, 3.0e-5, 6.0e-5, 0.0001, 0.00019, 0.00033]","[0.02508, 0.15538, 0.08809, 0.12104, 0.09511, 0.1504, 0.20737, 0.15098, 0.11664, 0.17478, 0.24279, 0.13473, -0.00294, -0.05793, 0.01916, 0.09952, 0.24414, 0.20854, 0.23703, 0.31943, 0.19134, 0.16034, 0.1633, 0.12102, 0.17327, 0.28534, 0.34777, 0.44261, 0.45286, 0.4116, 0.37131, 0.38095, 0.28989, 0.43053, 0.43242, 0.46731, 0.50716, 0.38271, 0.32476, 0.38312, 0.30996, 0.28736, 0.24842, 0.2373, 0.11682, 0.02031, 0.0479, 0.10416, 0.25013, 0.35992, 0.30278, 0.33178, 0.3183, 0.39005, 0.62376, 0.78601, 0.61606, 0.5397, 0.58718, 0.65978, 0.71128, 0.75503, 0.76523, 0.78663, 0.68492, 0.59863, 0.52745, 0.49229, 0.4673, 0.50115, 0.60265, 0.71635, 0.7618, 0.76044, 0.80242, 0.71853, 0.74502, 0.63469, 0.54636, 0.6599, 0.70717, 0.86333, 0.83921, 0.78479, 0.80737, 0.96505, 0.96915, 0.88098, 0.97494, 0.9811, 1.00198, 1.01626, 0.98871, 0.9481, 0.97541, 0.95014, 1.03516, 1.05921, 1.03247, 0.96151, 0.97198, 0.97676, 1.05085, 1.13698, 1.10782, 1.08039, 1.05897, 1.10605, 1.13355, 1.15859, 1.1343, 1.17452, 1.15919, 1.13015, 1.18108, 1.15735, 1.1212, 1.19991, 1.12382, 1.18069, 1.20857, 1.23537, 1.29459, 1.2726, 1.09135, 1.06916, 1.13737, 1.12756, 1.22017, 1.2268, 1.34306, 1.41949, 1.32424, 1.39552, 1.42963, 1.48108, 1.4296, 1.41631, 1.48152, 1.44679, 1.40015, 1.31352, 1.27896, 1.34197, 1.23059, 1.295, 1.31613, 1.35631, 1.50244, 1.58442, 1.65348, 1.65014, 1.66229, 1.62069, 1.61021, 1.5508, 1.54246, 1.66461, 1.70974, 1.73651, 1.69265, 1.67069, 1.6916, 1.6906, 1.69231, 1.63916, 1.68929, 1.63186, 1.65698, 1.68563, 1.60221, 1.50481, 1.49644, 1.53122, 1.64231, 1.65459, 1.574, 1.50979, 1.51216, 1.62361, 1.72954, 1.80662, 1.84636, 1.79751, 1.78771, 1.8249, 1.88072, 1.93654, 1.90752, 1.86555, 1.83387, 1.9202, 2.09374, 2.12027, 2.10547, 2.09818, 2.13277, 2.15477, 2.16408, 2.17676, 2.17369, 2.17021, 2.16372, 2.15722, 2.14576, 2.13672, 2.13044, 2.12628, 2.12069, 2.11571, 2.11715, 2.13077, 2.13951, 2.15066, 2.1607, 2.17078, 2.18164, 2.20219, 2.2276, 2.23778]"
GP,88243,220,1,10,1,780.439,0.31337,0.60881,0.92105,0.42308,0,0.44804,0.82653,0.85424,0.37288,0,0.40904,0.6974,0.39224,0.40757,0.47099,0.49042,0.45626,0.39224,0.36641,0.41064,0.41084,0.38392,100,99.99999,99.9999,99.99745,99.99703,"[0.0, 0.0, 0.0, 0.0, 0.0, 0.0, 0.0, 0.0, 0.0, 0.0, 0.0, 0.0, 1.0e-5, 1.0e-5, 2.0e-5, 3.0e-5, 6.0e-5, 0.0001, 0.00019, 0.00033]","[-0.04107, -0.02902, -0.01678, -0.00529, 0.00755, 0.02062, 0.03379, 0.04686, 0.05995, 0.07288, 0.08595, 0.09908, 0.11206, 0.12484, 0.13728, 0.14904, 0.16165, 0.17375, 0.18666, 0.19912, 0.21076, 0.22257, 0.23384, 0.24191, 0.25146, 0.26204, 0.269, 0.27984, 0.28922, 0.30205, 0.31522, 0.32734, 0.34026, 0.35342, 0.36654, 0.37969, 0.3928, 0.4057, 0.41887, 0.43169, 0.44476, 0.45595, 0.46468, 0.47441, 0.47646, 0.48216, 0.479, 0.4873, 0.49292, 0.4971, 0.50595, 0.50968, 0.51647, 0.52523, 0.53425, 0.54502, 0.55743, 0.57049, 0.58349, 0.59601, 0.60895, 0.62204, 0.63498, 0.64809, 0.66126, 0.67388, 0.68631, 0.69909, 0.71226, 0.72511, 0.73828, 0.75106, 0.76373, 0.77621, 0.78854, 0.80091, 0.81301, 0.82553, 0.83822, 0.85086, 0.86396, 0.87683, 0.88978, 0.90184, 0.91389, 0.9267, 0.93739, 0.9479, 0.95793, 0.96878, 0.97951, 0.99061, 1.00226, 1.01392, 1.02487, 1.03256, 1.03907, 1.04339, 1.04679, 1.05119, 1.05627, 1.06243, 1.06667, 1.07074, 1.07471, 1.07371, 1.06867, 1.06517, 1.06419, 1.06492, 1.06777, 1.07014, 1.07381, 1.07962, 1.08844, 1.10033, 1.11229, 1.1246, 1.13687, 1.14802, 1.16032, 1.17275, 1.18523, 1.1971, 1.20882, 1.21991, 1.23031, 1.23633, 1.23838, 1.24069, 1.24576, 1.25397, 1.26168, 1.27046, 1.28062, 1.2909, 1.30107, 1.31044, 1.32026, 1.3292, 1.33885, 1.35087, 1.3632, 1.37604, 1.3892, 1.4023, 1.41522, 1.42838, 1.44069, 1.45386, 1.46701, 1.47988, 1.4929, 1.50583, 1.51843, 1.52876, 1.5365, 1.54452, 1.55238, 1.56043, 1.56596, 1.57369, 1.58241, 1.59184, 1.60157, 1.61127, 1.62144, 1.63184, 1.64249, 1.65302, 1.66342, 1.67489, 1.68574, 1.69737, 1.70657, 1.71602, 1.72748, 1.73974, 1.75277, 1.7657, 1.77767, 1.78599, 1.79196, 1.80044, 1.8095, 1.8189, 1.82935, 1.83595, 1.84251, 1.84526, 1.84147, 1.83532, 1.82753, 1.81491, 1.79206, 1.75937, 1.71927, 1.67765, 1.63452, 1.59061, 1.54712, 1.50249, 1.45814, 1.41355, 1.36937, 1.32481, 1.28124, 1.23777, 1.19418, 1.15021, 1.10652, 1.06355, 1.02082, 0.97736, 0.93405, 0.89056, 0.84699, 0.8036, 0.76099, 0.7179]"
ARIMA,88243,220,1,10,1,20.461,,,,,,,,,,,,,0.32297,0.45257,0.52803,0.54721,0.5147,0.32297,0.41361,0.4724,0.47503,0.45054,82.33803,117.64474,121.3554,216.23032,198.70303,"[0.06928, -0.07632, -0.07632, -0.07632, -0.07632, -0.07632, -0.07632, -0.07632, -0.07632, -0.07632, -0.07632, -0.07632, -0.07632, -0.07632, -0.07632, -0.07632, -0.07632, -0.07632, -0.07632, -0.07632]",
RandomWalk,88243,220,1,10,1,1.26,,,,,,,,,,,,,0.39224,0.40757,0.47099,0.49042,0.45626,0.39224,0.36641,0.41064,0.41084,0.38392,100,100,100,100,100,"[0.0, 0.0, 0.0, 0.0, 0.0, 0.0, 0.0, 0.0, 0.0, 0.0, 0.0, 0.0, 0.0, 0.0, 0.0, 0.0, 0.0, 0.0, 0.0, 0.0]",
LSTM,88243,220,1,10,1,52.026,,,,,,,,,,,,,4.74603,8.50727,10.06186,10.35807,10.72015,4.74603,8.27439,9.83448,10.14901,10.53115,1209.96621,2726.24701,3278.33794,18315.79072,15557.85515,"[5.13827, 7.92751, 9.21632, 10.12113, 10.80075, 11.36411, 11.79112, 11.99681, 12.05892, 12.03624, 12.09514, 12.1719, 12.25939, 12.33543, 12.41306, 12.48245, 12.56502, 12.65228, 12.75787, 12.87066]",
Alg_c,88243,220,1,10,1,0,0.60881,0.60881,0.93976,0.5,0,0.47992,0.86647,0.90272,0.52308,0.33333,0.58638,0.79361,,,,,,,,,,,,,,,,,"[0.0, 0.57044, 0.0, 0.23406, 0.0, 0.1593, 0.43458, 0.13027, 0.0, 0.17323, 0.60656, 0.20442, 0.0, 0.0, 0.0, 0.02996, 0.59754, 0.09381, 0.17856, 0.72081, 0.03724, 0.08885, 0.20244, 0.0, 0.04965, 0.35682, 0.35518, 0.62888, 0.55108, 0.42835, 0.266, 0.56524, 0.0, 0.66319, 0.37788, 0.44448, 0.84097, 0.21712, 0.06527, 0.63206, 0.24776, 0.2913, 0.2817, 0.49309, 0.0, 0.0, 0.0, 0.0, 0.33215, 0.66422, 0.23077, 0.33726, 0.05772, 0.0, 0.7978, 1.48647, 0.44272, 0.26553, 0.50166, 0.69894, 0.73589, 0.82384, 0.7415, 1.03452, 0.67105, 0.55201, 0.44482, 0.46546, 0.33442, 0.34865, 0.57545, 0.85383, 0.85714, 0.6632, 1.07217, 0.46928, 1.02946, 0.59722, 0.14343, 0.76662, 0.50161, 1.2183, 0.89265, 0.60161, 0.48953, 1.28915, 1.17456, 0.45829, 1.18762, 0.93028, 1.01278, 1.10033, 1.01332, 0.79436, 1.13431, 0.67582, 1.18792, 1.126, 1.14539, 0.75597, 1.03625, 0.82422, 1.01701, 1.39182, 1.05296, 1.11622, 0.86931, 1.1982, 1.10316, 1.30704, 0.92169, 1.33494, 1.19789, 0.93168, 1.34428, 1.18044, 0.8776, 1.55322, 0.79827, 1.25296, 1.20934, 1.15725, 1.44405, 1.61131, 0.74061, 0.86604, 1.37792, 0.79415, 1.55178, 0.90646, 1.38823, 1.84898, 0.87909, 1.52112, 1.35734, 1.71545, 1.33073, 1.22291, 1.72305, 1.42105, 1.48944, 1.2129, 1.10423, 1.70249, 0.86079, 1.34882, 1.24022, 1.1241, 1.63324, 1.61105, 1.80141, 1.61303, 1.77233, 1.54972, 1.73647, 1.46477, 1.24509, 1.87864, 1.68529, 1.90427, 1.62797, 1.57685, 1.75507, 1.65855, 1.84248, 1.36984, 1.96924, 1.43012, 1.63152, 1.92641, 1.63477, 1.31479, 1.43623, 1.33936, 1.86789, 1.82771, 1.5185, 1.36952, 1.28666, 1.62408, 1.76862, 1.84229, 2.04182, 1.69687, 1.70172, 1.79364, 1.85898, 2.11651, 1.90872, 1.92122, 1.5829, 1.66133, 2.52219, 2.12515, 2.04622, 0.85668, 2.41935, 4.7854, 0.0, 4.22941, NaN, 4.98111, 0.0, 5.6688, NaN, 1.82985, 1.53549, 2.80847, 2.26474, 0.0, 0.72138, 2.67928, 0.0, 2.57551, 2.20405, 2.84038, 0.0, 1.69622, 4.37649]"
UDE-NN,79876,220,1,10,1,167.301,0.05984,0.4171,0.98864,0.95122,0,0.64662,0.98157,0.91406,0.78846,0,0.56751,0.8701,0.07683,0.18225,0.15848,0.14975,0.14358,0.07683,0.15333,0.13062,0.12085,0.11908,20.60714,171.25342,108.85179,93.09168,80.89997,"[0.29599, 0.33679, 0.35896, 0.3697, 0.37496, 0.37785, 0.37973, 0.38114, 0.38231, 0.38331, 0.38419, 0.38495, 0.3856, 0.38616, 0.38662, 0.38699, 0.38728, 0.38748, 0.3876, 0.38764]","[-0.02271, 0.02821, -0.0017, -0.019, 0.08558, 0.07503, 0.11044, 0.13157, 0.04618, 0.0838, 0.10296, 0.15278, 0.14554, 0.19199, 0.18002, 0.08105, 0.14708, 0.20272, 0.13777, 0.2209, 0.25239, 0.28586, 0.2203, 0.24766, 0.23222, 0.22411, 0.25148, 0.2188, 0.22073, 0.16657, 0.16497, 0.22938, 0.23922, 0.28307, 0.33952, 0.42905, 0.40795, 0.4055, 0.40962, 0.35953, 0.36393, 0.39503, 0.44026, 0.46098, 0.5202, 0.56127, 0.53004, 0.50205, 0.5356, 0.53198, 0.55469, 0.57685, 0.45308, 0.44613, 0.43042, 0.53869, 0.56327, 0.59151, 0.60256, 0.54856, 0.60264, 0.65289, 0.61472, 0.62422, 0.72693, 0.72341, 0.70273, 0.68358, 0.63582, 0.59779, 0.59031, 0.66805, 0.74177, 0.75622, 0.72591, 0.75715, 0.83588, 0.83589, 0.81704, 0.78223, 0.74005, 0.75013, 0.77734, 0.86448, 0.87032, 0.87841, 0.90535, 0.94475, 0.86416, 0.83965, 0.86693, 0.93507, 0.95852, 0.91354, 0.89949, 0.98057, 1.05138, 1.08759, 1.06476, 1.03044, 1.01592, 1.03604, 0.98271, 0.95365, 0.98825, 1.00364, 1.02654, 1.04808, 1.05656, 1.12085, 1.10227, 1.05228, 1.08627, 1.06054, 1.12426, 1.11311, 1.12978, 1.12498, 1.21459, 1.18945, 1.23465, 1.30483, 1.29343, 1.303, 1.24977, 1.32995, 1.34796, 1.32388, 1.30051, 1.25449, 1.31051, 1.3232, 1.30638, 1.29042, 1.34546, 1.37595, 1.37307, 1.47118, 1.46196, 1.393, 1.37975, 1.36628, 1.37603, 1.43261, 1.43209, 1.36449, 1.48951, 1.54999, 1.52533, 1.54922, 1.63091, 1.60224, 1.60169, 1.60154, 1.49863, 1.53132, 1.57897, 1.56621, 1.59705, 1.66964, 1.65777, 1.67421, 1.63786, 1.65353, 1.6366, 1.62269, 1.68365, 1.69303, 1.69683, 1.68717, 1.66882, 1.75645, 1.75062, 1.70598, 1.76072, 1.76794, 1.77649, 1.85705, 1.8798, 1.88, 1.8161, 1.79371, 1.80359, 1.80196, 1.77428, 1.81715, 1.95445, 1.97819, 1.90489, 1.90759, 1.83493, 1.8916, 1.96173, 1.95164, 1.94811, 1.96114, 1.94017, 1.94369, 1.97175, 1.99796, 1.98722, 2.08973, 2.12327, 2.12386, 2.14209, 2.15993, 2.19178, 2.20337, 2.22229, 2.23644, 2.23733, 2.24332, 2.2493, 2.25137, 2.25492, 2.2702, 2.28373, 2.30603, 2.32387, 2.3345]"
GP,79876,220,1,10,1,758.908,0.09248,0.4171,0.97802,0.89189,0,0.6233,0.9619,0.88636,0.6875,0,0.52462,0.81676,0.05221,0.23676,0.23151,0.21956,0.21933,0.05221,0.18385,0.18205,0.17252,0.17466,14.00313,229.43414,156.28307,135.48753,120.59239,"[0.32061, 0.39473, 0.44855, 0.48383, 0.50674, 0.52246, 0.53421, 0.54381, 0.55225, 0.56004, 0.56745, 0.57462, 0.58165, 0.58856, 0.59539, 0.60214, 0.60882, 0.61544, 0.62199, 0.62849]","[0.0285, 0.03892, 0.04939, 0.06019, 0.07079, 0.08139, 0.09205, 0.10164, 0.11075, 0.11935, 0.12935, 0.14042, 0.15169, 0.16295, 0.1742, 0.18544, 0.19659, 0.20783, 0.21901, 0.2302, 0.24019, 0.2497, 0.25942, 0.26911, 0.27846, 0.28879, 0.29972, 0.30979, 0.32009, 0.33037, 0.34017, 0.35094, 0.36144, 0.37267, 0.38393, 0.39495, 0.40619, 0.41739, 0.42838, 0.43956, 0.45074, 0.46194, 0.47298, 0.4842, 0.49538, 0.50649, 0.517, 0.52705, 0.53791, 0.54909, 0.56035, 0.57162, 0.58289, 0.59411, 0.60533, 0.61649, 0.62759, 0.63885, 0.65012, 0.66139, 0.67253, 0.68339, 0.69429, 0.70551, 0.71678, 0.72806, 0.73929, 0.75056, 0.76146, 0.77161, 0.78158, 0.79131, 0.80114, 0.81068, 0.81956, 0.82724, 0.83405, 0.83999, 0.8449, 0.84845, 0.85156, 0.85444, 0.85803, 0.86248, 0.86755, 0.87269, 0.87665, 0.88049, 0.88365, 0.88615, 0.88853, 0.89118, 0.89405, 0.89685, 0.89915, 0.90197, 0.90605, 0.91136, 0.91724, 0.92412, 0.93143, 0.93958, 0.94934, 0.95957, 0.97034, 0.98141, 0.99251, 1.00361, 1.01471, 1.02522, 1.03482, 1.04371, 1.05289, 1.06222, 1.07234, 1.08295, 1.09336, 1.10382, 1.11474, 1.12577, 1.13698, 1.14806, 1.1587, 1.16934, 1.17968, 1.18978, 1.19932, 1.20801, 1.21558, 1.22299, 1.22965, 1.23621, 1.24215, 1.24784, 1.25385, 1.26033, 1.26735, 1.27501, 1.28337, 1.29204, 1.30107, 1.31065, 1.32113, 1.33205, 1.34269, 1.35344, 1.36464, 1.37586, 1.387, 1.39802, 1.40928, 1.42055, 1.43177, 1.44282, 1.45357, 1.46419, 1.47471, 1.48586, 1.49709, 1.50798, 1.51858, 1.52965, 1.54091, 1.55213, 1.56315, 1.5742, 1.5854, 1.59662, 1.60789, 1.61913, 1.63005, 1.64104, 1.65196, 1.66276, 1.67388, 1.68472, 1.69319, 1.70159, 1.71089, 1.72094, 1.73154, 1.74157, 1.75143, 1.76142, 1.77178, 1.78224, 1.79307, 1.80381, 1.81506, 1.8258, 1.83591, 1.84548, 1.85505, 1.86406, 1.87234, 1.88011, 1.88697, 1.89301, 1.89837, 1.90264, 1.90555, 1.90711, 1.90753, 1.90604, 1.90358, 1.90149, 1.89922, 1.89708, 1.89447, 1.89217, 1.88979, 1.88717, 1.88479, 1.8823, 1.8798, 1.8774, 1.87537, 1.87309, 1.87095, 1.86862]"
ARIMA,79876,220,1,10,1,19.806,,,,,,,,,,,,,0.16775,0.20469,0.20804,0.21798,0.22254,0.16775,0.18421,0.18549,0.19659,0.19953,44.99506,104.70903,76.06747,72.61557,67.50633,"[0.20507, 0.19693, 0.1948, 0.19424, 0.1941, 0.19406, 0.19405, 0.19405, 0.19405, 0.19405, 0.19405, 0.19405, 0.19405, 0.19405, 0.19405, 0.19405, 0.19405, 0.19405, 0.19405, 0.19405]",
RandomWalk,79876,220,1,10,1,1.198,,,,,,,,,,,,,0.13661,0.18482,0.18222,0.18939,0.19235,0.13661,0.16182,0.16164,0.16969,0.16957,36.64134,115.21862,79.95647,74.23947,66.50498,"[0.23621, 0.23621, 0.23621, 0.23621, 0.23621, 0.23621, 0.23621, 0.23621, 0.23621, 0.23621, 0.23621, 0.23621, 0.23621, 0.23621, 0.23621, 0.23621, 0.23621, 0.23621, 0.23621, 0.23621]",
LSTM,79876,220,1,10,1,69.544,,,,,,,,,,,,,0.10325,0.18676,0.16998,0.15831,0.15447,0.10325,0.16403,0.14531,0.13376,0.12662,27.69466,168.83508,112.60749,96.82234,84.58783,"[0.26957, 0.313, 0.34181, 0.35774, 0.37306, 0.38902, 0.40563, 0.41998, 0.43218, 0.44301, 0.45279, 0.46158, 0.46937, 0.47625, 0.48234, 0.48775, 0.49254, 0.49678, 0.50054, 0.50386]",
Alg_c,79876,220,1,10,1,0,0.4171,0.4171,0.94152,0.63768,0,0.5264,0.88893,0.85827,0.54945,0,0.46924,0.75592,,,,,,,,,,,,,,,,,"[0.0, 0.19225, 0.0, 0.0, 0.32869, 0.0, 0.14668, 0.3092, 0.0, 0.09571, 0.03007, 0.29169, 0.00777, 0.2982, 0.42194, 0.0, 0.17862, 0.50709, 0.0, 0.32426, 0.25944, 0.48313, 0.04358, 0.31589, 0.22904, 0.15486, 0.37162, 0.14528, 0.32641, 0.07467, 0.04194, 0.33566, 0.16449, 0.27611, 0.22315, 0.69496, 0.33838, 0.38328, 0.53281, 0.24325, 0.3212, 0.36235, 0.503, 0.36966, 0.56118, 0.70726, 0.53223, 0.37106, 0.62687, 0.4673, 0.53078, 0.93581, 0.1178, 0.51276, 0.16776, 0.71334, 0.52328, 0.60341, 0.76584, 0.30392, 0.61739, 0.84204, 0.52044, 0.4099, 0.97049, 0.72195, 0.68775, 0.75111, 0.61392, 0.57905, 0.39804, 0.69002, 0.85752, 0.87373, 0.56896, 0.60549, 1.08978, 0.80742, 0.84625, 0.87134, 0.51392, 0.83151, 0.48194, 1.2118, 0.81143, 0.82472, 0.72788, 1.51348, 0.51165, 0.74677, 0.69711, 1.0917, 1.23818, 0.81044, 0.46079, 1.12962, 1.09048, 1.24677, 1.06041, 0.99283, 0.86923, 1.27347, 0.90516, 0.80531, 1.06298, 0.97777, 1.02887, 1.099, 0.87489, 1.3329, 1.18451, 0.7536, 1.38631, 0.74708, 1.36254, 0.98532, 1.252, 0.82761, 1.56432, 1.0, 1.15705, 1.52771, 1.16283, 1.54332, 0.85155, 1.53672, 1.41609, 1.26293, 1.46795, 0.8641, 1.51098, 1.37675, 1.35126, 1.01238, 1.47421, 1.56437, 0.91352, 1.83021, 1.58856, 1.17775, 1.44732, 1.32795, 1.24364, 1.55398, 1.67739, 0.83539, 1.66825, 1.72083, 1.42548, 1.39781, 1.90631, 1.4925, 1.55237, 1.93058, 1.11856, 1.56463, 1.74405, 1.47073, 1.45736, 1.9416, 1.50388, 1.83676, 1.49038, 1.7374, 1.64669, 1.44632, 1.81348, 1.68266, 1.71919, 1.75612, 1.36258, 2.0096, 1.86679, 1.37327, 1.92272, 1.75625, 1.63021, 1.9694, 1.90294, 2.01564, 1.72418, 1.73002, 1.82444, 1.86183, 1.64952, 1.62921, 2.15936, 2.19162, 1.61947, 2.25385, 1.42915, 1.88441, 2.20069, 1.87343, 1.86953, 2.11604, 1.84416, 1.88452, 1.95697, 2.32275, 1.24458, 2.58226, 2.91124, 0.0, 2.39347, 0.87351, 3.14813, 0.0, 2.44961, 3.6315, 0.0, 2.21411, 2.98043, 2.25026, 0.0, 2.49511, 0.76271, 2.53548, 3.47676]"
UDE-NN,60590,220,1,10,1,164.863,0.05744,1.29191,0.9916,0.96296,0,0.65152,0.98624,0.75,0.23853,0,0.32951,0.44144,0.0335,0.07569,0.12671,0.1266,0.18039,0.0335,0.05373,0.09804,0.10035,0.14095,13.95785,29.06964,31.82799,30.25142,33.04206,"[0.27353, 0.29733, 0.31339, 0.32435, 0.33233, 0.33864, 0.344, 0.3488, 0.35322, 0.35735, 0.36125, 0.36492, 0.3684, 0.37168, 0.37478, 0.3777, 0.38045, 0.38303, 0.38545, 0.38772]","[0.07186, 0.06152, 0.06486, 0.07158, 0.10093, 0.1186, 0.1648, 0.1508, 0.17696, 0.21251, 0.22928, 0.23818, 0.13066, 0.13773, 0.16704, 0.1462, 0.10959, 0.15747, 0.16706, 0.15282, 0.15875, 0.20889, 0.235, 0.26801, 0.24821, 0.27601, 0.3343, 0.36116, 0.35117, 0.31488, 0.28856, 0.31768, 0.31025, 0.27996, 0.29392, 0.37832, 0.43292, 0.43011, 0.40159, 0.40835, 0.37205, 0.43168, 0.40409, 0.38375, 0.38856, 0.41908, 0.51836, 0.4621, 0.49774, 0.5155, 0.52135, 0.47618, 0.54278, 0.52428, 0.52718, 0.58616, 0.59084, 0.58596, 0.60363, 0.65117, 0.66358, 0.70706, 0.71667, 0.67937, 0.67307, 0.69919, 0.68758, 0.65927, 0.70564, 0.73582, 0.76025, 0.73478, 0.75778, 0.72902, 0.73206, 0.70408, 0.72821, 0.78036, 0.83704, 0.846, 0.80867, 0.77763, 0.8107, 0.82094, 0.80542, 0.82983, 0.86222, 0.88954, 0.91201, 0.92107, 0.95277, 0.97396, 0.93549, 0.9076, 0.89322, 0.9211, 0.96459, 0.95331, 1.00684, 0.98887, 1.01841, 0.96174, 0.96342, 0.95618, 1.04498, 1.08824, 1.12498, 1.13809, 1.10923, 1.09867, 1.12214, 1.1743, 1.19646, 1.1825, 1.14464, 1.10324, 1.06633, 1.13764, 1.15928, 1.1964, 1.18084, 1.19664, 1.23547, 1.20468, 1.27288, 1.23938, 1.26329, 1.35491, 1.30697, 1.31895, 1.37691, 1.45938, 1.46904, 1.42799, 1.4213, 1.44932, 1.45052, 1.48305, 1.41372, 1.42349, 1.40947, 1.40503, 1.47752, 1.52449, 1.49876, 1.48777, 1.47543, 1.4167, 1.44757, 1.52478, 1.53526, 1.56136, 1.57687, 1.58793, 1.56737, 1.57186, 1.58771, 1.59596, 1.57246, 1.60956, 1.63385, 1.65619, 1.67857, 1.70867, 1.71207, 1.63611, 1.65549, 1.70805, 1.79537, 1.76417, 1.73328, 1.70913, 1.73147, 1.78054, 1.77484, 1.77241, 1.76871, 1.77017, 1.77083, 1.77888, 1.7922, 1.81884, 1.85276, 1.89077, 1.91972, 1.94292, 1.96651, 1.99499, 2.03379, 2.04062, 2.04509, 2.05869, 2.06437, 2.06959, 2.07207, 2.07464, 2.07639, 2.07527, 2.06892, 2.0613, 2.04969, 2.03773, 2.03258, 2.0508, 2.06751, 2.08592, 2.10117, 2.11446, 2.11459, 2.11436, 2.10733, 2.10098, 2.09284, 2.08834, 2.08613, 2.0784, 2.07422, 2.08702, 2.10081, 2.11014]"
GP,60590,220,1,10,1,767.546,0.38368,1.29191,0.89567,0,0,0.29856,0.72645,0.63636,0,0,0.21212,0.29697,0.10474,0.41102,1.2487,1.90633,2.89397,0.10474,0.36972,0.98974,1.44604,2.19803,43.63874,138.15484,272.05149,358.10758,444.15794,"[0.34477, 0.47499, 0.62779, 0.80236, 1.00434, 1.24668, 1.54909, 1.93679, 2.43615, 3.06335, 3.80502, 4.59993, 5.34518, 5.94268, 6.35508, 6.6122, 6.7695, 6.87233, 6.94768, 7.0092]","[-0.03633, -0.02313, -0.00971, 0.00387, 0.01953, 0.03492, 0.05069, 0.06643, 0.08189, 0.09773, 0.11347, 0.12928, 0.1452, 0.16105, 0.1769, 0.19175, 0.20443, 0.21582, 0.22532, 0.2343, 0.24394, 0.2522, 0.26094, 0.27009, 0.28043, 0.28802, 0.29476, 0.30106, 0.30588, 0.31028, 0.31636, 0.32395, 0.33372, 0.34416, 0.35464, 0.36678, 0.38073, 0.39639, 0.41211, 0.42767, 0.44326, 0.45879, 0.47443, 0.48979, 0.50569, 0.52112, 0.53667, 0.5525, 0.56807, 0.58319, 0.59792, 0.61328, 0.62757, 0.64167, 0.65532, 0.67001, 0.68503, 0.69964, 0.71521, 0.73108, 0.74657, 0.76208, 0.7771, 0.79212, 0.80766, 0.82284, 0.83773, 0.8513, 0.86505, 0.87972, 0.89141, 0.90078, 0.90835, 0.91291, 0.91472, 0.9161, 0.91651, 0.91623, 0.91608, 0.91524, 0.91389, 0.91316, 0.91236, 0.91212, 0.91278, 0.91239, 0.911, 0.90904, 0.90541, 0.89843, 0.89066, 0.88234, 0.87453, 0.86691, 0.861, 0.85798, 0.85915, 0.86528, 0.87268, 0.88165, 0.88886, 0.89616, 0.90448, 0.91429, 0.92415, 0.93431, 0.94312, 0.95028, 0.95645, 0.96081, 0.96564, 0.97056, 0.97621, 0.98294, 0.99183, 1.00448, 1.01866, 1.03406, 1.04978, 1.06567, 1.08153, 1.0967, 1.11125, 1.12464, 1.138, 1.15323, 1.16904, 1.18474, 1.19929, 1.21376, 1.22746, 1.2389, 1.24885, 1.25856, 1.26946, 1.27862, 1.28571, 1.29421, 1.30232, 1.31223, 1.3225, 1.33116, 1.34025, 1.35325, 1.36668, 1.38022, 1.39437, 1.40987, 1.42569, 1.44136, 1.45699, 1.47123, 1.48246, 1.49464, 1.50894, 1.52298, 1.53527, 1.54811, 1.5616, 1.57535, 1.58974, 1.60456, 1.6198, 1.63493, 1.65009, 1.6644, 1.67788, 1.69194, 1.7046, 1.71567, 1.72228, 1.72422, 1.72263, 1.71634, 1.70465, 1.68769, 1.66834, 1.64845, 1.62893, 1.60956, 1.59078, 1.57133, 1.5519, 1.5322, 1.51191, 1.49083, 1.46936, 1.44823, 1.42776, 1.40797, 1.38672, 1.3654, 1.34569, 1.32529, 1.3046, 1.28364, 1.26269, 1.24167, 1.22065, 1.19952, 1.17892, 1.15881, 1.13947, 1.12074, 1.10267, 1.08359, 1.06429, 1.04461, 1.02454, 1.00374, 0.9831, 0.96231, 0.9419, 0.92173, 0.90199, 0.88227, 0.8624, 0.84288, 0.82399, 0.80474]"
ARIMA,60590,220,1,10,1,19.805,,,,,,,,,,,,,0.03686,0.16254,0.28212,0.30306,0.37996,0.03686,0.13614,0.23574,0.26088,0.32675,15.35551,43.12131,58.07286,61.90419,66.98285,"[0.20317, 0.1747, 0.15285, 0.13608, 0.12321, 0.11333, 0.10575, 0.09993, 0.09546, 0.09204, 0.0894, 0.08739, 0.08584, 0.08465, 0.08373, 0.08303, 0.0825, 0.08208, 0.08177, 0.08152]",
RandomWalk,60590,220,1,10,1,1.224,,,,,,,,,,,,,0.00024,0.09317,0.18248,0.19372,0.26279,0.00024,0.0802,0.1446,0.15962,0.21464,0.09814,31.16299,37.00372,38.93594,43.93879,"[0.24026, 0.24026, 0.24026, 0.24026, 0.24026, 0.24026, 0.24026, 0.24026, 0.24026, 0.24026, 0.24026, 0.24026, 0.24026, 0.24026, 0.24026, 0.24026, 0.24026, 0.24026, 0.24026, 0.24026]",
LSTM,60590,220,1,10,1,57.106,,,,,,,,,,,,,0.9538,2.18526,3.04567,3.29266,3.62115,0.9538,2.07005,2.88603,3.12512,3.44072,397.37473,771.99922,873.76096,882.01916,847.56702,"[1.19382, 1.85769, 2.44358, 2.92801, 3.33277, 3.67749, 3.95771, 4.17935, 4.35711, 4.5216, 4.69605, 4.89504, 5.12294, 5.37444, 5.63687, 5.89067, 6.11342, 6.28396, 6.38732, 6.4174]",
Alg_c,60590,220,1,10,1,0,1.29191,1.29191,0.95531,0.44,0,0.4651,0.87188,0.73362,0.14634,0.45714,0.4457,0.47282,,,,,,,,,,,,,,,,,"[0.11204, 0.03298, 0.06083, 0.02372, 0.1327, 0.04157, 0.30285, 0.06421, 0.16306, 0.25233, 0.21516, 0.51556, 0.0, 0.09421, 0.27387, 0.19711, 0.0, 0.2857, 0.21438, 0.12005, 0.03992, 0.30618, 0.17399, 0.42746, 0.11086, 0.20573, 0.40962, 0.41712, 0.40648, 0.30928, 0.11293, 0.43691, 0.37662, 0.19421, 0.1231, 0.47942, 0.54026, 0.48001, 0.29794, 0.55214, 0.11379, 0.65606, 0.3456, 0.33542, 0.34781, 0.26125, 0.87698, 0.20307, 0.56557, 0.51832, 0.67859, 0.15501, 0.8038, 0.44603, 0.38512, 0.72511, 0.5922, 0.53754, 0.53111, 0.75289, 0.56725, 0.77379, 0.82086, 0.60691, 0.59879, 0.78548, 0.75193, 0.45995, 0.75943, 0.70872, 0.91642, 0.53549, 0.97272, 0.54209, 0.91823, 0.52725, 0.69237, 0.73958, 0.95605, 0.97348, 0.80698, 0.51596, 0.9474, 0.92732, 0.64634, 0.84133, 0.88462, 0.88191, 1.00864, 0.75761, 0.94085, 1.30588, 0.7747, 0.93192, 0.73508, 0.86324, 1.21671, 0.64642, 1.28968, 0.69939, 1.38255, 0.69725, 1.10869, 0.65259, 1.22717, 1.05116, 1.15119, 1.26145, 1.03806, 1.0391, 1.03132, 1.26411, 1.25489, 1.21932, 1.13756, 1.14688, 0.7878, 1.31254, 1.08807, 1.33052, 1.09523, 1.11197, 1.50793, 0.80638, 1.62143, 1.0689, 1.10375, 1.67787, 1.15478, 1.23966, 1.32984, 1.60928, 1.57716, 1.3536, 1.35581, 1.49756, 1.39858, 1.68643, 1.25149, 1.47644, 1.37894, 1.24231, 1.52591, 1.67266, 1.45751, 1.47951, 1.60863, 1.2077, 1.34013, 1.6972, 1.45774, 1.60161, 1.55974, 1.67801, 1.49851, 1.55408, 1.59466, 1.71781, 1.38069, 1.68211, 1.63069, 1.65942, 1.64578, 1.72585, 1.96424, 1.33929, 1.65342, 1.56208, 2.12358, 1.66952, 1.76314, 1.57992, 1.60275, 2.12415, 1.63284, 1.99232, 1.05644, 2.04916, 1.25289, 1.73885, 0.8796, 1.52743, 1.36097, 2.74371, 5.15777, 0.0, 0.0, 0.20894, 3.29963, 19.28196, 0.0, 2.50128, 1.71474, 2.9483, 1.49473, 2.10277, 2.57647, 3.69021, 1.10779, 2.66147, 2.04345, 1.86024, 1.11208, 2.18171, 1.89423, 2.29287, 1.92548, 3.67049, 0.0, 3.77548, 0.0, 2.67565, 1.22888, 1.83171, 2.82892, 1.3413, 0.0, 2.10906, 2.67794]"
UDE-NN,29623,220,1,10,1,160.135,0.12386,0.30457,0.96317,0.82192,0,0.59503,0.93598,0.70742,0.48855,0,0.39866,0.58704,0.30933,0.22472,0.20128,0.28265,0.28453,0.30933,0.19815,0.15681,0.21482,0.22365,693.89696,6.67E+10,6.87E+10,8.70E+10,9.38E+10,"[0.35391, 0.3376, 0.33368, 0.3344, 0.33698, 0.34026, 0.34375, 0.34721, 0.35056, 0.35376, 0.35679, 0.35964, 0.36233, 0.36486, 0.36723, 0.36944, 0.37151, 0.37343, 0.37521, 0.37685]","[0.02684, 0.06588, 0.00048, -0.0039, 0.03954, 0.02912, -0.03728, -0.12348, -0.11177, -0.02073, -0.08712, 0.02405, 0.11678, 0.1767, 0.14891, 0.22197, 0.16104, 0.17068, 0.21257, 0.2212, 0.12345, 0.06648, 0.14599, 0.17422, 0.25436, 0.39877, 0.39652, 0.35861, 0.30994, 0.37447, 0.34431, 0.38256, 0.29501, 0.24955, 0.23564, 0.25711, 0.31232, 0.36, 0.4114, 0.4305, 0.38913, 0.28318, 0.22363, 0.34318, 0.33617, 0.31265, 0.31504, 0.50063, 0.52493, 0.63358, 0.6834, 0.67945, 0.66772, 0.62561, 0.63179, 0.68638, 0.75997, 0.76762, 0.79741, 0.8457, 0.85884, 0.77913, 0.80643, 0.76784, 0.6824, 0.51148, 0.49104, 0.550.69442, 0.7281, 0.74495, 0.67387, 0.68931, 0.81235, 0.8329, 0.78845, 0.80708, 0.76867, 0.78434, 0.7182, 0.82587, 0.95175, 0.96707, 0.9462, 0.82382, 0.85219, 0.86294, 0.86819, 0.8239, 0.84267, 0.99037, 0.99543, 0.96385, 0.90097, 0.85187, 0.87936, 1.00057, 1.13077, 1.0636, 1.14905, 1.13304, 1.10882, 1.04943, 1.10932, 1.21539, 1.23313, 1.27243, 1.29636, 1.44734, 1.40054, 1.35377, 1.27129, 1.1927, 1.13621, 1.09092, 1.19333, 1.20892, 1.26517, 1.33621, 1.42482, 1.46736, 1.45774, 1.583, 1.52672, 1.50967, 1.53851, 1.52554, 1.53521, 1.48448, 1.45358, 1.42722, 1.41185, 1.40614, 1.40653, 1.46702, 1.40077, 1.37696, 1.46091, 1.63058, 1.65957, 1.64662, 1.61906, 1.56218, 1.58152, 1.62406, 1.64037, 1.63414, 1.49021, 1.43648, 1.50473, 1.48067, 1.46174, 1.50545, 1.51268, 1.62337, 1.69707, 1.65269, 1.59554, 1.75563, 1.8136, 1.74731, 1.76325, 1.70134, 1.78183, 1.78916, 1.70581, 1.67814, 1.76727, 1.83712, 1.73222, 1.74087, 1.8345, 1.75256, 1.70952, 1.67596, 1.73161, 1.69991, 1.78056, 1.92138, 1.97898, 2.00432, 2.0154, 1.93747, 1.98654, 2.08119, 2.06689, 2.03442, 2.05111, 1.98747, 1.92289, 1.87324, 1.85995, 1.86035, 1.8634, 1.86059, 1.86391, 1.84094, 1.80625, 1.79022, 1.76835, 1.78088, 1.77717, 1.75969, 1.7356, 1.72492, 1.73075, 1.76854, 1.78707, 1.795]"
GP,9503,220,1,10,1,746.469,0.15166,0.51126,0.89673,0,0,0.29891,0.72885,0.83117,0,0,0.27706,0.59105,0.22007,0.30512,0.36609,0.38779,0.39025,0.22007,0.22454,0.28921,0.32129,0.33498,100,7587.42028,3843.70999,3219.75828,2595.80637,"[0.0, 0.0, 0.0, 0.0, 0.0, 0.0, 0.0, 0.0, 0.0, 0.0, 0.0, 0.0, 0.0, 0.0, 1.0e-5, 1.0e-5, 2.0e-5, 3.0e-5, 6.0e-5, 0.0001]","[0.02805, 0.03439, 0.04038, 0.04523, 0.05261, 0.06082, 0.06822, 0.07506, 0.08388, 0.0889, 0.09254, 0.09656, 0.10128, 0.10676, 0.11273, 0.11857, 0.12555, 0.13172, 0.13722, 0.14421, 0.15171, 0.15805, 0.1654, 0.17383, 0.18286, 0.19442, 0.20633, 0.21733, 0.22831, 0.24015, 0.25206, 0.26227, 0.27285, 0.28486, 0.29713, 0.31219, 0.3251, 0.33987, 0.35225, 0.36401, 0.3741, 0.38349, 0.39393, 0.4049, 0.41669, 0.42878, 0.44117, 0.45228, 0.46152, 0.4701, 0.4784, 0.48546, 0.49168, 0.4996, 0.50922, 0.51799, 0.52659, 0.5346, 0.54384, 0.55309, 0.56451, 0.57466, 0.5846, 0.59296, 0.60254, 0.61306, 0.62292, 0.63283, 0.6442, 0.65494, 0.66893, 0.68155, 0.69309, 0.70666, 0.71952, 0.7276, 0.73596, 0.74534, 0.7534, 0.76339, 0.77353, 0.78429, 0.79299, 0.80133, 0.80981, 0.81945, 0.83068, 0.84258, 0.8539, 0.86503, 0.87815, 0.88903, 0.90172, 0.91366, 0.92331, 0.93399, 0.94559, 0.96165, 0.9786, 0.99408, 1.00882, 1.02257, 1.03438, 1.04648, 1.05999, 1.07027, 1.08086, 1.09214, 1.10358, 1.1149, 1.12497, 1.13574, 1.14635, 1.15961, 1.17316, 1.18786, 1.19886, 1.20946, 1.21932, 1.23114, 1.24135, 1.25209, 1.26384, 1.27387, 1.28461, 1.29708, 1.30907, 1.3214, 1.33555, 1.34824, 1.36137, 1.37639, 1.38833, 1.40117, 1.4125, 1.42249, 1.43383, 1.44271, 1.45289, 1.46294, 1.47188, 1.47944, 1.48635, 1.49302, 1.49972, 1.50432, 1.50853, 1.51331, 1.51878, 1.52558, 1.53258, 1.5393, 1.54506, 1.55187, 1.55762, 1.56393, 1.57019, 1.57584, 1.58231, 1.58917, 1.59687, 1.60488, 1.61298, 1.62291, 1.6306, 1.63802, 1.64691, 1.65605, 1.66677, 1.67708, 1.6874, 1.69559, 1.70293, 1.71115, 1.71645, 1.72267, 1.72922, 1.73676, 1.74373, 1.748, 1.75229, 1.75643, 1.76192, 1.76573, 1.76915, 1.77165, 1.77376, 1.7749, 1.77576, 1.7784, 1.7805, 1.77965, 1.77734, 1.77338, 1.76839, 1.76303, 1.75673, 1.74916, 1.74082, 1.73266, 1.72383, 1.71504, 1.70666, 1.69849, 1.69019, 1.68188, 1.67354, 1.66526, 1.65685, 1.6484, 1.6401, 1.63163, 1.62343, 1.61497, 1.60635, 1.59766, 1.58918, 1.58076, 1.57236, 1.56357]"
UDE-NN,27272,220,1,10,1,161.916,0.1147,0.46373,0.98837,0.95238,0,0.64692,0.98148,0.92549,0.62222,0,0.5159,0.76918,0.09658,0.15514,0.18652,0.18907,0.17717,0.09658,0.14084,0.1663,0.17214,0.1607,17.80014,41.34149,77.45678,74.82184,65.01845,"[0.44598, 0.45247, 0.45238, 0.45009, 0.44714, 0.44402, 0.44088, 0.43778, 0.43473, 0.43172, 0.42877, 0.42587, 0.42302, 0.42021, 0.41745, 0.41473, 0.41206, 0.40943, 0.40684, 0.40429]","[-0.29079, -0.19722, -0.18855, -0.078, 0.00816, 0.03159, -0.03652, -0.03756, 0.02322, 0 -0.00707, 0.00409, 0.01593, 0.02871, 0.04161, 0.05411, 0.06581, 0.07743, 0.08897, 0.10003, 0.11147, 0.12357, 0.13561, 0.14769, 0.15918, 0.17111, 0.18268, 0.1948, 0.20659, 0.21761, 0.22849, 0.23886, 0.24962, 0.26012, 0.27, 0.27994, 0.2907, 0.30213, 0.31366, 0.32546, 0.33733, 0.34848, 0.35964, 0.37065, 0.3816, 0.39199, 0.40259, 0.4133, 0.42395, 0.43496, 0.44648, 0.45818, 0.46883, 0.47977, 0.491, 0.50218, 0.51334, 0.52481, 0.53626, 0.54746, 0.5586, 0.56986, 0.58149, 0.59285, 0.60337, 0.61406, 0.62445, 0.63425, 0.64455, 0.65456, 0.66498, 0.67504, 0.68492, 0.69461, 0.70508, 0.71537, 0.72618, 0.73574, 0.7445, 0.7544, 0.7642, 0.77399, 0.78441, 0.79466, 0.80465, 0.81492, 0.82545, 0.83656, 0.84823, 0.85963, 0.87093, 0.88262, 0.89429, 0.90544, 0.91646, 0.92734, 0.93799, 0.94909, 0.96048, 0.97207, 0.98374, 0.99497, 1.00579, 1.01646, 1.02769, 1.03843, 1.04976, 1.06061, 1.07103, 1.08051, 1.09031, 1.0995, 1.10866, 1.11715, 1.12517, 1.13215, 1.13959, 1.14694, 1.15433, 1.16234, 1.17002, 1.17742, 1.18537, 1.19394, 1.20379, 1.21346, 1.2234, 1.23303, 1.24302, 1.25253, 1.26258, 1.27321, 1.28344, 1.29315, 1.30302, 1.31334, 1.32318, 1.33264, 1.34192, 1.3509, 1.36041, 1.37001, 1.37991, 1.39039, 1.40006, 1.40937, 1.41886, 1.42793, 1.43637, 1.4444, 1.45209, 1.45901, 1.46624, 1.4749, 1.48256, 1.48989, 1.49704, 1.5043, 1.51078, 1.5183, 1.52447, 1.53128, 1.53841, 1.54533, 1.55312, 1.56051, 1.56818, 1.57543, 1.58362, 1.59181, 1.6006, 1.60927, 1.6171, 1.62658, 1.63596, 1.64521, 1.6551, 1.66521, 1.67565, 1.68588, 1.69704, 1.70765, 1.71794, 1.72841, 1.73957, 1.7507, 1.76248, 1.77489, 1.78713, 1.79943, 1.81221, 1.8251, 1.83763, 1.84998, 1.86154, 1.87212, 1.88244, 1.89224, 1.90208, 1.91211, 1.92274, 1.93258, 1.9436, 1.95375, 1.96446, 1.97469, 1.98493, 1.99593, 2.00717, 2.01859, 2.02984, 2.0414, 2.05321, 2.06494, 2.07716, 2.08974, 2.10267, 2.1161, 2.13009, 2.14456, 2.15932, 2.17469, 2.19052, 2.2068, 2.22328, 2.23989]"
ARIMA,29623,220,1,10,1,20.166,,,,,,,,,,,,,0.35171,0.26303,0.23818,0.30317,0.3072,0.35171,0.23159,0.19705,0.24859,0.25753,788.97197,7.98E+10,7.98E+10,9.98E+10,1.06E+11,"[0.39629, 0.39966, 0.39905, 0.39916, 0.39914, 0.39914, 0.39914, 0.39914, 0.39914, 0.39914, 0.39914, 0.39914, 0.39914, 0.39914, 0.39914, 0.39914, 0.39914, 0.39914, 0.39914, 0.39914]",
RandomWalk,29623,220,1,10,1,1.197,,,,,,,,,,,,,0.37013,0.2757,0.25059,0.31056,0.31603,0.37013,0.24142,0.20975,0.25917,0.26911,830.28619,8.29E+10,8.29E+10,1.04E+11,1.11E+11,"[0.41471, 0.41471, 0.41471, 0.41471, 0.41471, 0.41471, 0.41471, 0.41471, 0.41471, 0.41471, 0.41471, 0.41471, 0.41471, 0.41471, 0.41471, 0.41471, 0.41471, 0.41471, 0.41471, 0.41471]",
LSTM,29623,220,1,10,1,57.841,,,,,,,,,,,,,6.17752,6.33095,5.86344,5.82739,5.80958,6.17752,6.3169,5.82927,5.79398,5.7822,13857.55859,1.40E+12,1.30E+12,1.60E+12,1.68E+12,"[6.2221, 6.8971, 6.97783, 6.43738, 6.05221, 5.53655, 5.30599, 5.35538, 5.65159, 6.04175, 6.1599, 6.08777, 5.95095, 5.81589, 5.75592, 5.76607, 5.8246, 5.88739, 5.92347, 5.92585]",
ARIMA,27272,220,1,10,1,19.042,,,,,,,,,,,,,0.12048,0.15631,0.18266,0.18617,0.17468,0.12048,0.14714,0.16727,0.17318,0.16141,22.20606,40.26645,74.22855,72.07824,62.8129,"[0.42207, 0.42207, 0.42207, 0.42207, 0.42207, 0.42207, 0.42207, 0.42207, 0.42207, 0.42207, 0.42207, 0.42207, 0.42207, 0.42207, 0.42207, 0.42207, 0.42207, 0.42207, 0.42207, 0.42207]",
RandomWalk,27272,220,1,10,1,1.226,,,,,,,,,,,,,0.12048,0.15631,0.18266,0.18617,0.17468,0.12048,0.14714,0.16727,0.17318,0.16141,22.20606,40.26645,74.22855,72.07824,62.8129,"[0.42207, 0.42207, 0.42207, 0.42207, 0.42207, 0.42207, 0.42207, 0.42207, 0.42207, 0.42207, 0.42207, 0.42207, 0.42207, 0.42207, 0.42207, 0.42207, 0.42207, 0.42207, 0.42207, 0.42207]",
LSTM,27272,220,1,10,1,57.201,,,,,,,,,,,,,3.94634,6.84735,8.05601,8.02625,7.94728,3.94634,6.64532,7.87094,7.87163,7.82181,727.36387,1906.21532,3037.21091,2933.26244,2698.85634,"[4.4889, 6.34791, 7.46226, 8.24767, 8.86558, 9.33706, 9.65975, 9.76243, 9.52059, 8.9272, 8.40029, 8.19998, 8.13729, 8.08403, 8.03946, 8.01558, 7.99128, 7.96038, 7.94505, 7.9581]",
Alg_c,27272,220,1,10,1,0,0.46373,0.46373,0.9186,0.32143,0,0.41334,0.81082,0.86038,0.40625,0.52174,0.59612,0.71925,,,,,,,,,,,,,,,,,"[0.0, 0.0, 0.0, 0.0, 0.13097, 0.23621, 0.0, 0.0, 0.00915, 0.0, 0.58898, 0.18742, 0.25137, 0.1918, 0.25562, 0.31821, 0.0, 0.23275, 0.0, 0.03855, 0.47506, 0.03828, 0.35235, 0.12973, 0.22538, 0.42428, 0.0, 0.59804, 0.0, 0.44191, 0.24113, 0.42138, 0.54322, 0.19317, 0.64267, 0.24303, 0.43747, 0.38946, 0.63536, 0.51475, 0.73604, 0.59909, 0.39278, 0.22607, 0.23092, 0.76597, 0.36368, 0.60807, 0.55562, 0.55229, 0.32914, 0.20216, 0.25848, 0.57434, 0.73594, 0.98944, 0.56003, 0.70835, 0.52779, 0.18825, 0.97463, 0.60599, 0.66004, 0.50962, 0.9665, 0.82302, 0.68186, 0.52915, 0.9278, 0.72017, 0.85943, 0.79224, 0.5243, 0.70724, 0.40371, 0.66578, 0.76178, 0.96639, 0.64617, 0.63384, 0.55442, 0.8516, 0.77901, 0.60443, 0.57608, 0.70859, 0.82271, 0.86165, 0.75629, 1.25303, 0.81383, 1.17504, 0.48534, 1.10787, 1.02095, 1.31117, 0.93057, 0.79319, 1.44293, 0.95724, 1.2447, 1.24139, 1.13973, 0.8924, 1.18497, 1.34968, 0.80353, 0.85892, 1.55811, 0.89397, 0.8452, 1.74179, 0.71454, 1.16346, 1.09776, 1.19355, 0.94648, 1.04013, 1.27499, 1.36279, 0.95455, 1.07483, 1.43103, 0.8488, 1.36737, 1.3206, 1.51181, 1.37241, 1.1045, 1.11894, 1.32188, 1.81792, 0.98909, 1.45742, 1.22993, 1.54896, 1.23395, 1.66292, 1.19304, 1.36753, 1.46227, 1.43691, 1.47616, 1.1057, 1.4273, 1.15809, 1.59382, 1.3919, 1.80575, 1.40684, 1.26756, 1.56522, 1.45163, 1.34668, 1.84413, 1.60513, 1.81985, 1.21245, 1.97984, 1.39069, 1.44069, 1.62229, 1.91344, 1.67239, 1.66681, 1.39225, 1.49873, 1.52268, 1.73234, 1.54721, 1.58538, 1.42567, 2.22803, 1.7198, 1.54451, 1.89163, 1.33009, 2.19854, 1.82434, 1.5759, 1.78981, 1.78309, 2.53868, 1.12523, 1.89757, 1.9287, 2.2355, 1.12879, 2.00442, 1.56932, 2.04547, 1.28497, 1.6445, 1.76928, 1.66383, 1.33674, 2.73552, 0.0, 1.68144, 1.09859, 2.64204, 4.37131, 0.0, 3.01819, 2.56737, 1.48386, 2.86391, 2.85958, 3.20797, 0.68515, 2.25109, 1.36826, 3.13037, 2.43042, 0.1291, 3.96208, 0.0, 1.48169, 2.80111]"
UDE-NN,67883,220,1,10,1,168.344,0.07071,0.77299,0.97971,0.91566,0,0.63179,0.96744,0.81034,0.2268,0,0.34572,0.49248,0.10158,0.27343,0.22259,0.22672,0.23474,0.10158,0.19786,0.163,0.17542,0.19162,22.18956,28.46223,29.58857,30.64351,32.0586,"[0.35621, 0.3841, 0.39745, 0.40363, 0.40667, 0.40838, 0.40951, 0.41034, 0.411, 0.41154, 0.41196, 0.41229, 0.41253, 0.41268, 0.41275, 0.41274, 0.41266, 0.4125, 0.41228, 0.41199]","[0.10126, 0.09444, -0.00233, -0.0101, 0.02494, 0.03095, 0.06595, -0.00847, -0.04954, -0.04852, 0.04828, 0.05319, 0.11698, 0.1645, 0.1584, 0.21405, 0.21396, 0.18709, 0.19414, 0.1987, 0.18847, 0.23039, 0.16356, 0.15383, 0.12661, 0.16886, 0.22987, 0.23731, 0.18447, 0.2403, 0.33228, 0.35687, 0.40521, 0.39197, 0.35935, 0.30784, 0.26778, 0.21471, 0.25168, 0.34465, 0.40108, 0.43704, 0.46188, 0.45108, 0.52391, 0.5808, 0.53811, 0.50454, 0.49634, 0.46278, 0.4299, 0.53237, 0.51926, 0.5486, 0.51675, 0.6187, 0.69869, 0.69515, 0.72846, 0.6955, 0.64754, 0.58628, 0.62517, 0.52734, 0.57167, 0.58226, 0.61051, 0.6378, 0.67832, 0.68898, 0.69125, 0.75603, 0.71873, 0.75111, 0.69908, 0.74736, 0.78005, 0.76567, 0.73285, 0.8014, 0.78904, 0.76299, 0.81559, 0.88783, 0.88042, 0.83244, 0.80395, 0.78551, 0.8286, 0.90913, 1.02424, 0.96269, 0.88623, 0.91213, 0.93278, 0.94755, 0.97465, 1.0269, 1.04445, 1.01501, 1.01974, 1.10395, 1.06982, 1.06068, 0.99998, 1.00929, 1.03983, 1.09294, 1.10392, 1.10626, 1.08769, 1.05548, 1.10428, 1.18003, 1.22122, 1.22298, 1.28438, 1.29228, 1.19591, 1.12677, 1.11001, 1.11958, 1.09957, 1.17747, 1.26366, 1.23741, 1.16202, 1.14876, 1.14324, 1.14085, 1.22125, 1.25279, 1.28516, 1.34379, 1.34965, 1.35202, 1.38087, 1.37992, 1.35801, 1.39112, 1.42508, 1.39495, 1.37904, 1.37951, 1.45125, 1.41516, 1.45323, 1.51079, 1.48049, 1.50257, 1.4795, 1.51464, 1.60009, 1.52464, 1.49088, 1.59375, 1.6082, 1.53069, 1.52015, 1.50318, 1.56129, 1.55266, 1.62565, 1.632, 1.67133, 1.65847, 1.61418, 1.61395, 1.78526, 1.80122, 1.78555, 1.76507, 1.80942, 1.78891, 1.75433, 1.76501, 1.80168, 1.80241, 1.78211, 1.80713, 1.8107, 1.84327, 1.84872, 1.79882, 1.7517, 1.75742, 1.76006, 1.8029, 1.9035, 1.94821, 1.99011, 2.03259, 2.05494, 2.0761, 2.09356, 2.12294, 2.14895, 2.16656, 2.16919, 2.17623, 2.16394, 2.15018, 2.13541, 2.12364, 2.1221, 2.12651, 2.14464, 2.14969, 2.15487, 2.16131, 2.17413, 2.18347, 2.19337, 2.20219, 2.21315, 2.22441, 2.2393, 2.26367, 2.27623, 2.28598]"
GP,67883,220,1,10,1,747.712,0.29236,0.77299,0.89182,0,0,0.29727,0.7177,0.68613,0,0,0.22871,0.35831,0.01139,0.22491,0.92246,1.3217,2.32286,0.01139,0.16091,0.6865,0.98289,1.67014,2.48821,32.48667,167.93688,204.83079,296.90137,"[0.4464, 0.59756, 0.74588, 0.89059, 1.0387, 1.20016, 1.38727, 1.61589, 1.90716, 2.28837, 2.79058, 3.43844, 4.22829, 5.10073, 5.93563, 6.603, 7.04432, 7.2944, 7.42574, 7.49629]","[-0.13173, -0.11861, -0.10545, -0.09273, -0.0776, -0.06117, -0.04553, -0.03036, -0.01544, -0.00179, 0.01195, 0.02531, 0.03726, 0.04892, 0.06003, 0.07252, 0.08595, 0.10035, 0.11313, 0.12666, 0.13803, 0.14945, 0.16219, 0.17453, 0.18778, 0.20167, 0.21673, 0.23191, 0.24766, 0.26207, 0.2761, 0.28969, 0.30343, 0.31827, 0.33326, 0.34904, 0.36573, 0.38307, 0.39828, 0.41411, 0.43008, 0.44628, 0.46396, 0.47994, 0.49418, 0.50846, 0.52062, 0.53337, 0.54595, 0.5594, 0.57323, 0.58449, 0.5961, 0.60779, 0.61994, 0.63213, 0.64488, 0.65796, 0.67064, 0.68408, 0.69536, 0.70642, 0.71637, 0.72784, 0.73874, 0.75007, 0.76105, 0.77006, 0.77841, 0.78655, 0.79471, 0.80224, 0.80951, 0.8161, 0.82284, 0.82887, 0.8349, 0.84076, 0.84554, 0.85055, 0.85632, 0.86269, 0.87005, 0.87958, 0.88899, 0.89848, 0.90845, 0.91952, 0.93147, 0.94244, 0.95281, 0.9643, 0.97422, 0.9843, 0.9948, 1.00333, 1.01077, 1.01757, 1.02482, 1.03194, 1.03886, 1.04492, 1.05105, 1.05654, 1.06296, 1.06987, 1.0764, 1.08307, 1.08957, 1.0952, 1.10149, 1.10738, 1.11437, 1.12163, 1.12966, 1.13865, 1.14948, 1.16152, 1.17408, 1.18647, 1.19836, 1.21089, 1.22435, 1.23614, 1.2489, 1.26026, 1.26931, 1.2775, 1.28625, 1.29578, 1.30338, 1.31123, 1.3179, 1.32415, 1.32954, 1.33413, 1.3395, 1.34728, 1.35837, 1.37108, 1.38458, 1.39825, 1.41114, 1.42468, 1.43762, 1.45096, 1.46246, 1.47218, 1.48062, 1.48845, 1.49516, 1.50184, 1.50811, 1.51322, 1.51737, 1.52226, 1.52797, 1.53361, 1.5376, 1.54184, 1.54642, 1.55087, 1.55381, 1.5555, 1.55558, 1.55417, 1.55132, 1.54753, 1.54373, 1.54056, 1.53651, 1.53184, 1.52675, 1.52185, 1.51637, 1.5107, 1.50528, 1.50001, 1.49483, 1.48977, 1.48514, 1.48059, 1.47603, 1.47104, 1.46545, 1.45963, 1.45393, 1.44807, 1.44238, 1.43673, 1.43063, 1.4244, 1.41811, 1.41165, 1.40519, 1.39871, 1.39234, 1.3859, 1.37916, 1.3721, 1.36526, 1.35803, 1.3508, 1.34362, 1.33682, 1.33025, 1.32362, 1.31688, 1.30962, 1.30238, 1.29529, 1.28853, 1.28155, 1.2745, 1.26727, 1.26035, 1.25332, 1.24646, 1.23982, 1.23308]"
Alg_c,9503,220,1,10,1,0,0.51126,0.51126,0.93452,0.58065,0,0.50506,0.87466,0.9145,0.62857,0.28571,0.60959,0.83418,,,,,,,,,,,,,,,,,"[0.36527, 0.0, 0.0, 0.0, 0.0, 0.25191, 0.0, 0.0, 0.80409, 0.49123, 0.05249, 0.0543, 0.40476, 0.23719, 0.42361, 0.06127, 0.17752, 0.0, 0.24863, 0.55354, 0.04914, 0.0, 0.65682, 0.0, 0.12703, 1.12207, 0.78447, 0.12048, 0.25255, 0.86854, 0.30646, 0.2675, 0.04117, 0.25737, 0.52799, 0.45756, 0.44931, 0.0, 0.0, 0.41119, 0.68761, 0.25819, 0.17743, 0.10965, 0.36788, 0.87883, 0.35535, 0.62376, 0.63368, 0.21314, 0.36119, 0.51938, 0.13112, 0.41227, 0.41026, 0.9112, 0.58725, 0.7737, 0.55427, 0.61936, 0.28747, 0.02015, 0.46872, 0.56478, 0.35395, 0.98712, 0.36639, 0.99259, 0.70187, 0.87087, 0.86114, 0.51628, 0.13534, 0.24121, 1.1918, 0.72883, 0.8099, 0.75423, 0.4325, 0.70107, 0.77648, 0.92024, 0.49972, 0.47386, 1.02664, 0.96722, 0.69076, 0.9009, 0.7064, 0.91442, 0.36745, 0.75698, 1.18797, 1.06261, 1.14907, 0.53377, 0.81187, 0.91703, 0.95278, 0.63717, 0.55018, 1.26189, 1.11882, 1.05335, 0.86359, 0.66666, 0.65946, 1.01195, 1.5242, 0.79436, 1.32598, 1.1661, 1.14475, 0.77677, 0.9392, 1.38343, 1.20735, 1.25948, 1.04825, 1.83652, 1.42949, 1.42911, 1.26415, 1.14341, 1.06203, 0.79619, 1.31783, 1.15501, 1.21604, 1.32299, 1.53414, 1.53063, 1.23133, 1.92567, 1.4347, 1.39711, 1.62235, 1.49474, 1.65298, 1.45045, 1.44546, 1.40625, 1.39328, 1.40727, 1.23638, 1.77614, 1.29965, 1.16905, 1.28198, 1.92212, 1.72707, 1.66369, 1.6957, 1.39888, 1.54136, 1.67497, 1.65393, 1.93053, 1.28494, 1.18897, 1.69476, 1.44271, 1.32869, 1.59644, 1.29521, 1.68918, 1.93692, 1.66602, 1.17652, 1.91242, 2.07751, 1.5665, 1.95543, 1.35645, 1.94044, 1.96448, 1.57932, 1.43018, 1.78475, 2.26062, 1.40256, 1.51374, 2.26109, 1.61045, 1.7414, 1.42985, 2.07983, 1.34912, 1.66729, 2.09477, 1.99529, 1.92264, 2.47051, 1.34742, 1.82715, 2.60146, 2.33871, 0.0, 3.22853, NaN, 0.0, 1.15799, 1.81529, 1.82077, 2.11894, 1.30608, 2.49608, 2.53382, 0.0, 2.35446, 0.0, 2.16445, 2.36176, 3.186, 0.0, 1.30317, 0.40311, 2.12583, 5.72917]"
ARIMA,67883,220,1,10,1,19.632,,,,,,,,,,,,,0.15171,0.3435,0.28731,0.29861,0.31387,0.15171,0.28139,0.23612,0.25403,0.27582,33.1399,43.48986,40.85681,42.78226,44.9866,"[0.30608, 0.30608, 0.30608, 0.30608, 0.30608, 0.30608, 0.30608, 0.30608, 0.30608, 0.30608, 0.30608, 0.30608, 0.30608, 0.30608, 0.30608, 0.30608, 0.30608, 0.30608, 0.30608, 0.30608]",
RandomWalk,67883,220,1,10,1,1.223,,,,,,,,,,,,,0.15171,0.3435,0.28731,0.29861,0.31387,0.15171,0.28139,0.23612,0.25403,0.27582,33.1399,43.48986,40.85681,42.78226,44.9866,"[0.30608, 0.30608, 0.30608, 0.30608, 0.30608, 0.30608, 0.30608, 0.30608, 0.30608, 0.30608, 0.30608, 0.30608, 0.30608, 0.30608, 0.30608, 0.30608, 0.30608, 0.30608, 0.30608, 0.30608]",
LSTM,67883,220,1,10,1,64.851,,,,,,,,,,,,,0.37955,0.36105,0.42971,0.41106,0.38879,0.37955,0.3307,0.39868,0.3812,0.36001,82.90961,67.16637,97.02585,88.63732,79.41452,"[0.83734, 0.91371, 0.90297, 0.9125, 0.92654, 0.92862, 0.93238, 0.93483, 0.93606, 0.93988, 0.94307, 0.9438, 0.94402, 0.94436, 0.94457, 0.94468, 0.94478, 0.94484, 0.9449, 0.94495]",
Alg_c,67883,220,1,10,1,0,0.77299,0.77299,0.92857,0.37736,0,0.43531,0.84313,0.81385,0.44156,0.5625,0.60597,0.66236,,,,,,,,,,,,,,,,,"[0.13528, 0.29716, 0.0, 0.0, 0.06731, 0.0, 0.27942, 0.0, 0.0, 0.0, 0.22994, 0.0, 0.14057, 0.28188, 0.01946, 0.33669, 0.28115, 0.11512, 0.19224, 0.24098, 0.07139, 0.46215, 0.02819, 0.19486, 0.0, 0.12613, 0.3528, 0.365, 0.0, 0.156, 0.47158, 0.30744, 0.52973, 0.43496, 0.39728, 0.29387, 0.28288, 0.02184, 0.12482, 0.41162, 0.45091, 0.481, 0.53666, 0.28482, 0.52396, 0.78558, 0.51483, 0.45205, 0.54935, 0.48997, 0.12878, 0.79974, 0.40077, 0.6992, 0.22851, 0.67175, 0.87399, 0.6103, 0.85804, 0.71191, 0.71133, 0.33956, 0.95367, 0.1894, 0.66226, 0.54344, 0.62228, 0.59633, 0.74738, 0.72256, 0.50366, 1.04785, 0.46199, 1.02852, 0.40507, 0.81407, 0.87023, 0.85017, 0.40737, 1.05793, 0.82266, 0.56411, 0.76882, 1.05366, 0.94652, 0.77615, 0.79369, 0.66682, 0.77393, 0.82411, 1.38822, 0.96495, 0.65819, 0.93429, 0.9493, 0.93125, 0.90344, 1.09647, 1.15298, 0.96043, 0.77876, 1.45023, 0.88278, 1.23981, 0.82133, 1.00979, 0.9762, 1.19709, 1.08493, 1.1418, 1.15346, 0.86951, 1.06653, 1.25466, 1.31881, 1.06206, 1.39327, 1.50331, 1.13572, 1.02889, 1.06712, 1.20568, 0.88387, 1.1516, 1.47857, 1.33566, 0.9949, 1.16162, 1.18059, 0.92885, 1.36352, 1.2381, 1.19003, 1.48879, 1.33966, 1.24642, 1.47503, 1.42624, 1.23791, 1.39218, 1.55885, 1.35278, 1.35919, 1.23288, 1.68185, 1.25094, 1.39288, 1.74312, 1.29267, 1.67971, 1.33868, 1.31508, 2.08549, 1.36689, 1.08202, 1.86344, 1.83787, 1.25318, 1.65322, 1.24957, 1.84496, 1.2152, 1.92476, 1.39385, 1.86174, 1.81922, 1.67484, 0.16445, 2.80384, 1.70378, 1.94346, 0.7886, 2.44944, 2.01584, 0.9025, 1.52088, 2.21637, 2.06566, 1.10617, 2.19154, 1.45417, 1.97909, 2.27178, 1.8372, 0.4528, 2.18334, 1.1029, 0.93182, 2.70292, 1.72825, 1.7914, 2.70042, 1.78746, 2.42025, 1.05804, 2.3005, 2.32501, 4.7972, 0.0, 3.55658, 0.0, 8.90651, 0.0, 0.77182, 1.8337, 0.08042, 3.37415, NaN, 0.0, 0.0, 2.50776, 0.83161, 5.59075, NaN, 2.6205, 0.0, 0.0, 2.98956, 2.65883]"
UDE-NN,38315,220,1,10,1,154.093,0.13176,0.31111,0.96275,0.81159,0,0.59145,0.9331,0.92683,0.25,0,0.39228,0.91179,0.8821,0.76883,0.934,0.9537,0.92848,0.8821,0.70798,0.77433,0.77968,0.76379,11.38002,8.18743,8.66779,8.6951,9.04122,"[8.63339, 8.37446, 8.24816, 8.16704, 8.10349, 8.04734, 7.9946, 7.9436, 7.89364, 7.8444, 7.79572, 7.74752, 7.69974, 7.65235, 7.6053, 7.55858, 7.51214, 7.46597, 7.42003, 7.37429]","[-0.23413, -0.19223, -0.0394, -0.01933, 0.13046, 0.10348, -0.09577, -0.2348, -0.2708, -0.19276, -0.06463, 0.05852, 0.19051, 0.2074, 0.07025, 0.05273, 0.18376, 0.28229, 0.3773, 0.14851, 0.06727, 0.09583, 0.2557, 0.21805, 0.09026, 0.05305, -0.04346, -0.12946, 0.06444, 0.21664, 0.2706, 0.26982, 0.37292, 0.4238, 0.40581, 0.4019, 0.398, 0.40717, 0.42006, 0.39458, 0.45887, 0.31677, 0.43434, 0.32897, 0.34661, 0.33974, 0.53445, 0.56727, 0.56126, 0.46353, 0.50965, 0.61713, 0.64673, 0.62729, 0.58094, 0.58125, 0.4799, 0.59365, 0.61354, 0.52834, 0.54322, 0.58753, 0.57997, 0.54007, 0.4268, 0.5114, 0.64256, 0.52498, 0.57946, 0.65143, 0.78802, 0.89256, 0.95957, 0.93853, 1.06287, 1.08712, 0.96139, 0.95319, 0.91409, 0.76699, 0.77774, 0.67495, 0.67982, 0.68019, 0.87085, 0.80855, 0.67402, 0.64906, 0.72411, 0.77726, 0.84876, 0.77025, 0.81767, 0.76927, 0.89573, 1.06598, 1.03801, 1.02198, 1.12004, 1.12532, 1.09405, 0.92881, 1.03383, 1.06824, 1.02432, 1.03734, 0.91708, 0.98639, 1.05575, 0.9572, 1.08745, 1.12721, 1.08093, 1.12937, 1.12395, 1.04358, 1.11957, 1.22434, 1.23996, 1.11468, 1.0715, 1.05543, 1.04388, 1.15366, 1.24388, 1.31622, 1.39529, 1.39622, 1.42126, 1.45233, 1.47488, 1.40696, 1.29307, 1.29032, 1.20645, 1.33809, 1.32775, 1.34908, 1.35925, 1.33354, 1.40334, 1.41505, 1.45275, 1.52712, 1.4747, 1.54557, 1.47979, 1.53295, 1.55426, 1.58071, 1.39373, 1.33109, 1.34042, 1.26255, 1.2152, 1.28239, 1.41326, 1.50797, 1.57586, 1.58173, 1.51119, 1.38854, 1.40207, 1.4584, 1.48435, 1.50838, 1.54836, 1.63982, 1.68335, 1.79074, 1.76494, 1.758, 1.74153, 1.77644, 1.7871, 1.71553, 1.71213, 1.74935, 1.62389, 1.65086, 1.60986, 1.65773, 1.51542, 1.54314, 1.59975, 1.72376, 1.7583, 1.73136, 1.67095, 1.67106, 1.76977, 1.89108, 1.80945, 1.75587, 1.86566, 1.91946, 1.9951, 2.07343, 2.12966, 2.23002, 2.15942, 2.11383, 2.0168, 2.17337, 2.05372, 1.97036, 1.9928, 1.98146, 1.96209, 1.92933, 1.83052, 1.93511, 1.98314, 2.16785, 2.17947, 2.10284, 2.2117, 2.22313, 2.08856, 2.0985]"
GP,38315,220,1,10,1,751.732,0.06646,0.31111,0.97003,0.84507,0,0.60503,0.94663,0.92025,0.23529,0,0.38518,0.90502,0.90388,0.74692,0.9036,0.92041,0.90964,0.90388,0.68242,0.74529,0.74505,0.74122,11.66106,7.90785,8.35394,8.3109,8.82141,"[8.65517, 8.40479, 8.28402, 8.20702, 8.14688, 8.09381, 8.04398, 7.99586, 7.94879, 7.90248, 7.85679, 7.81164, 7.767, 7.72281, 7.67906, 7.63571, 7.59274, 7.55013, 7.50784, 7.46586]","[0.00861, 0.01805, 0.0275, 0.03694, 0.04638, 0.05582, 0.06527, 0.07471, 0.08415, 0.09359, 0.10303, 0.11248, 0.12192, 0.13136, 0.1408, 0.15025, 0.15969, 0.16913, 0.17857, 0.18802, 0.19746, 0.2069, 0.21634, 0.22579, 0.23523, 0.24467, 0.25411, 0.26356, 0.273, 0.28244, 0.29188, 0.30133, 0.31077, 0.32021, 0.32965, 0.3391, 0.34854, 0.35798, 0.36742, 0.37686, 0.38631, 0.39575, 0.40519, 0.41463, 0.42408, 0.43352, 0.44296, 0.4524, 0.46185, 0.47129, 0.48073, 0.49017, 0.49962, 0.50906, 0.5185, 0.52794, 0.53739, 0.54683, 0.55627, 0.56571, 0.57516, 0.5846, 0.59404, 0.60348, 0.61293, 0.62237, 0.63181, 0.64125, 0.6507, 0.66014, 0.66958, 0.67902, 0.68847, 0.69791, 0.70735, 0.71679, 0.72624, 0.73568, 0.74512, 0.75456, 0.764, 0.77345, 0.78289, 0.79233, 0.80177, 0.81122, 0.82066, 0.8301, 0.83954, 0.84899, 0.85843, 0.86787, 0.87731, 0.88675, 0.8962, 0.90564, 0.91508, 0.92452, 0.93397, 0.94341, 0.95285, 0.96229, 0.97174, 0.98118, 0.99062, 1.00006, 1.0095, 1.01895, 1.02839, 1.03783, 1.04727, 1.05672, 1.06616, 1.0756, 1.08504, 1.09449, 1.10393, 1.11337, 1.12281, 1.13225, 1.1417, 1.15114, 1.16058, 1.17002, 1.17947, 1.18891, 1.19835, 1.20779, 1.21724, 1.22668, 1.23612, 1.24556, 1.255, 1.26445, 1.27389, 1.28333, 1.29277, 1.30221, 1.31166, 1.3211, 1.33054, 1.33998, 1.34943, 1.35887, 1.36831, 1.37775, 1.38719, 1.39664, 1.40608, 1.41552, 1.42496, 1.4344, 1.44385, 1.45329, 1.46273, 1.47217, 1.48161, 1.49106, 1.5005, 1.50994, 1.51938, 1.52883, 1.53827, 1.54771, 1.55715, 1.56659, 1.57604, 1.58548, 1.59492, 1.60436, 1.61381, 1.62325, 1.63269, 1.64213, 1.65157, 1.66102, 1.67046, 1.6799, 1.68934, 1.69879, 1.70823, 1.71767, 1.72711, 1.73655, 1.746, 1.75544, 1.76488, 1.77432, 1.78377, 1.79321, 1.80265, 1.81209, 1.82153, 1.83098, 1.84042, 1.84986, 1.8593, 1.86875, 1.87819, 1.88763, 1.89707, 1.90652, 1.91596, 1.9254, 1.93484, 1.94428, 1.95373, 1.96317, 1.97261, 1.98205, 1.9915, 2.00094, 2.01038, 2.01982, 2.02926, 2.03871, 2.04815, 2.05759, 2.06703, 2.07648]"
ARIMA,38315,220,1,10,1,20.178,,,,,,,,,,,,,1.85308,1.17006,1.3715,1.44767,1.92978,1.85308,1.098,1.24156,1.30683,1.66881,23.90674,13.00703,14.86928,15.69659,21.53578,"[9.60437, 9.68737, 9.76427, 9.83535, 9.9009, 9.9612, 10.01654, 10.0672, 10.11346, 10.15559, 10.19386, 10.22853, 10.25984, 10.28803, 10.31333, 10.33595, 10.35612, 10.37401, 10.38982, 10.40372]",
RandomWalk,38315,220,1,10,1,1.237,,,,,,,,,,,,,1.76371,0.98904,1.05327,1.07259,1.45544,1.76371,0.85455,0.9197,0.92257,1.20699,22.75374,10.25292,11.0833,11.17736,15.7399,"[9.51499, 9.51499, 9.51499, 9.51499, 9.51499, 9.51499, 9.51499, 9.51499, 9.51499, 9.51499, 9.51499, 9.51499, 9.51499, 9.51499, 9.51499, 9.51499, 9.51499, 9.51499, 9.51499, 9.51499]",
LSTM,38315,220,1,10,1,52.232,,,,,,,,,,,,,1.23075,0.58764,1.27321,2.05759,2.86215,1.23075,0.40333,0.97834,1.48772,2.16991,15.87806,4.93597,11.63359,17.74404,27.97485,"[8.98204, 8.84277, 8.81085, 8.79076, 8.95077, 9.17075, 9.88427, 10.14845, 10.57757, 11.37406, 12.29491, 12.93049, 12.87152, 12.30219, 11.03319, 10.07923, 9.49518, 9.70919, 9.65541, 10.10537]",
Alg_c,38315,220,1,10,1,0,0.31111,0.31111,0.93051,0.63768,0,0.52273,0.87224,0.90625,0.125,0,0.34375,0.89301,,,,,,,,,,,,,,,,,"[0.0, 0.0, 0.24142, 0.0, 0.51129, 0.47196, 0.0, 0.0, 0.0, 0.0, 0.0, 0.03682, 0.42081, 0.53948, 0.0, 0.0, 0.24527, 0.21925, 1.10198, 0.0, 0.0, 0.0, 0.67284, 0.38509, 0.0, 0.17144, 0.0, 0.0, 0.05524, 0.43152, 0.40764, 0.05753, 0.47035, 0.56996, 0.35718, 0.40873, 0.37172, 0.39329, 0.52126, 0.22984, 0.91973, 0.0, 0.84931, 0.12881, 0.40549, 0.0, 0.87128, 0.65967, 0.766, 0.16377, 0.39314, 0.78492, 0.74498, 0.6691, 0.49007, 0.81318, 0.02203, 0.79815, 0.81408, 0.34142, 0.47311, 0.69068, 0.64241, 0.70693, 0.01087, 0.38327, 1.12252, 0.20668, 0.50568, 0.51886, 0.84334, 0.99188, 1.15739, 0.63913, 1.2383, 1.38597, 0.7128, 1.01658, 1.13296, 0.50834, 0.94082, 0.46958, 0.57928, 0.31061, 1.36334, 0.91119, 0.42461, 0.39635, 0.75466, 0.77783, 1.14441, 0.55573, 0.96465, 0.40388, 0.72048, 1.47074, 0.98867, 0.80428, 1.27991, 1.15241, 1.41377, 0.3263, 1.20804, 1.22662, 0.8667, 1.42123, 0.40428, 0.95186, 1.55211, 0.31092, 1.36126, 1.31433, 0.83644, 1.23933, 1.28029, 0.71642, 1.04728, 1.41642, 1.54277, 0.92848, 1.01066, 1.03381, 0.7931, 1.20208, 1.27972, 1.26685, 1.58529, 1.28762, 1.4137, 1.43112, 1.65525, 1.51227, 1.01132, 1.50242, 0.73511, 1.65978, 1.24534, 1.37208, 1.45536, 1.09785, 1.57994, 1.35404, 1.33005, 1.87992, 1.10321, 1.86936, 1.21275, 1.61434, 1.48034, 2.06531, 1.07622, 1.19655, 1.51475, 1.16876, 0.95713, 1.12516, 1.48051, 1.56052, 1.67027, 1.71247, 1.6413, 1.0835, 1.3118, 1.52865, 1.48136, 1.48415, 1.43945, 1.7407, 1.54355, 2.06726, 1.7282, 1.76504, 1.64115, 1.82296, 1.95304, 1.57411, 1.65974, 2.08642, 1.29928, 1.79456, 1.38969, 2.13325, 1.06558, 1.4837, 1.45449, 1.91038, 1.87932, 1.78791, 1.52762, 1.44668, 1.73986, 2.29549, 1.76381, 1.4202, 1.94688, 1.89127, 1.9857, 2.13378, 1.94509, 2.64963, 2.0029, 2.35926, 1.33559, 2.84242, 1.89104, 1.74573, 2.09311, 1.98442, 1.9783, 2.08182, 1.41166, 2.02527, 1.69933, 2.5166, 2.41587, 1.65202, 2.36118, 2.54906, 1.73431]"
UDE-NN,86366,220,1,10,1,162.113,0.11478,0.33494,0.96848,0.8642,0,0.61089,0.94859,0.7931,0.625,0,0.4727,0.71092,0.25118,0.12591,0.25232,0.23592,0.26793,0.25118,0.09846,0.19794,0.18571,0.21857,29.43978,14.32109,30.79309,30.3701,58.31786,"[0.60202, 0.59836, 0.59485, 0.59143, 0.58805, 0.5847, 0.58138, 0.57807, 0.57478, 0.57151, 0.56825, 0.56501, 0.5618, 0.5586, 0.55543, 0.55227, 0.54914, 0.54604, 0.54295, 0.5399]","[-0.00776, 0.08144, 0.02252, 0.02602, 0.05638, 0.06111, 0.11278, 0.14434, 0.10155, 0.11822, 0.1189, 0.06674, -0.07669, -0.06358, -0.04057, 0.00839, 0.0326, -0.03387, 0.04547, 0.18083, 0.29195, 0.31392, 0.28566, 0.21464, 0.2408, 0.3547, 0.24029, 0.13822, 0.06138, 0.08049, 0.0343, 0.05453, 0.11157, 0.33711, 0.40453, 0.43827, 0.34116, 0.31646, 0.26388, 0.24976, 0.23268, 0.36588, 0.43105, 0.43142, 0.44843, 0.50901, 0.43594, 0.42108, 0.55084, 0.48966, 0.50294, 0.34059, 0.23855, 0.22216, 0.27525, 0.30123, 0.37239, 0.50004, 0.58647, 0.53939, 0.50501, 0.63979, 0.50792, 0.45644, 0.51404, 0.54628, 0.54009, 0.64593, 0.61314, 0.56201, 0.49512, 0.58247, 0.73539, 0.6795, 0.62328, 0.66759, 0.70109, 0.70896, 0.80154, 0.85772, 0.84168, 0.85847, 0.77809, 0.74014, 0.69328, 0.62635, 0.61252, 0.69406, 0.64515, 0.66865, 0.81445, 0.9797, 1.13033, 1.02927, 1.08513, 1.09104, 0.95486, 0.98116, 0.89411, 0.88291, 0.95958, 1.10113, 1.02183, 1.07654, 1.26876, 1.25186, 1.15221, 1.05039, 1.07273, 1.17619, 1.21411, 1.1605, 1.29245, 1.34021, 1.21427, 1.2633, 1.2021, 1.18113, 1.12846, 1.18317, 1.14339, 1.0999, 1.03868, 1.05887, 1.17279, 1.08129, 1.11445, 1.16326, 1.10024, 1.00251, 1.08195, 1.12934, 1.0862, 1.16487, 1.28635, 1.36041, 1.36641, 1.35176, 1.3056, 1.36917, 1.42715, 1.45521, 1.49326, 1.42048, 1.45608, 1.42974, 1.46707, 1.56622, 1.49972, 1.51723, 1.52043, 1.6065, 1.62414, 1.55401, 1.49166, 1.56534, 1.71041, 1.6918, 1.58397, 1.58159, 1.61754, 1.64404, 1.59295, 1.5748, 1.59419, 1.58428, 1.65055, 1.66855, 1.63107, 1.6604, 1.73767, 1.73334, 1.77719, 1.92958, 1.93993, 1.90533, 1.93111, 1.80253, 1.63051, 1.61638, 1.63499, 1.66706, 1.63569, 1.70992, 1.76182, 1.81849, 1.85326, 1.96234, 1.92778, 1.89764, 1.96157, 1.95058, 1.94384, 2.05033, 1.9363, 1.86392, 1.89651, 1.95567, 2.01644, 2.00875, 2.02148, 2.051, 1.97957, 2.01154, 2.07106, 2.04562, 2.05773, 2.04699, 2.03335, 2.01243, 2.04851, 2.06835, 2.06704, 2.05054, 2.04715, 2.03667, 2.02073, 2.02416, 2.02852, 2.03784]"
GP,86366,220,1,10,1,767.588,0.04176,0.33494,0.99135,0.96203,0,0.65113,0.98571,0.78632,0.60317,0,0.46317,0.69678,0.27434,0.13509,0.26409,0.24407,0.27521,0.27434,0.08901,0.19697,0.17959,0.21576,32.15421,11.98199,28.81273,27.51736,54.65453,"[0.57886, 0.56519, 0.55773, 0.55315, 0.54988, 0.54721, 0.54481, 0.54253, 0.54029, 0.53807, 0.53586, 0.53364, 0.53142, 0.5292, 0.52698, 0.52476, 0.52254, 0.52032, 0.51811, 0.51589]","[-0.07151, -0.06133, -0.05115, -0.04099, -0.03066, -0.02034, -0.00969, 0.00052, 0.01077, 0.02084, 0.03091, 0.04095, 0.05104, 0.06116, 0.07152, 0.08194, 0.09237, 0.10285, 0.11335, 0.12404, 0.13495, 0.14575, 0.15651, 0.16717, 0.1779, 0.18843, 0.19906, 0.20956, 0.22011, 0.23058, 0.24123, 0.25219, 0.26296, 0.27374, 0.28423, 0.29465, 0.30517, 0.31565, 0.32631, 0.33691, 0.34751, 0.35818, 0.36886, 0.37961, 0.39032, 0.40099, 0.41139, 0.42203, 0.43236, 0.4428, 0.45326, 0.46386, 0.47419, 0.48479, 0.49496, 0.50508, 0.51531, 0.52541, 0.53545, 0.54562, 0.55579, 0.56603, 0.57612, 0.58612, 0.59631, 0.60638, 0.61681, 0.62726, 0.63755, 0.64772, 0.65776, 0.66767, 0.67782, 0.688, 0.69819, 0.70859, 0.71901, 0.72946, 0.74005, 0.75043, 0.76105, 0.77164, 0.78232, 0.79277, 0.80348, 0.81408, 0.82449, 0.83492, 0.84541, 0.85576, 0.86621, 0.87686, 0.88717, 0.89733, 0.90721, 0.91735, 0.92749, 0.93761, 0.94786, 0.95814, 0.9688, 0.9794, 0.99017, 1.00091, 1.01171, 1.02295, 1.03408, 1.04516, 1.05615, 1.06706, 1.07773, 1.0882, 1.09867, 1.10954, 1.12061, 1.13231, 1.14358, 1.15466, 1.16588, 1.17663, 1.18727, 1.19795, 1.20871, 1.21955, 1.23055, 1.24139, 1.25241, 1.2637, 1.27469, 1.28573, 1.29693, 1.30796, 1.31913, 1.33001, 1.34081, 1.35143, 1.36206, 1.37228, 1.38282, 1.39385, 1.40489, 1.4155, 1.42592, 1.43659, 1.44703, 1.45763, 1.46792, 1.47819, 1.48828, 1.49843, 1.50825, 1.51788, 1.52746, 1.53694, 1.54607, 1.55516, 1.56425, 1.57335, 1.58233, 1.59125, 1.60005, 1.60877, 1.6174, 1.62596, 1.63451, 1.64309, 1.65171, 1.66039, 1.66903, 1.67768, 1.68643, 1.69526, 1.70415, 1.71318, 1.72228, 1.73139, 1.74043, 1.74955, 1.75858, 1.76766, 1.77693, 1.78629, 1.79561, 1.80473, 1.81393, 1.82315, 1.83262, 1.84225, 1.85201, 1.86177, 1.87132, 1.88097, 1.89059, 1.90028, 1.91005, 1.91969, 1.92945, 1.93924, 1.94875, 1.95812, 1.96719, 1.97608, 1.9849, 1.99361, 2.0022, 2.01069, 2.01903, 2.02728, 2.03547, 2.0436, 2.05169, 2.05977, 2.06782, 2.07585, 2.08386, 2.09191, 2.09994, 2.10798, 2.11603, 2.12407]"
ARIMA,86366,220,1,10,1,19.913,,,,,,,,,,,,,0.2504,0.12636,0.24902,0.2367,0.26814,0.2504,0.1003,0.197,0.19103,0.22028,29.3476,14.79055,31.73359,32.53682,62.49204,"[0.60281, 0.60332, 0.60324, 0.60325, 0.60325, 0.60325, 0.60325, 0.60325, 0.60325, 0.60325, 0.60325, 0.60325, 0.60325, 0.60325, 0.60325, 0.60325, 0.60325, 0.60325, 0.60325, 0.60325]",
RandomWalk,86366,220,1,10,1,1.212,,,,,,,,,,,,,0.24722,0.12565,0.24837,0.23644,0.26796,0.24722,0.10075,0.19695,0.19144,0.22043,28.97553,14.93573,31.87119,32.75468,62.80143,"[0.60598, 0.60598, 0.60598, 0.60598, 0.60598, 0.60598, 0.60598, 0.60598, 0.60598, 0.60598, 0.60598, 0.60598, 0.60598, 0.60598, 0.60598, 0.60598, 0.60598, 0.60598, 0.60598, 0.60598]",
LSTM,86366,220,1,10,1,57.518,,,,,,,,,,,,,1.07793,2.17943,3.00191,3.29612,3.60434,1.07793,2.09356,2.84561,3.11899,3.41853,126.3391,354.17609,527.56708,608.95214,895.76053,"[1.93114, 2.39268, 2.72912, 3.1073, 3.45385, 3.78008, 4.07569, 4.32417, 4.54121, 4.72182, 4.8608, 4.99502, 5.11903, 5.22718, 5.32346, 5.41009, 5.48968, 5.56514, 5.63817, 5.7103]",
Alg_c,86366,220,1,10,1,0,0.33494,0.33494,0.91793,0.64103,0,0.51965,0.86364,0.7913,0.608,0,0.46643,0.70171,,,,,,,,,,,,,,,,,"[0.0, 0.38831, 0.0, 0.0, 0.09278, 0.0, 0.16095, 0.30172, 0.0, 0.14669, 0.21961, 0.26704, 0.0, 0.0, 0.0, 0.06796, 0.20761, 0.0, 0.0, 0.23692, 0.49943, 0.44947, 0.35053, 0.01119, 0.09757, 0.80767, 0.22885, 0.07572, 0.0, 0.17393, 0.0, 0.0, 0.0, 0.63567, 0.49344, 0.70656, 0.20401, 0.35113, 0.1901, 0.21582, 0.0, 0.49132, 0.57786, 0.39879, 0.34538, 0.76548, 0.3501, 0.13781, 0.92605, 0.38477, 0.8558, 0.16957, 0.02963, 0.07538, 0.33263, 0.21204, 0.25077, 0.58629, 0.85764, 0.49134, 0.14179, 1.21079, 0.26582, 0.2232, 0.59834, 0.60834, 0.32162, 0.92252, 0.64805, 0.63575, 0.16667, 0.44131, 1.16581, 0.63737, 0.41923, 0.68363, 0.73389, 0.5363, 0.89016, 1.00712, 0.80439, 1.05526, 0.68799, 0.7529, 0.73351, 0.5142, 0.43505, 0.94686, 0.49343, 0.41243, 0.73551, 1.00516, 1.70205, 0.57528, 1.18683, 1.40473, 0.58195, 1.23741, 0.69527, 0.68125, 0.86224, 1.52184, 0.76935, 0.87415, 1.69892, 1.49866, 1.145, 0.75825, 0.86623, 1.29674, 1.42175, 0.78315, 1.44895, 1.56882, 0.9476, 1.41515, 1.16556, 1.20896, 0.92395, 1.36358, 1.16384, 1.12262, 0.83948, 0.85533, 1.54969, 0.86029, 1.04021, 1.40366, 1.11828, 0.63109, 1.13919, 1.31272, 0.84386, 1.0443, 1.39532, 1.50917, 1.38871, 1.37925, 1.08568, 1.33549, 1.49091, 1.45253, 1.72695, 1.20331, 1.56487, 1.29614, 1.30506, 1.92534, 1.32042, 1.5981, 1.30178, 1.7639, 1.79931, 1.57264, 1.18664, 1.35975, 2.11143, 1.89275, 1.24561, 1.5519, 1.59778, 1.95104, 1.40774, 1.42549, 1.86981, 1.18542, 1.83564, 1.91004, 1.34768, 1.47526, 2.12629, 1.57966, 1.37568, 2.38532, 2.00762, 1.55583, 2.34906, 1.94233, 1.12185, 1.65376, 1.58952, 1.90874, 1.27194, 1.8521, 1.71414, 1.91752, 1.60594, 2.31379, 1.92844, 1.6368, 2.17861, 1.95765, 1.60274, 2.59491, 1.75289, 1.65392, 1.86549, 1.93446, 2.18821, 1.92047, 1.88637, 2.49715, 1.55185, 1.92381, 2.50171, 1.67058, 2.26397, 2.00166, 2.25847, 0.9924, 2.35662, 2.50568, 2.90948, 0.16744, 2.3332, 2.36731, 0.95165, 2.15632, 1.86658]"
UDE-NN,7296,220,1,10,1,155.949,0.10914,0.30164,0.96629,0.84615,0,0.60415,0.94359,0.92481,0.78723,0,0.57068,0.88125,0.33145,0.38898,0.57454,0.72776,0.91812,0.33145,0.35733,0.50763,0.58871,0.7592,4.29856,4.71189,6.43571,8.29695,11.72479,"[8.04206, 7.69966, 7.54027, 7.45152, 7.39444, 7.35253, 7.31812, 7.28747, 7.25873, 7.23093, 7.20356, 7.17636, 7.14919, 7.12196, 7.09463, 7.06716, 7.03953, 7.01172, 6.98372, 6.95551]","[-0.27461, -0.2709, -0.01373, 0.12644, 0.22051, 0.20946, 0.09986, 0.1176, 0.11452, 0.17105, 0.24255, 0.14877, 0.23428, 0.33289, 0.28448, 0.22385, 0.2529, 0.23444, 0.14804, 0.11253, 0.15358, 0.21397, 0.14557, 0.14175, 0.33882, 0.41407, 0.49056, 0.48179, 0.45123, 0.59007, 0.51229, 0.3452, 0.40725, 0.41209, 0.44173, 0.33506, 0.4188, 0.31531, 0.30066, 0.38173, 0.39022, 0.33394, 0.37425, 0.43724, 0.4107, 0.4647, 0.49351, 0.52952, 0.44701, 0.36953, 0.45839, 0.49921, 0.5517, 0.55315, 0.44356, 0.29661, 0.35593, 0.36414, 0.4049, 0.56813, 0.66348, 0.59729, 0.66079, 0.57084, 0.487, 0.50618, 0.63127, 0.6433, 0.56247, 0.49086, 0.59117, 0.62836, 0.6165, 0.69247, 0.65619, 0.71162, 0.76879, 0.71587, 0.79946, 0.89345, 0.93688, 0.98224, 0.94069, 0.9718, 0.96425, 0.81803, 0.83169, 0.8117, 0.90091, 0.71848, 0.64583, 0.56181, 0.62075, 0.79134, 0.9203, 0.94197, 1.00293, 1.04246, 1.06987, 1.06264, 1.09835, 0.97138, 0.97694, 1.10619, 1.21094, 1.2207, 1.26846, 1.14804, 1.0737, 1.05126, 1.00877, 1.01264, 1.09254, 1.09671, 1.10311, 1.19289, 1.19061, 1.23832, 1.23306, 1.11469, 1.25372, 1.25428, 1.18007, 1.23471, 1.18394, 1.0976, 1.06731, 1.22198, 1.36752, 1.40332, 1.28732, 1.27222, 1.35991, 1.39567, 1.35436, 1.32384, 1.39934, 1.53723, 1.55781, 1.43364, 1.4934, 1.63239, 1.44962, 1.41212, 1.47004, 1.4939, 1.55567, 1.51599, 1.56287, 1.49041, 1.57885, 1.56123, 1.46899, 1.42378, 1.48349, 1.44302, 1.54318, 1.63391, 1.62116, 1.73014, 1.65889, 1.55675, 1.60876, 1.63396, 1.65426, 1.65421, 1.71477, 1.76318, 1.79897, 1.85123, 1.82963, 1.80569, 1.77423, 1.73322, 1.70944, 1.78354, 1.65825, 1.54765, 1.53877, 1.64044, 1.62244, 1.72512, 1.73003, 1.79013, 1.79462, 1.74332, 1.7563, 1.8152, 1.79333, 1.88439, 1.99576, 1.99979, 1.90582, 1.92755, 1.91587, 1.94755, 2.05681, 2.07814, 1.99512, 1.92059, 1.85677, 1.86504, 1.82355, 1.8659, 1.99274, 2.1529, 2.2243, 2.19113, 2.09159, 2.09982, 2.11415, 2.16756, 2.06376, 2.12415, 2.16848, 2.15583, 2.13337, 2.07637, 2.00816, 2.01868]"
GP,7296,220,1,10,1,756.744,0.01421,0.30164,0.99441,0.975,0,0.65647,0.99078,0.93182,0.8125,0,0.58144,0.89403,0.18098,0.46347,0.7907,0.84338,0.90156,0.18098,0.3682,0.6742,0.72725,0.80083,2.34721,4.77631,8.49911,9.87238,11.76636,"[7.8916, 7.48897, 7.29049, 7.17502, 7.09944, 7.0446, 7.00097, 6.96357, 6.92965, 6.89765, 6.86671, 6.83629, 6.80609, 6.77593, 6.74568, 6.71527, 6.68464, 6.65375, 6.62257, 6.59107]","[0.02444, 0.03424, 0.04404, 0.05384, 0.06364, 0.07345, 0.08325, 0.09305, 0.10285, 0.11265, 0.12245, 0.13225, 0.14205, 0.15185, 0.16166, 0.17146, 0.18126, 0.19106, 0.20086, 0.21066, 0.22046, 0.23026, 0.24007, 0.24987, 0.25967, 0.26947, 0.27927, 0.28907, 0.29887, 0.30867, 0.31847, 0.32828, 0.33808, 0.34788, 0.35768, 0.36748, 0.37728, 0.38708, 0.39688, 0.40668, 0.41648, 0.42629, 0.43609, 0.44589, 0.45569, 0.46549, 0.47529, 0.48509, 0.49489, 0.50469, 0.5145, 0.5243, 0.5341, 0.5439, 0.5537, 0.5635, 0.5733, 0.5831, 0.5929, 0.60271, 0.61251, 0.62231, 0.63211, 0.64191, 0.65171, 0.66151, 0.67131, 0.68111, 0.69092, 0.70072, 0.71052, 0.72032, 0.73012, 0.73992, 0.74972, 0.75952, 0.76933, 0.77913, 0.78893, 0.79873, 0.80853, 0.81833, 0.82813, 0.83794, 0.84774, 0.85754, 0.86734, 0.87714, 0.88694, 0.89674, 0.90654, 0.91635, 0.92615, 0.93595, 0.94575, 0.95555, 0.96535, 0.97515, 0.98496, 0.99476, 1.00456, 1.01436, 1.02416, 1.03396, 1.04376, 1.05357, 1.06337, 1.07317, 1.08297, 1.09277, 1.10257, 1.11237, 1.12218, 1.13198, 1.14178, 1.15158, 1.16138, 1.17118, 1.18098, 1.19079, 1.20059, 1.21039, 1.22019, 1.22999, 1.23979, 1.24959, 1.2594, 1.2692, 1.279, 1.2888, 1.2986, 1.3084, 1.3182, 1.32801, 1.33781, 1.34761, 1.35741, 1.36721, 1.37701, 1.38681, 1.39662, 1.40642, 1.41622, 1.42602, 1.43582, 1.44562, 1.45542, 1.46522, 1.47503, 1.48483, 1.49463, 1.50443, 1.51423, 1.52403, 1.53383, 1.54363, 1.55344, 1.56324, 1.57304, 1.58284, 1.59264, 1.60244, 1.61224, 1.62204, 1.63185, 1.64165, 1.65145, 1.66125, 1.67105, 1.68085, 1.69065, 1.70045, 1.71025, 1.72006, 1.72986, 1.73966, 1.74946, 1.75926, 1.76906, 1.77886, 1.78866, 1.79846, 1.80827, 1.81807, 1.82787, 1.83767, 1.84747, 1.85727, 1.86707, 1.87687, 1.88667, 1.89648, 1.90628, 1.91608, 1.92588, 1.93568, 1.94548, 1.95528, 1.96508, 1.97488, 1.98469, 1.99449, 2.00429, 2.01409, 2.02389, 2.03369, 2.04349, 2.05329, 2.06309, 2.07289, 2.0827, 2.0925, 2.1023, 2.1121, 2.1219, 2.1317, 2.1415, 2.1513, 2.1611, 2.17091]"
UDE-NN,91809,220,1,10,1,156.704,0.16667,0.45566,0.95833,0.81579,0,0.59137,0.92996,0.89231,0,0,0.29744,0.89231,0.06938,1.1028,1.94707,2.46011,2.97584,0.06938,0.72771,1.47448,1.92279,2.41054,0.66149,8.47803,13.24318,16.21355,19.42214,"[10.4188, 10.2651, 10.14308, 10.02795, 9.91589, 9.80618, 9.69861, 9.59308, 9.4895, 9.38777, 9.28784, 9.18961, 9.09301, 8.99796, 8.90439, 8.81224, 8.72141, 8.63185, 8.54349, 8.45625]","[-0.28521, -0.31726, -0.33527, -0.11273, -0.06952, -0.11218, -0.19893, -0.09848, -0.11178, 0.06605, 0.03627, 0.02006, -0.08544, -0.04523, 0.04761, 0.31334, 0.41907, 0.10859, -0.12808, -0.26192, -0.20747, 0.06395, 0.1578, 0.25642, 0.31633, 0.14072, 0.17111, 0.20459, 0.14365, 0.19312, 0.33679, 0.23606, 0.22344, 0.40026, 0.37324, 0.42937, 0.43861, 0.62493, 0.80698, 0.63908, 0.47526, 0.57194, 0.52042, 0.50322, 0.43443, 0.08027, 0.20702, 0.34025, 0.56485, 0.63499, 0.83772, 0.85033, 0.67968, 0.53572, 0.58265, 0.3987, 0.47951, 0.58968, 0.53537, 0.54261, 0.44393, 0.42748, 0.63916, 0.71145, 0.86845, 0.94691, 0.97973, 0.83887, 0.8406, 0.71368, 0.85442, 0.69898, 0.64786, 0.81133, 0.77766, 0.8038, 0.86485, 0.87816, 0.9397, 1.07376, 1.0748, 0.89676, 0.89437, 0.82651, 0.86997, 0.71823, 0.7914, 0.86903, 0.69041, 0.7724, 0.76911, 0.67191, 0.89885, 0.79949, 0.81563, 0.82562, 0.88713, 1.17588, 1.29009, 1.29433, 1.12615, 0.90512, 0.99197, 1.10008, 1.13992, 1.19024, 1.09599, 1.22909, 1.06632, 0.97803, 0.87225, 0.88756, 0.9077, 0.961, 1.11863, 1.23717, 1.18915, 1.2248, 1.02239, 1.15752, 1.11987, 1.22575, 1.22903, 1.07989, 1.04837, 1.01135, 1.1279, 1.27206, 1.30864, 1.12695, 1.11126, 1.29254, 1.49178, 1.46589, 1.42404, 1.20427, 1.19049, 1.13681, 1.15229, 1.2098, 1.45598, 1.56352, 1.56483, 1.53641, 1.45216, 1.35992, 1.43139, 1.40713, 1.44266, 1.65707, 1.60952, 1.53763, 1.60259, 1.73577, 1.7167, 1.59782, 1.63093, 1.75774, 1.49106, 1.38066, 1.32935, 1.40114, 1.62982, 1.54215, 1.5112, 1.51451, 1.63301, 1.71745, 1.86575, 1.92651, 1.94297, 1.76619, 1.63957, 1.72521, 1.84124, 1.77104, 1.73945, 1.49164, 1.35871, 1.37985, 1.6686, 1.77841, 1.7016, 1.70046, 1.62574, 1.62887, 1.64108, 1.98813, 2.21645, 2.23438, 2.00058, 1.92907, 2.09761, 1.91627, 1.83342, 1.65256, 1.82952, 2.01033, 2.17389, 2.20088, 2.07069, 2.05736, 1.84868, 1.68442, 1.95646, 2.21442, 2.07005, 2.01169, 2.16939, 2.261, 2.24899, 2.26196, 2.24405, 2.25111, 2.32973, 2.32758, 2.09242, 2.23017, 2.269, 2.28059]"
GP,91809,220,1,10,1,750.144,0.04266,0.45566,0.99408,0.975,0,0.65636,0.99034,0.8785,0,0,0.29283,0.8785,0.0129,1.14244,1.8908,2.38559,2.88375,0.0129,0.75478,1.42917,1.86294,2.33364,0.123,8.82689,12.91729,15.77719,18.85517,"[10.50108, 10.36025, 10.24306, 10.13135, 10.02258, 9.91628, 9.8123, 9.71057, 9.61099, 9.5135, 9.41803, 9.32449, 9.23283, 9.14298, 9.05487, 8.96844, 8.88363, 8.80039, 8.71865, 8.63836]","[-0.11274, -0.10241, -0.09198, -0.08108, -0.07093, -0.05959, -0.04706, -0.03507, -0.02391, -0.01364, -0.00317, 0.00712, 0.01799, 0.02989, 0.04349, 0.0564, 0.06913, 0.08236, 0.09435, 0.10694, 0.12029, 0.13313, 0.14616, 0.15964, 0.17168, 0.18375, 0.19576, 0.20691, 0.21955, 0.23247, 0.24597, 0.25986, 0.2737, 0.28714, 0.30181, 0.31523, 0.32861, 0.34246, 0.35618, 0.36871, 0.38086, 0.39265, 0.40517, 0.41881, 0.43298, 0.44729, 0.46093, 0.47482, 0.48724, 0.5005, 0.51434, 0.52712, 0.5401, 0.55298, 0.56627, 0.57944, 0.59248, 0.60583, 0.61811, 0.62914, 0.64127, 0.6536, 0.66596, 0.67709, 0.68763, 0.69751, 0.70631, 0.71562, 0.72583, 0.73606, 0.74683, 0.75794, 0.7684, 0.77898, 0.79012, 0.80136, 0.81201, 0.82358, 0.83449, 0.84485, 0.85579, 0.86621, 0.87528, 0.88427, 0.89256, 0.9007, 0.90899, 0.9175, 0.92544, 0.93333, 0.94148, 0.94947, 0.95773, 0.96635, 0.97424, 0.98204, 0.98997, 0.99726, 1.00486, 1.01252, 1.02011, 1.02726, 1.03478, 1.04281, 1.05083, 1.05903, 1.06806, 1.07688, 1.08607, 1.0951, 1.10476, 1.11488, 1.12456, 1.13261, 1.14079, 1.14919, 1.15823, 1.16819, 1.17826, 1.18915, 1.19919, 1.20898, 1.21842, 1.227, 1.23501, 1.24283, 1.25036, 1.2585, 1.26716, 1.2757, 1.28356, 1.29107, 1.2986, 1.30594, 1.31354, 1.32184, 1.33182, 1.34342, 1.35562, 1.36709, 1.37897, 1.39009, 1.39929, 1.40872, 1.41786, 1.42721, 1.43687, 1.44653, 1.45584, 1.46583, 1.47642, 1.48665, 1.49684, 1.50745, 1.51754, 1.52794, 1.5386, 1.5494, 1.55912, 1.56895, 1.5787, 1.58855, 1.59879, 1.60881, 1.61942, 1.62905, 1.63896, 1.64865, 1.65905, 1.6696, 1.68042, 1.69118, 1.70083, 1.71104, 1.72177, 1.73331, 1.74499, 1.75585, 1.76762, 1.77941, 1.79093, 1.80196, 1.81317, 1.8247, 1.83694, 1.84993, 1.86275, 1.87635, 1.89042, 1.90451, 1.91681, 1.92964, 1.9421, 1.95358, 1.96444, 1.97553, 1.98682, 1.9978, 2.00741, 2.01704, 2.0266, 2.03618, 2.04575, 2.05485, 2.06392, 2.07327, 2.08147, 2.0896, 2.09796, 2.1064, 2.1141, 2.12139, 2.1289, 2.13687, 2.14546, 2.1552, 2.16496, 2.17518, 2.18646, 2.19761]"
ARIMA,7296,220,1,10,1,19.188,,,,,,,,,,,,,1.44804,1.72726,1.60546,1.93945,2.4029,1.44804,1.70772,1.57565,1.80369,2.18612,18.77976,22.71021,20.52077,25.30665,33.34418,"[9.15865, 9.23861, 9.29437, 9.33283, 9.35893, 9.37625, 9.38738, 9.39416, 9.39792, 9.39963, 9.39994, 9.39934, 9.39816, 9.39665, 9.39497, 9.39322, 9.39148, 9.3898, 9.3882, 9.38671]",
RandomWalk,7296,220,1,10,1,1.183,,,,,,,,,,,,,1.52017,1.68386,1.51139,1.83202,2.28228,1.52017,1.66184,1.47257,1.68965,2.06172,19.71532,22.11316,19.21196,23.76932,31.53023,"[9.23079, 9.23079, 9.23079, 9.23079, 9.23079, 9.23079, 9.23079, 9.23079, 9.23079, 9.23079, 9.23079, 9.23079, 9.23079, 9.23079, 9.23079, 9.23079, 9.23079, 9.23079, 9.23079, 9.23079]",
LSTM,7296,220,1,10,1,54.964,,,,,,,,,,,,,1.53154,1.60104,1.16444,1.29275,1.5456,1.53154,1.55539,0.90729,1.00413,1.261,19.86272,20.74893,12.05877,14.40697,19.59842,"[9.24216, 9.19606, 9.19047, 9.13515, 8.85789, 8.53723, 8.30483, 8.13189, 8.00676, 7.95071, 7.93565, 7.95251, 7.98481, 7.98899, 7.93398, 7.82549, 7.68418, 7.52604, 7.36974, 7.2288]",
Alg_c,7296,220,1,10,1,0,0.30164,0.30164,0.92447,0.70588,0,0.54345,0.88243,0.87843,0.69307,0,0.52383,0.82012,,,,,,,,,,,,,,,,,"[0.0, 0.0, 0.18762, 0.22379, 0.45664, 0.43235, 0.0, 0.13367, 0.0, 0.15282, 0.61105, 0.0, 0.1533, 0.6412, 0.31538, 0.03243, 0.34963, 0.37434, 0.04332, 0.0, 0.0697, 0.51151, 0.0, 0.0, 0.58362, 0.38128, 0.66553, 0.54674, 0.04789, 1.05161, 0.69126, 0.0, 0.57625, 0.31814, 0.79763, 0.0, 0.96766, 0.07816, 0.09663, 0.5382, 0.55453, 0.07835, 0.32787, 0.65114, 0.21072, 0.52078, 0.48552, 0.77108, 0.45041, 0.02427, 0.56673, 0.44884, 0.64503, 0.76778, 0.50913, 0.0, 0.43822, 0.28084, 0.15655, 0.7116, 0.98876, 0.38054, 0.94851, 0.58961, 0.25948, 0.30137, 0.8748, 0.87758, 0.60189, 0.16461, 0.66479, 0.71923, 0.45704, 0.89414, 0.48586, 0.69595, 1.01218, 0.41849, 0.7814, 0.99569, 0.92097, 1.17219, 0.77411, 1.01217, 1.32369, 0.38136, 0.9591, 0.52641, 1.4997, 0.4467, 0.69909, 0.27326, 0.39498, 0.86162, 1.15609, 0.78854, 1.06733, 1.04493, 1.16286, 0.88566, 1.51557, 0.62345, 0.72111, 1.14481, 1.41214, 1.07352, 1.62958, 1.07209, 0.97313, 1.11063, 0.91733, 0.8461, 1.26921, 1.10229, 0.87731, 1.4347, 1.00946, 1.32278, 1.57798, 0.44798, 1.55414, 1.42352, 0.76557, 1.54361, 1.23244, 1.02179, 0.67158, 1.26019, 1.53138, 1.83221, 0.9377, 1.0326, 1.51981, 1.56787, 1.34094, 1.1017, 1.23702, 1.79647, 1.96612, 0.89667, 1.22606, 2.52724, 0.94107, 1.25078, 1.59284, 1.35902, 1.83036, 1.22041, 1.92246, 1.06002, 1.84587, 1.70517, 1.36899, 1.17135, 1.83316, 1.02041, 1.57823, 1.94851, 1.12816, 2.22757, 1.7344, 1.13479, 1.73163, 1.62357, 1.72575, 1.50096, 1.7696, 1.79594, 1.71595, 2.02823, 1.77805, 1.81822, 1.80119, 1.71872, 1.42561, 2.26256, 1.55604, 1.32499, 1.34425, 1.85588, 1.41024, 1.89004, 1.646, 1.89502, 1.9012, 1.61179, 1.65142, 1.95315, 1.57473, 1.80329, 2.22878, 2.22086, 1.63891, 2.01307, 1.83499, 1.81536, 2.21534, 2.2828, 2.01443, 1.88218, 1.71798, 1.94516, 1.63812, 1.6576, 1.89125, 2.37541, 2.50168, 2.31329, 1.88161, 2.06977, 2.01111, 2.58473, 1.58745, 2.16528, 2.28159, 2.14242, 2.20269, 2.11814, 1.83276]"
ARIMA,91809,220,1,10,1,19.448,,,,,,,,,,,,,0.37444,1.50329,1.46622,1.69356,1.92903,0.37444,1.11685,1.15196,1.38337,1.60617,3.57009,12.83225,11.19857,12.49069,13.64701,"[10.86262, 10.86262, 10.86262, 10.86262, 10.86262, 10.86262, 10.86262, 10.86262, 10.86262, 10.86262, 10.86262, 10.86262, 10.86262, 10.86262, 10.86262, 10.86262, 10.86262, 10.86262, 10.86262, 10.86262]",
RandomWalk,91809,220,1,10,1,1.24,,,,,,,,,,,,,0.37444,1.50329,1.46622,1.69356,1.92903,0.37444,1.11685,1.15196,1.38337,1.60617,3.57009,12.83225,11.19857,12.49069,13.64701,"[10.86262, 10.86262, 10.86262, 10.86262, 10.86262, 10.86262, 10.86262, 10.86262, 10.86262, 10.86262, 10.86262, 10.86262, 10.86262, 10.86262, 10.86262, 10.86262, 10.86262, 10.86262, 10.86262, 10.86262]",
LSTM,91809,220,1,10,1,54.538,,,,,,,,,,,,,0.07265,0.93655,1.63025,2.2485,2.69347,0.07265,0.80183,1.29476,1.76657,2.19839,0.69272,8.62878,11.50873,14.71985,17.59556,"[10.41553, 9.3985, 9.17078, 8.98927, 9.42051, 9.96028, 10.21669, 10.23927, 10.04142, 9.68534, 9.35804, 9.19678, 9.2491, 9.4427, 9.61113, 9.66112, 9.59752, 9.45535, 9.29575, 9.18393]",
Alg_c,91809,220,1,10,1,0,0.45566,0.45566,0.90675,0.54795,0,0.4849,0.83315,0.87213,0,0,0.29071,0.87213,,,,,,,,,,,,,,,,,"[0.0, 0.0, 0.0, 0.29013, 0.11452, 0.0, 0.0, 0.09658, 0.0, 0.48362, 0.0, 0.20009, 0.0, 0.0, 0.0, 0.77113, 1.37174, 0.0, 0.0, 0.0, 0.0, 0.36857, 0.24288, 0.37537, 0.74738, 0.0, 0.19991, 0.37121, 0.0, 0.05035, 0.79252, 0.09496, 0.0, 0.74121, 0.27851, 0.42678, 0.07079, 0.61824, 1.53048, 0.66393, 0.0, 0.83093, 0.5146, 0.74489, 0.90445, 0.0, 0.0, 0.19359, 0.79764, 0.44986, 1.24638, 1.26654, 0.59216, 0.18815, 0.93411, 0.0, 0.33676, 0.93526, 0.40761, 0.73259, 0.21091, 0.0, 0.89066, 0.54177, 1.0111, 0.94493, 1.36337, 0.49608, 1.14466, 0.17976, 1.44136, 0.47155, 0.21828, 1.19954, 0.67832, 0.74743, 0.95498, 0.79395, 0.80009, 1.34981, 1.48921, 0.45982, 1.09832, 0.47119, 1.44564, 0.13844, 0.71413, 1.56665, 0.0, 1.00001, 1.0662, 0.0, 1.6925, 0.39279, 0.89758, 0.84004, 0.27315, 1.64317, 1.36881, 1.60442, 1.32162, 0.12662, 1.03534, 1.27369, 1.0322, 1.58791, 0.44832, 1.94927, 0.76627, 1.04074, 0.62333, 0.88358, 0.87909, 0.72143, 1.18111, 1.61141, 0.90966, 1.72295, 0.32733, 1.56301, 0.78391, 1.40654, 1.57474, 0.74612, 1.20406, 0.64184, 1.10264, 1.44775, 1.81429, 0.75731, 0.74272, 1.18959, 2.0664, 1.20034, 1.96401, 0.67448, 1.25433, 1.00203, 1.02781, 0.83558, 1.66577, 1.73595, 1.57725, 1.64484, 1.48773, 0.99513, 1.6831, 1.28284, 1.05387, 2.20237, 1.63565, 1.24906, 1.42925, 2.05237, 1.90963, 1.26675, 1.30487, 2.66401, 1.07007, 1.32117, 1.09989, 0.99492, 2.34416, 1.42782, 1.474, 1.26944, 1.75698, 1.5624, 2.05323, 1.99885, 2.35437, 1.6307, 1.21228, 1.69405, 2.21711, 1.65605, 2.19383, 1.24569, 0.99589, 0.79714, 2.02626, 2.1451, 1.53113, 1.82859, 1.47957, 1.50318, 0.97381, 2.21203, 2.72717, 2.70516, 1.65268, 1.39108, 2.81554, 1.63555, 2.03079, 0.92725, 1.77048, 2.00426, 2.40374, 2.53183, 1.70688, 2.52053, 1.82928, 0.74435, 1.79598, 3.22365, 1.70342, 1.52678, 2.3341, 2.49394, 2.07114, 2.38524, 2.20512, 2.05973, 2.42982, 2.94313, 1.18162, 2.44015, 2.31327]"
UDE-NN,91328,220,1,10,1,158.005,0.11137,0.33485,0.98286,0.92105,0,0.63464,0.97096,0.89231,0,0,0.29744,0.89231,0.32209,2.20841,3.81622,3.94364,3.62592,0.32209,1.70405,3.23939,3.45267,3.12497,2.00346,13.71521,32.55224,35.21336,31.34053,"[15.75434, 16.33584, 15.65096, 15.60964, 15.26332, 15.06595, 14.81412, 14.59374, 14.37041, 14.15665, 13.94783, 13.74517, 13.54805, 13.35641, 13.17003, 12.98874, 12.81238, 12.64077, 12.47377, 12.31121]","[0.04668, -0.02412, -0.07445, 0.09914, 0.08986, 0.01087, 0.10679, 0.15464, 0.18831, 0.22831, 0.13374, 0.11143, 0.11164, 0.15587, 0.15718, 0.09997, -0.03201, 0.11402, 0.03972, -0.06162, -0.11307, -0.03858, 0.25681, 0.26904, 0.19859, 0.22622, 0.2317, 0.17698, 0.18339, 0.23118, 0.31223, 0.20395, 0.13775, 0.19971, 0.1681, 0.13376, 0.28385, 0.36739, 0.35717, 0.28077, 0.38739, 0.54675, 0.52181, 0.44964, 0.54508, 0.47858, 0.42994, 0.49976, 0.52944, 0.51858, 0.58803, 0.54951, 0.53599, 0.49141, 0.50511, 0.55774, 0.6061, 0.65881, 0.70071, 0.66758, 0.51608, 0.45118, 0.56042, 0.57157, 0.48357, 0.48394, 0.43901, 0.48085, 0.51496, 0.70715, 0.81297, 0.73682, 0.66317, 0.7179, 0.68093, 0.78771, 0.8507, 0.825, 0.8198, 0.82654, 0.79883, 0.97669, 1.03494, 0.98745, 1.06579, 0.95283, 0.97122, 0.94936, 0.90158, 0.81086, 0.84833, 0.80954, 0.9091, 0.8829, 0.94519, 0.9743, 1.13328, 0.99863, 1.05798, 1.13946, 1.06916, 1.04607, 1.01279, 1.04794, 1.06827, 1.20594, 1.21304, 1.11479, 1.12156, 1.25915, 1.19129, 1.06228, 1.15994, 1.15869, 1.32284, 1.28592, 1.10401, 1.03964, 1.03107, 1.06889, 1.16152, 1.26373, 1.19081, 1.18856, 1.15047, 1.11144, 1.1606, 1.36138, 1.47157, 1.49926, 1.40713, 1.42427, 1.32825, 1.3777, 1.36772, 1.33925, 1.27005, 1.36904, 1.35157, 1.41919, 1.34133, 1.30463, 1.36336, 1.41357, 1.44588, 1.49781, 1.43536, 1.42019, 1.48257, 1.62913, 1.73054, 1.75146, 1.76305, 1.70371, 1.65931, 1.64497, 1.72462, 1.69216, 1.69071, 1.62695, 1.51645, 1.58528, 1.66142, 1.68262, 1.67451, 1.70397, 1.62746, 1.68148, 1.73136, 1.76535, 1.73983, 1.68017, 1.65804, 1.70357, 1.64157, 1.58737, 1.66399, 1.70684, 1.72491, 1.75084, 1.72305, 1.73974, 1.81991, 1.86038, 1.74359, 1.79923, 1.94569, 2.00397, 1.907, 1.81239, 1.8327, 1.82237, 1.86941, 1.89349, 1.96671, 1.93309, 2.07347, 2.05248, 2.00161, 2.01425, 1.9831, 1.88585, 1.90813, 2.02768, 1.9916, 2.05504, 2.13636, 2.18363, 2.18078, 2.27121, 2.26632, 2.1958, 2.12984, 1.98255, 1.79377, 1.77783, 1.87669, 1.92943, 1.8863, 1.89426]"
GP,91328,220,1,10,1,792.479,0.02549,0.33485,0.9972,0.98765,0,0.66162,0.99541,0.875,0,0,0.29167,0.875,0.51114,2.13106,3.72224,3.84646,3.53043,0.51114,1.64939,3.15461,3.36336,3.03143,3.17946,13.26212,31.72938,34.32745,30.44029,"[15.56529, 16.22857, 15.53144, 15.48829, 15.14908, 14.94778, 14.69966, 14.47867, 14.25678, 14.04352, 13.83551, 13.6335, 13.43704, 13.24599, 13.06016, 12.87938, 12.70347, 12.53227, 12.36562, 12.20336]","[0.00992, 0.01808, 0.02597, 0.03295, 0.04029, 0.04754, 0.05527, 0.06266, 0.07073, 0.07857, 0.08657, 0.09468, 0.10225, 0.11025, 0.11872, 0.12736, 0.13669, 0.14612, 0.15568, 0.1652, 0.17417, 0.1827, 0.19131, 0.19947, 0.2084, 0.2174, 0.22689, 0.2364, 0.24582, 0.25517, 0.26512, 0.27535, 0.28554, 0.29526, 0.30486, 0.31468, 0.3241, 0.33308, 0.34297, 0.3534, 0.36358, 0.37392, 0.38482, 0.39665, 0.409, 0.42148, 0.43443, 0.44774, 0.46121, 0.47492, 0.4889, 0.50296, 0.51731, 0.5317, 0.54611, 0.56031, 0.57438, 0.58829, 0.60191, 0.61526, 0.62838, 0.64122, 0.65344, 0.66482, 0.67529, 0.68542, 0.69538, 0.70477, 0.71324, 0.72132, 0.72972, 0.73806, 0.74691, 0.75576, 0.76464, 0.77346, 0.78164, 0.79017, 0.79915, 0.80837, 0.81719, 0.82562, 0.8332, 0.84174, 0.84991, 0.85842, 0.86656, 0.87493, 0.88338, 0.89276, 0.90247, 0.9126, 0.92266, 0.93226, 0.94202, 0.95209, 0.96241, 0.97246, 0.98305, 0.99394, 1.00498, 1.01646, 1.02764, 1.03881, 1.05002, 1.06091, 1.07147, 1.0821, 1.09284, 1.10335, 1.11338, 1.12363, 1.1338, 1.1433, 1.15248, 1.16202, 1.17243, 1.18309, 1.19341, 1.20405, 1.21477, 1.22527, 1.23575, 1.2464, 1.25674, 1.26688, 1.27637, 1.2855, 1.29399, 1.30214, 1.31015, 1.31787, 1.32561, 1.33381, 1.34155, 1.35013, 1.35945, 1.36903, 1.37889, 1.3888, 1.39835, 1.40808, 1.41789, 1.42748, 1.43696, 1.44626, 1.45563, 1.46495, 1.47411, 1.48334, 1.49281, 1.50217, 1.5107, 1.51893, 1.5275, 1.53596, 1.54485, 1.55447, 1.56454, 1.57469, 1.58478, 1.59491, 1.60484, 1.6152, 1.62573, 1.63636, 1.64718, 1.65852, 1.66986, 1.68125, 1.69309, 1.70501, 1.7168, 1.72791, 1.73819, 1.74811, 1.75789, 1.7677, 1.7778, 1.78801, 1.79858, 1.80903, 1.81952, 1.82986, 1.84017, 1.8505, 1.86055, 1.87037, 1.87979, 1.88934, 1.89849, 1.90721, 1.9158, 1.92438, 1.93352, 1.94306, 1.95288, 1.96255, 1.97242, 1.98196, 1.99115, 2.00005, 2.00798, 2.01533, 2.02259, 2.02924, 2.0355, 2.04104, 2.04628, 2.04962, 2.05357, 2.05694, 2.06185, 2.06593, 2.06995, 2.0729, 2.07604, 2.07923, 2.08072, 2.08394]"
ARIMA,91328,220,1,10,1,19.264,,,,,,,,,,,,,1.41781,3.78511,6.13592,6.51887,6.41097,1.41781,3.34664,5.50772,5.95091,5.95077,8.81921,25.91744,53.89496,59.5158,57.94705,"[17.49424, 17.49424, 17.49424, 17.49424, 17.49424, 17.49424, 17.49424, 17.49424, 17.49424, 17.49424, 17.49424, 17.49424, 17.49424, 17.49424, 17.49424, 17.49424, 17.49424, 17.49424, 17.49424, 17.49424]",
RandomWalk,91328,220,1,10,1,2.56,,,,,,,,,,,,,1.41781,3.78511,6.13592,6.51887,6.41097,1.41781,3.34664,5.50772,5.95091,5.95077,8.81921,25.91744,53.89496,59.5158,57.94705,"[17.49424, 17.49424, 17.49424, 17.49424, 17.49424, 17.49424, 17.49424, 17.49424, 17.49424, 17.49424, 17.49424, 17.49424, 17.49424, 17.49424, 17.49424, 17.49424, 17.49424, 17.49424, 17.49424, 17.49424]",
LSTM,91328,220,1,10,1,52.805,,,,,,,,,,,,,1.98749,1.49287,2.12253,2.31215,2.10203,1.98749,1.46501,1.78009,1.99788,1.74388,12.36278,10.44715,17.23403,19.88406,17.19049,"[14.08894, 13.82338, 13.21706, 12.82182, 12.30821, 11.90028, 11.69971, 11.71777, 12.00735, 12.24693, 12.39376, 12.43464, 12.38136, 12.27045, 12.16393, 12.11719, 12.13253, 12.18625, 12.24501, 12.28505]",
Alg_c,91328,220,1,10,1,0,0.33485,0.33485,0.92547,0.69231,0,0.53926,0.87883,0.87662,0,0,0.29221,0.87662,,,,,,,,,,,,,,,,,"[0.21256, 0.0, 0.0, 0.4669, 0.25648, 0.0, 0.17697, 0.17924, 0.1682, 0.51435, 0.0, 0.05781, 0.01696, 0.24591, 0.25829, 0.29367, 0.0, 0.64648, 0.0253, 0.0, 0.0, 0.0, 0.80698, 0.39031, 0.0, 0.28071, 0.37111, 0.03516, 0.11394, 0.08947, 0.77498, 0.04922, 0.0, 0.42637, 0.19195, 0.0, 0.40106, 0.51748, 0.52512, 0.0, 0.26062, 0.94727, 0.65861, 0.0, 1.12114, 0.40407, 0.0, 0.73353, 0.78961, 0.0, 1.43552, 0.0, 1.56797, 0.0, 0.39246, 0.73584, 0.5377, 0.599, 0.84957, 1.18014, 0.19113, 0.0, 0.95418, 0.7923, 0.21495, 0.67004, 0.22141, 0.51509, 0.17816, 0.8902, 1.1788, 0.71161, 0.37075, 0.98728, 0.33767, 0.87482, 1.03285, 0.76508, 0.79048, 0.9637, 0.35774, 1.17223, 1.23793, 0.65857, 1.52468, 0.64776, 1.07591, 0.98757, 1.02424, 0.48384, 1.15601, 0.39654, 1.25889, 0.63232, 1.12711, 0.52517, 1.93, 0.40141, 1.0273, 1.56422, 0.7919, 1.15233, 0.8177, 1.22599, 0.67406, 1.52586, 1.46328, 0.86157, 0.76162, 1.75495, 1.36132, 0.4117, 1.52628, 0.72347, 1.71503, 1.60194, 0.72327, 0.99039, 0.98571, 0.96674, 1.07033, 1.7374, 0.86378, 1.31775, 1.16874, 0.97489, 0.83255, 1.57759, 1.59369, 1.74472, 1.15522, 1.70246, 0.98735, 1.4956, 1.38266, 1.48119, 0.82883, 1.76156, 1.01968, 1.7968, 1.22853, 1.09981, 1.41718, 1.45768, 1.34588, 1.78371, 1.30581, 1.29548, 1.30485, 1.72064, 1.89629, 1.72543, 1.91489, 1.65369, 1.62019, 1.40698, 2.03117, 1.51432, 1.83555, 1.80927, 1.05483, 1.61217, 1.78076, 1.74459, 1.4962, 2.09582, 1.16505, 1.78875, 1.7127, 1.89799, 1.8333, 1.57553, 1.40661, 2.03303, 1.6215, 1.27489, 1.78466, 1.75199, 1.6535, 1.92478, 1.61979, 1.58324, 1.85253, 2.35022, 1.24192, 1.62623, 2.14398, 2.31848, 1.86454, 1.53723, 1.95831, 1.68285, 1.94795, 1.72913, 2.32986, 1.36648, 2.51533, 2.05586, 1.80834, 2.10982, 2.14943, 1.62318, 1.69146, 2.3728, 1.77863, 2.02489, 2.20289, 2.23382, 2.02422, 2.48188, 2.47694, 2.225, 2.31405, 1.9874, 1.34023, 1.42029, 2.01885, 2.2206, 1.81784]"
UDE-NN,1322,220,1,10,1,158.684,0.1133,0.45531,0.98851,0.95238,0,0.64696,0.98165,0.93893,0.7191,0,0.55268,0.83581,0.38533,0.32202,0.27446,0.25759,0.26723,0.38533,0.28304,0.21684,0.19902,0.20793,3.85E+11,1.64E+11,1.27E+11,1.06E+11,8.47E+10,"[0.38533, 0.41752, 0.43406, 0.44221, 0.44632, 0.44854, 0.44988, 0.45075, 0.45137, 0.4518, 0.45208, 0.45225, 0.4523, 0.45225, 0.45209, 0.45184, 0.45151, 0.45108, 0.45058, 0.45]","[-0.21772, -0.11176, -0.0428, 0.02341, 0.04144, -0.00524, 0.05834, 0.04855, 0.18028, 0.27021, 0.14222, 0.15269, 0.23363, 0.16298, 0.20111, 0.19965, 0.24933, 0.36281, 0.21076, 0.0764, 0.11165, 0.08542, 0.10911, 0.14248, 0.23215, 0.33999, 0.22997, 0.20229, 0.37927, 0.30185, 0.29318, 0.22832, 0.11063, 0.1233, 0.08147, 0.08583, 0.15496, 0.19294, 0.43895, 0.56002, 0.68791, 0.60491, 0.53203, 0.495, 0.46409, 0.48831, 0.54116, 0.63605, 0.65133, 0.67256, 0.64229, 0.61116, 0.69867, 0.64202, 0.64617, 0.72958, 0.74192, 0.72795, 0.6356, 0.55743, 0.51698, 0.49554, 0.479, 0.54337, 0.62625, 0.61612, 0.56412, 0.5323, 0.53932, 0.63516, 0.67661, 0.76703, 0.74724, 0.63526, 0.69795, 0.8242, 0.89178, 0.82821, 0.87261, 0.7815, 0.80188, 0.70374, 0.73914, 0.77221, 0.80768, 0.80779, 0.8777, 1.02756, 0.99891, 0.85809, 0.85526, 0.97023, 1.01418, 1.13023, 1.07425, 1.02601, 0.96705, 0.90612, 0.86808, 0.85782, 0.90487, 1.0008, 1.11272, 1.19345, 1.15214, 1.13189, 1.07223, 1.16086, 1.12069, 1.12209, 1.11829, 1.17053, 1.11609, 1.09851, 1.14321, 1.05383, 1.09649, 1.2405, 1.29804, 1.26203, 1.14694, 1.085, 1.10677, 1.18058, 1.23588, 1.13317, 1.21215, 1.2296, 1.22083, 1.24989, 1.20506, 1.26458, 1.36537, 1.38796, 1.31018, 1.31889, 1.34581, 1.39787, 1.37749, 1.40757, 1.39688, 1.414, 1.35757, 1.35163, 1.35227, 1.41825, 1.48449, 1.52843, 1.5553, 1.6284, 1.73205, 1.72065, 1.70566, 1.68208, 1.67639, 1.78249, 1.71231, 1.57225, 1.55994, 1.59139, 1.62461, 1.67016, 1.7832, 1.83652, 1.8121, 1.84898, 1.77031, 1.58428, 1.47252, 1.48744, 1.54282, 1.52214, 1.64229, 1.64594, 1.64009, 1.68827, 1.63229, 1.66771, 1.62394, 1.69563, 1.83636, 1.85931, 1.9045, 1.88287, 1.91026, 1.89852, 1.89317, 1.83587, 1.8443, 1.92267, 1.93628, 1.88976, 1.93202, 1.98977, 2.0371, 2.06974, 2.09066, 2.09821, 2.10422, 2.07708, 2.05052, 2.04347, 2.02557, 2.01087, 2.02414, 2.02279, 2.01548, 1.96625, 1.92527, 1.91442, 1.87493, 1.86551, 1.8617, 1.88252, 1.8946, 1.91914, 1.9963, 2.06867, 2.09924, 2.10973]"
GP,1322,220,1,10,1,745.196,0.05949,0.45531,0.99435,0.97619,0,0.65685,0.99095,0.9542,0.76404,0,0.57275,0.85789,0.40168,0.33997,0.30136,0.27888,0.28208,0.40168,0.31205,0.24063,0.21913,0.23043,4.02E+11,1.76E+11,1.41E+11,1.17E+11,9.38E+10,"[0.40168, 0.45001, 0.4793, 0.49677, 0.50774, 0.51532, 0.52112, 0.52597, 0.53029, 0.53427, 0.53803, 0.54162, 0.54505, 0.54835, 0.55152, 0.55457, 0.55751, 0.56033, 0.56303, 0.56563]","[0.00023, 0.00954, 0.01915, 0.0289, 0.03853, 0.04909, 0.05972, 0.07073, 0.08224, 0.09295, 0.10404, 0.11402, 0.1243, 0.1355, 0.14665, 0.15971, 0.17083, 0.18237, 0.1935, 0.20517, 0.21593, 0.22689, 0.2379, 0.24882, 0.25847, 0.26828, 0.278, 0.28783, 0.29929, 0.3098, 0.32005, 0.3314, 0.3426, 0.35391, 0.36539, 0.37543, 0.38571, 0.39614, 0.40698, 0.41834, 0.42933, 0.44004, 0.45117, 0.46155, 0.4729, 0.48434, 0.49524, 0.50624, 0.51665, 0.52624, 0.53653, 0.54601, 0.55602, 0.56573, 0.57409, 0.58286, 0.59106, 0.59814, 0.60487, 0.61105, 0.61739, 0.62406, 0.63095, 0.63786, 0.64498, 0.65225, 0.65931, 0.6664, 0.67398, 0.6817, 0.69009, 0.6986, 0.70706, 0.71562, 0.72431, 0.73292, 0.74194, 0.75227, 0.76316, 0.77394, 0.78497, 0.7954, 0.8056, 0.81595, 0.82621, 0.83718, 0.84743, 0.85866, 0.87011, 0.88176, 0.89311, 0.90581, 0.91686, 0.92838, 0.94024, 0.95083, 0.96136, 0.97057, 0.98032, 0.98932, 0.99824, 1.00655, 1.01501, 1.02374, 1.0333, 1.0428, 1.05196, 1.06167, 1.07212, 1.08231, 1.09277, 1.10254, 1.11303, 1.12284, 1.13301, 1.14244, 1.1518, 1.16189, 1.17228, 1.18215, 1.19277, 1.203, 1.21373, 1.22503, 1.23657, 1.2463, 1.25559, 1.26555, 1.27481, 1.28447, 1.29419, 1.30562, 1.31715, 1.32841, 1.34001, 1.35279, 1.36504, 1.37712, 1.38887, 1.40043, 1.41189, 1.42316, 1.43382, 1.44451, 1.45476, 1.46489, 1.47566, 1.48769, 1.4995, 1.51161, 1.52383, 1.5352, 1.54624, 1.55654, 1.56681, 1.57682, 1.58608, 1.59434, 1.60266, 1.61124, 1.62057, 1.63039, 1.6413, 1.65178, 1.6617, 1.67226, 1.68275, 1.69383, 1.70466, 1.71635, 1.72849, 1.74036, 1.7522, 1.76368, 1.77372, 1.78354, 1.79252, 1.80085, 1.80887, 1.81634, 1.82305, 1.82959, 1.83563, 1.84164, 1.84734, 1.8529, 1.8584, 1.86321, 1.86747, 1.87154, 1.87535, 1.87879, 1.88177, 1.88461, 1.88717, 1.88943, 1.89155, 1.89365, 1.89573, 1.89786, 1.89991, 1.90205, 1.90435, 1.90661, 1.90883, 1.91116, 1.91342, 1.91569, 1.91782, 1.92006, 1.92244, 1.92472, 1.92711, 1.92951, 1.93194, 1.93436, 1.93676, 1.93918, 1.94148, 1.94367]"
ARIMA,1322,220,1,10,1,21.604,,,,,,,,,,,,,0.31033,0.31862,0.2727,0.26951,0.28852,0.31033,0.25757,0.22134,0.2236,0.23197,3.10E+11,1.30E+11,9.69E+10,8.08E+10,6.46E+10,"[0.31033, 0.28034, 0.33902, 0.28921, 0.30032, 0.3323, 0.27939, 0.31967, 0.31581, 0.28314, 0.33016, 0.29835, 0.29649, 0.32881, 0.28762, 0.312, 0.31826, 0.28707, 0.32263, 0.30466]",
RandomWalk,1322,220,1,10,1,1.203,,,,,,,,,,,,,0.33041,0.30261,0.25649,0.25457,0.2768,0.33041,0.24409,0.2075,0.20937,0.21989,3.30E+11,1.32E+11,9.91E+10,8.26E+10,6.61E+10,"[0.33041, 0.33041, 0.33041, 0.33041, 0.33041, 0.33041, 0.33041, 0.33041, 0.33041, 0.33041, 0.33041, 0.33041, 0.33041, 0.33041, 0.33041, 0.33041, 0.33041, 0.33041, 0.33041, 0.33041]",
LSTM,1322,220,1,10,1,61.357,,,,,,,,,,,,,2.44909,4.15101,5.55602,5.98625,6.57449,2.44909,3.98169,5.31356,5.72528,6.28534,2.45E+12,1.37E+12,1.38E+12,1.15E+12,9.23E+11,"[2.44909, 3.58786, 4.39995, 5.21522, 5.76465, 6.23912, 6.61979, 6.99983, 7.38515, 7.79223, 8.1684, 8.49766, 8.79752, 9.05493, 9.29489, 9.52635, 9.76012, 9.99943, 10.2427, 10.48635]",
Alg_c,1322,220,1,10,1,0,0.45531,0.45531,0.93333,0.55385,0,0.49573,0.86348,0.90226,0.53521,0.26667,0.56804,0.78369,,,,,,,,,,,,,,,,,"[0.0, 0.0, 0.0, 0.13024, 0.16713, 0.0, 0.14083, 0.0, 0.31171, 0.73955, 0.0, 0.04004, 0.53261, 0.0, 0.21892, 0.08156, 0.12741, 0.89088, 0.23358, 0.0, 0.19379, 0.0, 0.07161, 0.02692, 0.18561, 0.80016, 0.0, 0.0, 0.87581, 0.15197, 0.40362, 0.31831, 0.0, 0.1853, 0.0, 0.0, 0.18463, 0.0, 0.6411, 0.57522, 1.11372, 0.63018, 0.45842, 0.45965, 0.34223, 0.41202, 0.45944, 0.79394, 0.63364, 0.77724, 0.63022, 0.38696, 0.99653, 0.47423, 0.48174, 0.87276, 0.74304, 0.90246, 0.57462, 0.48296, 0.49375, 0.52865, 0.30427, 0.50253, 0.81862, 0.6808, 0.50916, 0.4907, 0.34467, 0.77839, 0.53673, 0.98878, 0.94143, 0.27245, 0.58405, 0.96462, 1.14169, 0.63047, 1.11799, 0.58627, 1.03142, 0.43317, 0.7335, 0.77465, 0.88632, 0.6502, 0.72903, 1.40609, 1.2628, 0.51779, 0.51175, 1.09301, 0.93638, 1.47355, 1.06572, 1.04629, 0.96761, 0.86354, 0.81797, 0.75554, 0.82081, 0.96956, 1.17149, 1.44189, 1.08835, 1.24431, 0.76522, 1.41553, 1.02942, 1.13695, 1.01301, 1.38662, 1.02149, 0.95158, 1.45375, 0.75119, 0.90064, 1.3914, 1.48118, 1.43228, 1.03096, 0.90683, 0.99498, 1.19436, 1.59707, 0.71696, 1.32119, 1.27481, 1.11759, 1.40206, 0.99416, 1.16295, 1.52447, 1.55949, 1.15615, 1.24732, 1.30302, 1.53347, 1.29374, 1.47734, 1.34955, 1.55771, 1.2611, 1.34512, 1.21876, 1.4285, 1.53369, 1.55616, 1.45323, 1.56363, 1.96409, 1.74202, 1.72331, 1.64377, 1.43174, 2.12411, 1.84366, 1.28182, 1.51535, 1.60154, 1.59171, 1.53367, 1.88518, 1.98637, 1.67334, 2.09815, 1.99934, 1.40634, 1.1902, 1.37997, 1.65604, 1.28192, 1.8452, 1.65741, 1.51387, 1.93671, 1.38153, 1.90173, 1.38586, 1.52511, 2.17879, 1.65426, 2.13933, 1.65113, 2.07408, 1.804, 2.13672, 1.61821, 1.57691, 2.18924, 2.26515, 1.23349, 1.98537, 2.06998, 2.28819, 2.69452, 3.3492, 0.28766, 3.91661, 0.0, 0.0, 2.42953, 2.1131, 0.63423, 2.39229, 1.83931, 3.1479, 0.0, 0.68879, 2.63734, 0.42424, 2.05342, 1.43701, 2.15695, 1.86546, 1.12123, 2.07462, 2.78964, 3.06263]"
UDE-NN,8694,220,1,10,1,164.573,0.08627,0.5768,0.9912,0.96471,0,0.65197,0.9861,0.81223,0.29412,0,0.36878,0.51442,0.45457,0.49188,0.47374,0.43366,0.40779,0.45457,0.38572,0.39094,0.33817,0.32631,41.16338,30.32021,32.49846,29.01361,29.75451,"[0.64974, 0.68538, 0.6959, 0.69274, 0.68249, 0.66902, 0.6545, 0.6401, 0.62635, 0.61343, 0.60136, 0.59009, 0.57955, 0.56965, 0.56033, 0.55153, 0.5432, 0.53529, 0.52776, 0.52059]","[0.02507, -0.04743, -0.0749, -0.10751, -0.02198, 0.02609, 0.05475, -0.02567, -0.00225, 0.10879, 0.15095, 0.10914, 0.16593, 0.13687, 0.21999, 0.23011, 0.27789, 0.24119, 0.13465, 0.06232, 0.16654, 0.22307, 0.26582, 0.21789, 0.28113, 0.22437, 0.17246, 0.11374, 0.08287, 0.19697, 0.38381, 0.29371, 0.33376, 0.37061, 0.337, 0.31108, 0.28395, 0.41496, 0.45656, 0.46847, 0.50244, 0.43869, 0.48139, 0.54335, 0.56202, 0.5293, 0.42215, 0.40062, 0.33661, 0.35929, 0.55125, 0.72371, 0.75845, 0.73838, 0.59406, 0.69088, 0.76424, 0.71377, 0.7016, 0.68671, 0.71423, 0.75461, 0.75303, 0.76446, 0.66207, 0.68888, 0.69135, 0.68473, 0.66549, 0.65018, 0.65075, 0.69592, 0.74894, 0.79252, 0.84299, 0.98228, 0.93148, 0.90339, 0.82938, 0.82307, 0.85373, 0.80834, 0.8287, 0.86407, 0.75545, 0.78844, 0.77243, 0.80997, 0.78921, 0.89373, 0.85442, 0.94567, 1.00736, 1.07293, 0.99163, 0.91834, 1.01255, 1.03255, 1.11215, 1.17602, 1.1358, 1.06419, 1.03659, 0.97959, 0.96328, 0.95805, 1.07135, 1.05476, 1.03401, 1.07323, 1.08451, 1.07981, 1.12133, 1.13475, 1.10376, 1.2128, 1.28053, 1.24185, 1.17687, 1.06935, 1.08533, 1.10449, 1.18784, 1.2011, 1.25514, 1.33866, 1.38899, 1.34219, 1.36927, 1.34205, 1.35394, 1.3624, 1.33362, 1.26622, 1.33344, 1.32026, 1.39351, 1.48017, 1.43725, 1.38664, 1.36043, 1.40545, 1.38975, 1.4722, 1.4892, 1.44084, 1.36987, 1.38211, 1.51705, 1.57202, 1.57814, 1.58248, 1.53553, 1.562, 1.56103, 1.54419, 1.5925, 1.57255, 1.59046, 1.6259, 1.59547, 1.61741, 1.59635, 1.67635, 1.75116, 1.69019, 1.67321, 1.63012, 1.64638, 1.61986, 1.62521, 1.5858, 1.67626, 1.73661, 1.75822, 1.78622, 1.80321, 1.81773, 1.82156, 1.82675, 1.82551, 1.82019, 1.81953, 1.81645, 1.83023, 1.8594, 1.87366, 1.88989, 1.90381, 1.90077, 1.89764, 1.90616, 1.91853, 1.94379, 1.95889, 1.97692, 2.00054, 2.01044, 2.02973, 2.06139, 2.08484, 2.06526, 2.04973, 2.0489, 2.06392, 2.12328, 2.2397, 2.29567, 2.27675, 2.26252, 2.23159, 2.24082, 2.27866, 2.27571, 2.2616, 2.29686, 2.35115, 2.40649, 2.41515, 2.42602]"
GP,8694,220,1,10,1,774.435,0.02137,0.5768,0.99435,0.97619,0,0.65685,0.99095,0.8087,0.27723,0,0.36197,0.50716,0.4057,0.39757,0.35909,0.33224,0.30621,0.4057,0.34901,0.31417,0.28069,0.25682,36.73772,30.413,27.97622,26.64025,25.08409,"[0.69862, 0.77781, 0.82362, 0.84677, 0.85359, 0.84838, 0.8346, 0.81518, 0.79271, 0.76924, 0.74624, 0.72462, 0.70478, 0.68679, 0.67052, 0.65576, 0.6423, 0.62994, 0.61851, 0.60788]","[0.01015, 0.02026, 0.03038, 0.0405, 0.05062, 0.06074, 0.07086, 0.08098, 0.0911, 0.10122, 0.11134, 0.12146, 0.13158, 0.1417, 0.15182, 0.16194, 0.17206, 0.18218, 0.1923, 0.20242, 0.21254, 0.22266, 0.23278, 0.2429, 0.25302, 0.26314, 0.27326, 0.28338, 0.2935, 0.30362, 0.31374, 0.32386, 0.33398, 0.3441, 0.35421, 0.36433, 0.37445, 0.38457, 0.39469, 0.40481, 0.41493, 0.42505, 0.43517, 0.44529, 0.45541, 0.46553, 0.47565, 0.48577, 0.49589, 0.50601, 0.51613, 0.52625, 0.53637, 0.54649, 0.55661, 0.56673, 0.57685, 0.58697, 0.59709, 0.60721, 0.61733, 0.62744, 0.63756, 0.64768, 0.6578, 0.66792, 0.67804, 0.68816, 0.69828, 0.7084, 0.71852, 0.72864, 0.73876, 0.74888, 0.759, 0.76912, 0.77924, 0.78936, 0.79948, 0.8096, 0.81972, 0.82984, 0.83996, 0.85008, 0.86019, 0.87031, 0.88043, 0.89055, 0.90067, 0.91079, 0.92091, 0.93103, 0.94115, 0.95127, 0.96139, 0.97151, 0.98163, 0.99175, 1.00187, 1.01199, 1.02211, 1.03223, 1.04235, 1.05247, 1.06259, 1.07271, 1.08283, 1.09295, 1.10307, 1.11319, 1.12331, 1.13343, 1.14355, 1.15367, 1.16379, 1.17391, 1.18402, 1.19414, 1.20426, 1.21438, 1.2245, 1.23462, 1.24474, 1.25486, 1.26498, 1.2751, 1.28522, 1.29534, 1.30546, 1.31558, 1.3257, 1.33582, 1.34594, 1.35606, 1.36618, 1.3763, 1.38642, 1.39654, 1.40666, 1.41678, 1.4269, 1.43702, 1.44714, 1.45726, 1.46738, 1.4775, 1.48762, 1.49774, 1.50786, 1.51798, 1.5281, 1.53822, 1.54834, 1.55846, 1.56858, 1.5787, 1.58882, 1.59894, 1.60906, 1.61918, 1.6293, 1.63942, 1.64954, 1.65966, 1.66978, 1.6799, 1.69002, 1.70014, 1.71026, 1.72038, 1.7305, 1.74062, 1.75074, 1.76086, 1.77098, 1.7811, 1.79122, 1.80134, 1.81146, 1.82158, 1.8317, 1.84182, 1.85194, 1.86206, 1.87218, 1.8823, 1.89242, 1.90254, 1.91266, 1.92278, 1.9329, 1.94302, 1.95314, 1.96326, 1.97338, 1.9835, 1.99362, 2.00374, 2.01386, 2.02398, 2.0341, 2.04422, 2.05434, 2.06446, 2.07458, 2.0847, 2.09482, 2.10494, 2.11506, 2.12518, 2.1353, 2.14542, 2.15554, 2.16566, 2.17578, 2.1859, 2.19602, 2.20614, 2.21626, 2.22638]"
ARIMA,8694,220,1,10,1,20.281,,,,,,,,,,,,,0.6299,0.63668,0.60698,0.55701,0.52136,0.6299,0.54641,0.53767,0.46712,0.44187,57.03951,46.45813,47.28154,42.2361,41.7921,"[0.47442, 0.52068, 0.50178, 0.51035, 0.5067, 0.50831, 0.50761, 0.50792, 0.50779, 0.50784, 0.50782, 0.50783, 0.50783, 0.50783, 0.50783, 0.50783, 0.50783, 0.50783, 0.50783, 0.50783]",
RandomWalk,8694,220,1,10,1,1.209,,,,,,,,,,,,,0.53496,0.5788,0.5501,0.50369,0.4679,0.53496,0.47984,0.47366,0.40804,0.38231,48.44304,39.57368,40.70003,35.90939,35.27729,"[0.56935, 0.56935, 0.56935, 0.56935, 0.56935, 0.56935, 0.56935, 0.56935, 0.56935, 0.56935, 0.56935, 0.56935, 0.56935, 0.56935, 0.56935, 0.56935, 0.56935, 0.56935, 0.56935, 0.56935]",
LSTM,8694,220,1,10,1,58.519,,,,,,,,,,,,,0.06074,0.35449,1.10606,1.59375,2.1936,0.06074,0.28753,0.8597,1.21782,1.71718,5.5003,36.11455,95.54214,162.50426,218.01069,"[1.04357, 1.07615, 1.28245, 1.45293, 1.70702, 1.90604, 2.15522, 2.44292, 2.74584, 3.09344, 3.44098, 3.82027, 4.20405, 4.57419, 4.9117, 5.20004, 5.4356, 5.62108, 5.76145, 5.86519]",
Alg_c,8694,220,1,10,1,0,0.5768,0.5768,0.92537,0.42857,0,0.45131,0.83683,0.79654,0.27027,0.35897,0.47526,0.56517,,,,,,,,,,,,,,,,,"[0.20069, 0.0, 0.0, 0.0, 0.05436, 0.07445, 0.2988, 0.0, 0.0, 0.26214, 0.34465, 0.0, 0.33391, 0.0, 0.36974, 0.17446, 0.45144, 0.3817, 0.04613, 0.0, 0.2138, 0.29741, 0.47037, 0.02795, 0.50011, 0.23852, 0.18635, 0.04912, 0.0, 0.0313, 0.93359, 0.05378, 0.31648, 0.51598, 0.32691, 0.29277, 0.00616, 0.54931, 0.54472, 0.4817, 0.676, 0.23629, 0.41824, 0.64506, 0.70179, 0.67883, 0.2872, 0.44169, 0.1026, 0.0, 0.53956, 1.01826, 0.95641, 0.91796, 0.12195, 0.7067, 1.09067, 0.65161, 0.68452, 0.59721, 0.69762, 0.84008, 0.75571, 0.97058, 0.42399, 0.70427, 0.72413, 0.71712, 0.65788, 0.59616, 0.54185, 0.67195, 0.76459, 0.74396, 0.65926, 1.36172, 0.89848, 1.00817, 0.68266, 0.74466, 1.0303, 0.65538, 0.7909, 1.20143, 0.39032, 0.96287, 0.65224, 0.92667, 0.55467, 1.16527, 0.59757, 0.97558, 1.05949, 1.38743, 0.97501, 0.57807, 1.14822, 0.90627, 1.15656, 1.39699, 1.22941, 0.9807, 1.08244, 0.89729, 0.89712, 0.73237, 1.31605, 1.04779, 0.91516, 1.12836, 1.12896, 0.98022, 1.17494, 1.25729, 0.77924, 1.31832, 1.48914, 1.24145, 1.32219, 0.76529, 1.10574, 0.95582, 1.36937, 1.08413, 1.18944, 1.37302, 1.64573, 1.09222, 1.53209, 1.22629, 1.35509, 1.42712, 1.45447, 0.94027, 1.53333, 1.13713, 1.3394, 1.77337, 1.4015, 1.36785, 1.12542, 1.75339, 0.94506, 1.69465, 1.6008, 1.51927, 1.19942, 1.07604, 1.76268, 1.64128, 1.51834, 1.7546, 1.30826, 1.65307, 1.63036, 1.33025, 1.79535, 1.46159, 1.54699, 1.8007, 1.41666, 1.82123, 1.29562, 1.63991, 2.15765, 1.41952, 1.84111, 1.38642, 1.8649, 1.43843, 1.97422, 0.85963, 1.96627, 2.91541, 0.0, 2.62614, 0.32128, 5.02811, 0.0, 2.92777, 4.63615, 0.0, 2.48492, 0.0, 1.51457, 2.25969, 1.67426, 1.78646, 2.89859, 1.69176, 1.04619, 1.99206, 1.51665, 2.24487, 1.83527, 1.77006, 2.38588, 1.62788, 1.76386, 2.06833, 2.78694, 1.78077, 1.8078, 2.09483, 1.69269, 1.49526, 2.75397, 3.18054, 0.9679, 2.91029, 0.0, 1.89391, 2.95292, 4.41376, 0.0, 2.43907, 2.22815, 3.35141, 0.91142]"
UDE-NN,54133,220,1,10,1,166.925,0.07619,0.90785,0.99718,0.98765,0,0.66161,0.99539,0.66667,0,0,0.22222,0.25926,0.29215,0.20689,0.26018,0.25443,0.28988,0.29215,0.18338,0.23683,0.23418,0.26121,39.73302,26.00879,31.14315,31.20342,35.01276,"[0.44313, 0.48479, 0.49987, 0.50298, 0.50141, 0.49815, 0.49433, 0.49038, 0.48645, 0.48258, 0.4788, 0.4751, 0.47149, 0.46796, 0.4645, 0.46112, 0.45781, 0.45457, 0.4514, 0.44829]","[-0.02564, -0.02081, 0.0346, 0.01398, 0.07115, 0.05431, 0.07501, 0.06318, 0.11483, 0.12591, 0.16668, 0.13058, 0.18338, 0.16341, 0.16666, 0.22085, 0.17762, 0.10334, 0.0956, 0.13968, 0.14907, 0.27166, 0.35518, 0.30702, 0.2567, 0.20611, 0.20347, 0.2155, 0.25127, 0.21791, 0.27378, 0.27263, 0.32055, 0.31411, 0.34002, 0.32525, 0.25771, 0.24935, 0.31615, 0.38806, 0.40721, 0.43628, 0.45946, 0.54652, 0.56275, 0.51513, 0.50659, 0.45129, 0.47946, 0.5154, 0.59205, 0.61995, 0.62705, 0.56652, 0.5083, 0.59466, 0.626, 0.64773, 0.66344, 0.66068, 0.66736, 0.67608, 0.71073, 0.68994, 0.71918, 0.68123, 0.66345, 0.75601, 0.80795, 0.82545, 0.79527, 0.72928, 0.69067, 0.69137, 0.79195, 0.77883, 0.75002, 0.81143, 0.80304, 0.77594, 0.76317, 0.7379, 0.78836, 0.87863, 0.94906, 0.86509, 0.87231, 0.83597, 0.84242, 0.83228, 0.83729, 0.82456, 0.845, 0.85635, 0.90253, 0.9766, 0.93755, 0.95325, 1.00598, 0.98218, 0.98764, 1.013, 1.06613, 1.08387, 1.10616, 1.19807, 1.14069, 1.17635, 1.17927, 1.12139, 1.09387, 1.12434, 1.16012, 1.22156, 1.18174, 1.24981, 1.21285, 1.21638, 1.25834, 1.18884, 1.14091, 1.18574, 1.24819, 1.25489, 1.28229, 1.24344, 1.22722, 1.22351, 1.31077, 1.27394, 1.31198, 1.34833, 1.40225, 1.33375, 1.2649, 1.27405, 1.33171, 1.35331, 1.39294, 1.41999, 1.41746, 1.4212, 1.4293, 1.42048, 1.42473, 1.42887, 1.44522, 1.46703, 1.46685, 1.47454, 1.49029, 1.49376, 1.49595, 1.49476, 1.5087, 1.53315, 1.5467, 1.55395, 1.56458, 1.55842, 1.54936, 1.55492, 1.53804, 1.5137, 1.49238, 1.48724, 1.49987, 1.53593, 1.60077, 1.63495, 1.66384, 1.68653, 1.68941, 1.71603, 1.74921, 1.76629, 1.76943, 1.77154, 1.77337, 1.78226, 1.80275, 1.83399, 1.84289, 1.85354, 1.86841, 1.88057, 1.89302, 1.90589, 1.92396, 1.94451, 1.96143, 1.97307, 1.98448, 1.99953, 2.01777, 2.05351, 2.08042, 2.09961, 2.11696, 2.13307, 2.14524, 2.15497, 2.16508, 2.17272, 2.18716, 2.20172, 2.21591, 2.23431, 2.2474, 2.24999, 2.27945, 2.30432, 2.30833, 2.32422, 2.32278, 2.31391, 2.33055, 2.35928, 2.38849, 2.39961]"
GP,54133,220,1,10,1,814.495,0.19762,0.90785,0.89673,0,0,0.29891,0.72885,0.56,0,0,0.18667,0.21778,0.20914,0.25702,0.36285,0.47114,0.67709,0.20914,0.22605,0.33151,0.413,0.55701,28.44328,36.26202,46.56462,58.41488,93.12346,"[0.52614, 0.677, 0.79949, 0.90011, 0.98694, 1.0658, 1.14082, 1.21524, 1.29203, 1.37428, 1.46568, 1.57098, 1.69665, 1.85178, 2.04931, 2.30741, 2.65046, 3.10775, 3.70618, 4.45232]","[0.02709, 0.037, 0.04673, 0.05645, 0.06609, 0.07573, 0.08533, 0.09532, 0.10528, 0.11589, 0.12596, 0.13662, 0.147, 0.1578, 0.16823, 0.17836, 0.18839, 0.19788, 0.20721, 0.21699, 0.22608, 0.23551, 0.24485, 0.254, 0.26279, 0.27138, 0.27953, 0.28731, 0.29531, 0.30368, 0.31286, 0.3223, 0.33184, 0.34115, 0.35068, 0.36029, 0.37002, 0.38031, 0.39023, 0.39964, 0.40925, 0.41943, 0.42998, 0.4395, 0.44893, 0.45769, 0.46671, 0.47612, 0.48535, 0.4945, 0.50342, 0.51289, 0.52317, 0.53321, 0.54335, 0.55376, 0.56453, 0.57447, 0.58481, 0.59516, 0.60599, 0.61697, 0.62831, 0.63976, 0.6513, 0.66257, 0.67334, 0.68494, 0.69633, 0.70764, 0.71882, 0.72903, 0.73906, 0.74902, 0.75939, 0.77002, 0.77986, 0.7895, 0.79872, 0.80829, 0.81803, 0.82836, 0.83881, 0.84976, 0.86017, 0.87049, 0.88035, 0.89012, 0.89949, 0.90886, 0.91817, 0.92747, 0.93663, 0.94616, 0.95613, 0.96593, 0.97557, 0.98547, 0.99539, 1.00484, 1.01467, 1.02512, 1.0355, 1.04618, 1.05647, 1.06601, 1.07485, 1.08337, 1.09215, 1.10124, 1.11077, 1.12033, 1.13028, 1.14013, 1.1499, 1.15929, 1.16876, 1.1778, 1.18623, 1.19452, 1.20277, 1.21061, 1.21804, 1.22536, 1.23247, 1.23946, 1.24647, 1.25338, 1.26024, 1.26671, 1.27285, 1.27878, 1.28466, 1.29043, 1.29583, 1.30101, 1.30596, 1.31071, 1.31527, 1.31982, 1.32434, 1.32879, 1.33326, 1.33773, 1.34214, 1.34663, 1.35112, 1.35563, 1.36011, 1.36453, 1.36898, 1.37347, 1.3779, 1.38232, 1.38672, 1.3912, 1.39569, 1.40012, 1.40453, 1.40895, 1.41332, 1.41771, 1.42221, 1.42666, 1.43107, 1.43551, 1.44002, 1.44458, 1.44913, 1.45367, 1.45815, 1.46264, 1.46713, 1.47161, 1.47615, 1.48068, 1.4851, 1.48949, 1.49389, 1.49831, 1.50276, 1.5072, 1.51164, 1.51596, 1.52031, 1.52467, 1.529, 1.53335, 1.53769, 1.54207, 1.54644, 1.55078, 1.55509, 1.55941, 1.56381, 1.56825, 1.57272, 1.57711, 1.58144, 1.58577, 1.59008, 1.59438, 1.59866, 1.60297, 1.60729, 1.61172, 1.61615, 1.62055, 1.62499, 1.62941, 1.63382, 1.63838, 1.64289, 1.64736, 1.65188, 1.65638, 1.66092, 1.66553, 1.67015, 1.6747]"
ARIMA,54133,220,1,10,1,18.743,,,,,,,,,,,,,0.37567,0.3204,0.37918,0.3729,0.3967,0.37567,0.31021,0.36563,0.36107,0.36994,51.09175,45.49318,49.40437,49.23113,48.64956,"[0.35961, 0.35961, 0.35961, 0.35961, 0.35961, 0.35961, 0.35961, 0.35961, 0.35961, 0.35961, 0.35961, 0.35961, 0.35961, 0.35961, 0.35961, 0.35961, 0.35961, 0.35961, 0.35961, 0.35961]",
RandomWalk,54133,220,1,10,1,1.225,,,,,,,,,,,,,0.37567,0.3204,0.37918,0.3729,0.3967,0.37567,0.31021,0.36563,0.36107,0.36994,51.09175,45.49318,49.40437,49.23113,48.64956,"[0.35961, 0.35961, 0.35961, 0.35961, 0.35961, 0.35961, 0.35961, 0.35961, 0.35961, 0.35961, 0.35961, 0.35961, 0.35961, 0.35961, 0.35961, 0.35961, 0.35961, 0.35961, 0.35961, 0.35961]",
LSTM,54133,220,1,10,1,60.98,,,,,,,,,,,,,0.27552,0.22103,0.28623,0.28002,0.31086,0.27552,0.20693,0.26718,0.2634,0.28557,37.47197,29.88505,35.51527,35.41319,38.27148,"[0.45976, 0.46926, 0.46587, 0.46025, 0.45934, 0.45572, 0.45182, 0.45152, 0.45286, 0.4542, 0.45348, 0.45325, 0.45321, 0.45322, 0.45321, 0.45325, 0.45328, 0.45328, 0.45327, 0.45326]",
Alg_c,54133,220,1,10,1,0,0.90785,0.90785,0.91429,0.4,0,0.4381,0.82946,0.72917,0.15873,0.4507,0.4462,0.49864,,,,,,,,,,,,,,,,,"[0.0, 0.0, 0.18868, 0.0, 0.22564, 0.0, 0.14325, 0.0, 0.18441, 0.0799, 0.31489, 0.0, 0.30849, 0.12336, 0.07356, 0.41279, 0.24801, 0.0, 0.0, 0.22553, 0.0, 0.34553, 0.62237, 0.28718, 0.2676, 0.11076, 0.20204, 0.134, 0.43607, 0.01563, 0.3983, 0.1637, 0.4424, 0.24069, 0.4186, 0.41875, 0.1348, 0.08779, 0.30565, 0.49779, 0.3882, 0.44899, 0.32989, 0.66983, 0.68863, 0.41038, 0.61477, 0.27453, 0.48427, 0.41737, 0.70743, 0.66527, 0.76425, 0.55424, 0.2302, 0.66646, 0.6412, 0.66021, 0.69956, 0.64356, 0.65554, 0.63616, 0.80278, 0.62281, 0.8457, 0.60186, 0.43076, 0.81818, 0.9072, 0.94183, 0.87033, 0.67671, 0.60865, 0.5133, 1.00466, 0.80775, 0.54835, 0.97763, 0.83395, 0.74333, 0.78746, 0.57354, 0.68539, 0.93126, 1.26916, 0.67179, 0.96628, 0.73876, 0.88442, 0.79603, 0.88448, 0.74797, 0.86973, 0.7863, 0.82809, 1.2173, 0.81763, 0.85844, 1.17912, 0.90521, 0.94466, 0.96242, 1.13373, 1.07936, 0.92793, 1.56856, 0.85252, 1.26193, 1.30451, 1.06097, 0.97937, 1.11689, 1.10344, 1.4494, 0.92678, 1.47964, 1.12738, 1.09866, 1.53234, 1.13939, 0.9515, 1.16304, 1.40989, 1.11085, 1.49553, 1.14447, 1.26785, 0.90003, 1.79792, 0.9198, 1.42092, 1.15569, 1.83383, 1.2871, 0.95685, 1.04213, 1.78295, 0.45062, 1.60281, 2.47149, 0.0, 1.0333, 2.63844, 0.0, 1.75755, 0.81737, 1.12241, 2.59687, 0.0, 0.95965, 2.09762, 1.22476, 2.56817, 0.0, 1.20945, 1.97522, 2.24484, 0.0, 2.81352, 3.90387, 0.0, 2.35812, 2.08072, 1.36492, 0.0, 1.25873, 1.20212, 0.66435, 2.40078, 1.43463, 1.62553, 2.84788, 0.0, 1.67795, 2.02424, 3.30571, 0.52431, 2.03998, 0.79035, 1.1285, 0.84864, 3.43911, 0.0, 0.0, 2.71872, 0.61079, 2.41242, 0.0, 1.5806, 2.28138, 4.95782, 0.56889, 0.0, 2.10069, 0.21009, 2.37082, 3.65152, 2.58945, 1.31806, 3.93463, 8.55897, 0.0, 6.68153, NaN, 2.3305, 2.40641, 1.13192, 2.53032, 4.57658, 0.0, 2.49656, 3.23927, 0.0, 2.8134, 2.78949, 1.23266, 2.26065, 2.31389, 3.0064]"
UDE-NN,22918,220,1,10,1,164.193,0.09431,0.42171,0.95652,0.82353,0,0.59335,0.93116,0.88372,0.70588,0,0.52987,0.82642,0.06831,0.20146,0.2524,0.23613,0.36486,0.06831,0.1331,0.19931,0.18565,0.27814,10.35142,17.82034,56.5073,52.62308,53.57817,"[0.59161, 0.53303, 0.50996, 0.4994, 0.49344, 0.48923, 0.48569, 0.48243, 0.4793, 0.47624, 0.47323, 0.47027, 0.46735, 0.46447, 0.46162, 0.45881, 0.45604, 0.4533, 0.4506, 0.44793]","[-0.16838, -0.06132, 0.08541, 0.06389, 0.13497, 0.19958, 0.1816, 0.12784, 0.05831, 0.1457, 0.06297, 0.15314, 0.15889, 0.13433, 0.15535, 0.10378, -0.05765, -0.06174, -0.07361, 0.02929, 0.17206, 0.21936, 0.31529, 0.28276, 0.1467, 0.16112, 0.17416, 0.20269, 0.26081, 0.35315, 0.43709, 0.47522, 0.39853, 0.3749, 0.49805, 0.43014, 0.38872, 0.4177, 0.41945, 0.3642, 0.41099, 0.43749, 0.41223, 0.45383, 0.38516, 0.33613, 0.3247, 0.31221, 0.24581, 0.31386, 0.36027, 0.43479, 0.53337, 0.52793, 0.55737, 0.52174, 0.55435, 0.64303, 0.65734, 0.71526, 0.72829, 0.68654, 0.75418, 0.81562, 0.92684, 0.87831, 0.74045, 0.70291, 0.68921, 0.68138, 0.60319, 0.71552, 0.77417, 0.7622, 0.75441, 0.76725, 0.75886, 0.71893, 0.71998, 0.7013, 0.76913, 0.77161, 0.84318, 0.87592, 0.8881, 0.83478, 0.81129, 0.78396, 0.87003, 0.91561, 0.88515, 0.97115, 1.00032, 0.98182, 0.98741, 0.90445, 0.83526, 0.83795, 0.8916, 1.00627, 1.08206, 1.12928, 1.11043, 1.02712, 1.02436, 1.0508, 1.05473, 1.03716, 1.06638, 1.12196, 1.20115, 1.17481, 1.10591, 1.12406, 1.19325, 1.16246, 1.16067, 1.17756, 1.14857, 1.26246, 1.30398, 1.29801, 1.30775, 1.16774, 1.08711, 1.14763, 1.20318, 1.31749, 1.32282, 1.29456, 1.30843, 1.38452, 1.25815, 1.14977, 1.31151, 1.39514, 1.52007, 1.61434, 1.55381, 1.5543, 1.53615, 1.47725, 1.31356, 1.24245, 1.30082, 1.37056, 1.27737, 1.41611, 1.4838, 1.42003, 1.39883, 1.46372, 1.54822, 1.53444, 1.61028, 1.68632, 1.77664, 1.81776, 1.79911, 1.71551, 1.61595, 1.61697, 1.67869, 1.68846, 1.70036, 1.66283, 1.72672, 1.8473, 1.77303, 1.81209, 1.76316, 1.80155, 1.84709, 1.87003, 1.81193, 1.72964, 1.69438, 1.79094, 1.8246, 1.87375, 1.82873, 1.7864, 1.77944, 1.73807, 1.70024, 1.65435, 1.74803, 1.80578, 1.84288, 1.86281, 1.94319, 2.0113, 2.04422, 1.95479, 1.92904, 1.87148, 1.93398, 1.99744, 1.9989, 2.04406, 2.02042, 2.04258, 2.00347, 2.02626, 2.01756, 2.05674, 2.05471, 2.05344, 2.05468, 2.08527, 2.10593, 2.12313, 2.18488, 2.2048, 2.21745, 2.26969, 2.27398, 2.32414, 2.31564, 2.32703]"
GP,22918,220,1,10,1,773.795,0.01624,0.42171,0.99164,0.96203,0,0.65122,0.9861,0.92424,0.79167,0,0.57197,0.88152,0.01087,0.17969,0.23752,0.22625,0.3395,0.01087,0.1214,0.18784,0.17613,0.25904,1.6473,18.00277,61.34776,57.34459,56.30246,"[0.64905, 0.60139, 0.57744, 0.56453, 0.55667, 0.55113, 0.54666, 0.5427, 0.53899, 0.53542, 0.53194, 0.52853, 0.52517, 0.52186, 0.51859, 0.51538, 0.51221, 0.50908, 0.50599, 0.50295]","[0.02569, 0.03547, 0.04524, 0.05501, 0.06478, 0.07455, 0.08432, 0.09409, 0.10387, 0.11364, 0.12341, 0.13318, 0.14295, 0.15272, 0.16249, 0.17226, 0.18204, 0.19181, 0.20158, 0.21135, 0.22112, 0.23089, 0.24066, 0.25043, 0.26021, 0.26998, 0.27975, 0.28952, 0.29929, 0.30906, 0.31883, 0.32861, 0.33838, 0.34815, 0.35792, 0.36769, 0.37746, 0.38723, 0.39701, 0.40678, 0.41655, 0.42632, 0.43609, 0.44586, 0.45563, 0.4654, 0.47518, 0.48495, 0.49472, 0.50449, 0.51426, 0.52403, 0.5338, 0.54358, 0.55335, 0.56312, 0.57289, 0.58266, 0.59243, 0.60221, 0.61198, 0.62175, 0.63152, 0.64129, 0.65106, 0.66083, 0.67061, 0.68038, 0.69015, 0.69992, 0.70969, 0.71946, 0.72923, 0.73901, 0.74878, 0.75855, 0.76832, 0.77809, 0.78786, 0.79763, 0.80741, 0.81718, 0.82695, 0.83672, 0.84649, 0.85626, 0.86603, 0.87581, 0.88558, 0.89535, 0.90512, 0.91489, 0.92466, 0.93443, 0.94421, 0.95398, 0.96375, 0.97352, 0.98329, 0.99306, 1.00283, 1.01261, 1.02238, 1.03215, 1.04192, 1.05169, 1.06146, 1.07123, 1.08101, 1.09078, 1.10055, 1.11032, 1.12009, 1.12986, 1.13963, 1.14941, 1.15918, 1.16895, 1.17872, 1.18849, 1.19826, 1.20803, 1.21781, 1.22758, 1.23735, 1.24712, 1.25689, 1.26666, 1.27643, 1.28621, 1.29598, 1.30575, 1.31552, 1.32529, 1.33506, 1.34483, 1.35461, 1.36438, 1.37415, 1.38392, 1.39369, 1.40346, 1.41323, 1.42301, 1.43278, 1.44255, 1.45232, 1.46209, 1.47186, 1.48163, 1.49141, 1.50118, 1.51095, 1.52072, 1.53049, 1.54026, 1.55003, 1.55981, 1.56958, 1.57935, 1.58912, 1.59889, 1.60866, 1.61843, 1.6282, 1.63798, 1.64775, 1.65752, 1.66729, 1.67706, 1.68683, 1.6966, 1.70638, 1.71615, 1.72592, 1.73569, 1.74546, 1.75523, 1.765, 1.77477, 1.78454, 1.79432, 1.80409, 1.81386, 1.82363, 1.8334, 1.84317, 1.85294, 1.86271, 1.87249, 1.88226, 1.89203, 1.9018, 1.91157, 1.92134, 1.93111, 1.94088, 1.95066, 1.96043, 1.9702, 1.97997, 1.98974, 1.99951, 2.00928, 2.01905, 2.02882, 2.0386, 2.04837, 2.05814, 2.06791, 2.07768, 2.08745, 2.09722, 2.10699, 2.11677, 2.12654, 2.13631, 2.14608, 2.15585, 2.16562]"
ARIMA,22918,220,1,10,1,21.853,,,,,,,,,,,,,0.022,0.27099,0.33384,0.37247,0.3716,0.022,0.19936,0.24437,0.28995,0.29377,3.33442,39.64478,97.87682,104.52021,88.75807,"[0.63791, 0.66809, 0.80647, 0.95178, 1.00269, 0.92827, 0.78613, 0.67825, 0.67801, 0.7805, 0.90966, 0.97446, 0.93289, 0.81885, 0.71501, 0.69306, 0.76441, 0.87508, 0.94629, 0.93041]",
RandomWalk,22918,220,1,10,1,1.296,,,,,,,,,,,,,0.08337,0.20896,0.2754,0.28707,0.31241,0.08337,0.19566,0.22343,0.23938,0.26536,12.63297,35.43216,88.02321,88.24478,76.96938,"[0.74328, 0.74328, 0.74328, 0.74328, 0.74328, 0.74328, 0.74328, 0.74328, 0.74328, 0.74328, 0.74328, 0.74328, 0.74328, 0.74328, 0.74328, 0.74328, 0.74328, 0.74328, 0.74328, 0.74328]",
LSTM,22918,220,1,10,1,58.096,,,,,,,,,,,,,5.32945,7.73497,8.2622,8.36167,8.18734,5.32945,7.63088,8.18979,8.29773,8.12646,807.5954,1317.20243,2003.80552,2048.46197,1776.0914,"[5.98937, 7.91715, 8.57666, 9.22323, 9.56214, 9.20889, 8.65807, 8.74149, 10.03456, 9.94193, 9.43889, 9.08432, 8.82956, 8.48948, 8.34287, 8.08589, 7.9359, 7.83229, 7.78483, 8.02619]",
Alg_c,22918,220,1,10,1,0,0.42171,0.42171,0.91566,0.53521,0,0.48362,0.84852,0.83137,0.45455,0,0.42864,0.71659,,,,,,,,,,,,,,,,,"[0.0, 0.0, 0.43316, 0.0, 0.16316, 0.36066, 0.23869, 0.1566, 0.0, 0.52386, 0.0, 0.29593, 0.21894, 0.0272, 0.29693, 0.30481, 0.0, 0.0, 0.0, 0.0, 0.35597, 0.13241, 0.5979, 0.54062, 0.0, 0.14759, 0.14327, 0.14285, 0.1915, 0.36709, 0.52628, 0.7224, 0.26024, 0.07924, 0.88601, 0.35813, 0.24323, 0.47701, 0.53019, 0.15557, 0.44484, 0.56654, 0.22045, 0.71279, 0.30767, 0.25895, 0.33149, 0.43717, 0.0, 0.34529, 0.30395, 0.38161, 0.7539, 0.42725, 0.71413, 0.37943, 0.43909, 0.82745, 0.53042, 0.80512, 0.87255, 0.42776, 0.78218, 0.73768, 1.24301, 1.049, 0.53831, 0.65925, 0.69448, 0.83776, 0.20943, 0.83004, 0.92391, 0.75601, 0.70599, 0.81381, 0.83507, 0.61185, 0.80551, 0.48128, 0.98495, 0.53258, 0.97169, 0.84883, 1.08773, 0.66911, 0.94204, 0.43258, 0.99781, 1.18442, 0.43201, 1.20899, 1.10545, 0.81637, 1.23868, 0.83835, 0.68847, 0.78724, 0.75346, 1.11595, 1.08524, 1.21843, 1.34349, 0.71651, 0.99098, 1.13336, 1.14356, 0.89764, 1.05242, 0.96809, 1.51589, 1.27017, 0.87502, 0.98717, 1.49352, 1.05707, 1.09217, 1.46167, 0.57271, 1.5873, 1.41663, 0.97613, 1.97953, 0.85084, 0.51384, 1.44862, 0.90922, 1.64466, 1.3578, 1.1833, 1.14643, 1.82784, 1.2179, 0.5417, 1.57143, 1.25825, 1.53934, 1.94707, 1.41192, 1.59212, 1.61857, 1.68378, 1.12698, 0.97315, 1.2508, 1.67047, 0.84079, 1.50112, 1.75399, 1.32349, 1.22984, 1.41354, 1.80342, 1.29046, 1.63923, 1.64369, 1.86851, 1.91381, 1.91437, 1.75643, 1.42912, 1.50633, 1.82205, 1.63477, 1.84618, 1.43472, 1.56232, 2.33343, 1.37767, 2.07355, 1.55555, 1.79979, 1.87125, 2.02575, 1.85071, 1.6616, 1.41303, 1.94628, 1.76632, 2.07207, 1.80678, 1.70055, 1.86785, 1.7145, 1.78341, 1.33021, 1.83967, 1.84517, 1.89446, 1.7302, 1.96688, 2.03743, 2.31872, 1.76792, 2.06817, 1.58925, 1.94233, 2.18524, 1.75968, 2.31089, 1.75853, 2.32089, 1.70981, 2.28422, 1.69596, 2.33116, 1.98923, 2.16076, 0.49112, 2.44711, 2.76326, 0.0, 2.86855, 2.6567, 0.0, 3.39828, 0.0, 3.3647, 0.0]"
UDE-NN,49858,220,1,10,1,153.038,0.13423,0.35437,0.9621,0.83951,0,0.60054,0.93839,0.81967,0,0,0.27322,0.75137,0.23431,0.99023,1.08081,1.03464,1.26231,0.23431,0.73777,0.83322,0.78922,1.01194,2.16021,8.30472,9.65436,8.95231,10.56456,"[10.61249, 10.47755, 10.361, 10.24891, 10.13953, 10.03255, 9.92786, 9.82535, 9.72496, 9.62661, 9.53021, 9.4357, 9.34299, 9.25203, 9.16275, 9.07507, 8.98893, 8.90426, 8.82102, 8.73912]","[-0.14584, -0.16399, -0.1992, -0.19344, -0.20951, -0.16023, -0.08729, -0.07091, 0.10512, 0.06645, 0.25833, 0.16648, 0.11802, 0.19263, 0.09875, 0.05534, 0.14792, 0.20346, 0.13601, 0.15286, 0.21432, 0.26628, 0.30109, 0.26681, 0.3431, 0.30451, 0.25394, 0.15197, 0.27941, 0.29663, 0.17956, 0.26298, 0.42049, 0.49734, 0.39131, 0.43177, 0.44362, 0.48636, 0.55946, 0.59071, 0.56614, 0.42915, 0.56689, 0.57525, 0.41568, 0.24784, 0.32322, 0.2808, 0.23747, 0.38288, 0.56734, 0.61048, 0.72577, 0.62505, 0.6411, 0.64344, 0.72692, 0.84364, 0.6388, 0.66778, 0.53594, 0.52156, 0.50427, 0.52157, 0.39483, 0.34327, 0.52224, 0.63507, 0.7449, 0.74389, 0.69099, 0.58868, 0.71764, 0.73445, 0.83319, 0.81799, 0.68456, 0.75085, 0.67658, 0.69403, 0.89715, 0.87214, 0.92097, 0.98325, 1.01275, 0.83917, 0.92642, 0.92545, 0.84762, 0.90614, 0.97975, 1.06884, 1.05228, 0.9273, 0.87976, 0.92436, 1.05773, 1.06934, 1.08165, 1.05846, 1.06152, 1.10768, 1.1717, 1.14995, 1.09609, 0.97814, 0.99954, 0.97201, 1.00082, 0.84146, 0.89445, 1.00421, 1.12624, 1.17883, 1.13111, 1.15671, 1.01825, 0.7874, 0.94445, 1.10667, 1.26864, 1.33546, 1.23213, 1.23675, 1.22484, 1.25765, 1.25835, 1.22346, 1.10757, 1.13267, 1.07231, 1.25574, 1.28257, 1.31149, 1.38803, 1.33233, 1.42624, 1.70247, 1.6773, 1.58615, 1.58553, 1.68347, 1.51882, 1.4279, 1.31334, 1.30844, 1.42221, 1.58196, 1.56205, 1.44717, 1.5186, 1.48661, 1.40435, 1.43733, 1.49785, 1.54552, 1.43232, 1.36051, 1.38887, 1.57258, 1.58184, 1.54252, 1.52716, 1.59899, 1.53474, 1.63523, 1.74398, 1.60179, 1.61571, 1.73316, 1.83071, 1.76581, 1.81878, 1.82056, 1.90334, 1.81926, 1.73133, 1.83176, 1.74442, 1.58247, 1.49361, 1.43197, 1.57473, 1.65468, 1.69837, 1.67574, 1.79693, 1.97072, 2.06705, 2.06793, 2.06486, 2.03326, 1.93045, 1.84174, 1.85974, 1.95894, 1.97666, 1.93985, 1.86446, 1.94423, 2.04463, 2.19831, 2.24694, 2.17279, 2.29177, 2.29669, 2.29825, 2.20363, 2.06763, 2.00159, 1.88388, 1.82083, 1.89046, 1.95289, 1.8607, 2.01973, 1.88726, 2.0193, 2.1439, 2.1529]"
GP,49858,220,1,10,1,734.708,0.02025,0.35437,0.98889,0.94872,0,0.64587,0.98137,0.83117,0,0,0.27706,0.7619,0.23732,0.98987,1.08126,1.03447,1.25967,0.23732,0.73821,0.8346,0.78942,1.01042,2.18789,8.308,9.6687,8.9548,10.55143,"[10.60949, 10.47489, 10.35905, 10.24774, 10.13919, 10.03306, 9.92924, 9.82765, 9.7282, 9.63081, 9.53541, 9.44193, 9.3503, 9.26044, 9.17229, 9.08578, 9.00085, 8.91744, 8.83548, 8.75491]","[0.0127, 0.02249, 0.03228, 0.04206, 0.05185, 0.06163, 0.07142, 0.08121, 0.09099, 0.10078, 0.11057, 0.12035, 0.13014, 0.13993, 0.14971, 0.1595, 0.16929, 0.17907, 0.18886, 0.19865, 0.20843, 0.21822, 0.22801, 0.23779, 0.24758, 0.25737, 0.26715, 0.27694, 0.28673, 0.29651, 0.3063, 0.31609, 0.32587, 0.33566, 0.34545, 0.35523, 0.36502, 0.37481, 0.38459, 0.39438, 0.40417, 0.41395, 0.42374, 0.43353, 0.44331, 0.4531, 0.46289, 0.47267, 0.48246, 0.49225, 0.50203, 0.51182, 0.52161, 0.53139, 0.54118, 0.55097, 0.56075, 0.57054, 0.58033, 0.59011, 0.5999, 0.60969, 0.61947, 0.62926, 0.63905, 0.64883, 0.65862, 0.66841, 0.67819, 0.68798, 0.69777, 0.70755, 0.71734, 0.72713, 0.73691, 0.7467, 0.75649, 0.76627, 0.77606, 0.78585, 0.79563, 0.80542, 0.81521, 0.82499, 0.83478, 0.84457, 0.85435, 0.86414, 0.87393, 0.88371, 0.8935, 0.90329, 0.91307, 0.92286, 0.93264, 0.94243, 0.95222, 0.962, 0.97179, 0.98158, 0.99136, 1.00115, 1.01094, 1.02072, 1.03051, 1.0403, 1.05008, 1.05987, 1.06965, 1.07944, 1.08923, 1.09901, 1.1088, 1.11859, 1.12837, 1.13816, 1.14794, 1.15773, 1.16752, 1.1773, 1.18709, 1.19688, 1.20666, 1.21645, 1.22623, 1.23602, 1.24581, 1.25559, 1.26538, 1.27517, 1.28495, 1.29474, 1.30452, 1.31431, 1.3241, 1.33388, 1.34367, 1.35346, 1.36324, 1.37303, 1.38281, 1.3926, 1.40239, 1.41217, 1.42196, 1.43174, 1.44153, 1.45132, 1.4611, 1.47089, 1.48067, 1.49046, 1.50025, 1.51003, 1.51982, 1.5296, 1.53939, 1.54918, 1.55896, 1.56875, 1.57854, 1.58832, 1.59811, 1.60789, 1.61768, 1.62747, 1.63725, 1.64704, 1.65682, 1.66661, 1.6764, 1.68618, 1.69597, 1.70576, 1.71554, 1.72533, 1.73511, 1.7449, 1.75469, 1.76447, 1.77426, 1.78404, 1.79383, 1.80362, 1.8134, 1.82319, 1.83298, 1.84276, 1.85255, 1.86234, 1.87212, 1.88191, 1.89169, 1.90148, 1.91127, 1.92105, 1.93084, 1.94063, 1.95041, 1.9602, 1.96998, 1.97977, 1.98956, 1.99934, 2.00913, 2.01892, 2.0287, 2.03849, 2.04827, 2.05806, 2.06785, 2.07763, 2.08742, 2.0972, 2.10699, 2.11678, 2.12656, 2.13635, 2.14614, 2.15592]"
ARIMA,49858,220,1,10,1,21.259,,,,,,,,,,,,,0.3636,1.91121,2.25333,2.14363,1.92154,0.3636,1.63101,2.05034,1.93809,1.59617,3.35214,17.90137,23.1134,21.58961,17.68918,"[11.2104, 11.51884, 11.34935, 11.36419, 11.50095, 11.23345, 11.59604, 11.18413, 11.59517, 11.23353, 11.5046, 11.3533, 11.37067, 11.48513, 11.25646, 11.56879, 11.21229, 11.56948, 11.2538, 11.49197]",
RandomWalk,49858,220,1,10,1,1.138,,,,,,,,,,,,,0.77784,2.09058,2.46273,2.34558,2.11211,0.77784,1.8669,2.29638,2.17573,1.83442,7.17111,20.29007,25.74132,24.09892,20.13337,"[11.62464, 11.62464, 11.62464, 11.62464, 11.62464, 11.62464, 11.62464, 11.62464, 11.62464, 11.62464, 11.62464, 11.62464, 11.62464, 11.62464, 11.62464, 11.62464, 11.62464, 11.62464, 11.62464, 11.62464]",
LSTM,49858,220,1,10,1,61.224,,,,,,,,,,,,,0.74706,2.22899,2.90519,2.85204,2.63416,0.74706,1.95382,2.68845,2.66219,2.41845,6.88735,21.32636,30.14184,29.35729,26.08754,"[11.59386, 11.5579, 11.69223, 11.77935, 11.93444, 12.08453, 12.22298, 12.34339, 12.44152, 12.51693, 12.56813, 12.59795, 12.60869, 12.60331, 12.58471, 12.55551, 12.5182, 12.47517, 12.42881, 12.3815]",
Alg_c,49858,220,1,10,1,0,0.35437,0.35437,0.90909,0.625,0,0.51136,0.85227,0.82594,0.07407,0,0.3,0.76544,,,,,,,,,,,,,,,,,"[0.0, 0.0, 0.0, 0.0, 0.0, 0.0, 0.03063, 0.0, 0.56112, 0.0, 0.85812, 0.05425, 0.0, 0.53306, 0.0, 0.0, 0.23599, 0.46525, 0.0, 0.04865, 0.22802, 0.31052, 0.4522, 0.05355, 0.56151, 0.32655, 0.41036, 0.0, 0.47545, 0.56128, 0.0, 0.07782, 0.57637, 0.87924, 0.08669, 0.45308, 0.37999, 0.42672, 0.65848, 0.74613, 0.73683, 0.0, 0.71317, 0.89802, 0.47222, 0.0, 0.51699, 0.18171, 0.0, 0.3687, 0.84547, 0.56393, 1.14402, 0.40797, 0.66695, 0.4815, 0.63792, 1.53443, 0.11241, 0.97579, 0.29443, 0.51343, 0.47766, 0.80117, 0.20936, 0.0, 0.62145, 0.65007, 0.98479, 0.90731, 0.721, 0.15569, 0.80001, 0.69168, 1.12213, 0.98038, 0.31125, 0.93337, 0.45827, 0.41353, 1.31968, 0.77583, 0.87691, 1.06059, 1.3595, 0.35111, 1.07748, 1.08941, 0.56306, 0.87377, 0.92912, 1.25809, 1.27794, 0.74299, 0.72408, 0.76204, 1.30236, 1.0585, 1.14881, 1.01243, 0.9791, 1.0539, 1.35296, 1.1716, 1.27878, 0.63932, 1.11373, 0.78087, 1.51219, 0.32741, 0.84773, 0.98538, 1.24601, 1.39222, 0.88715, 1.49801, 1.34384, 0.0, 1.06447, 1.06383, 1.38467, 1.7827, 0.78681, 1.41634, 1.05652, 1.35998, 1.25449, 1.56579, 0.52535, 1.69776, 0.27975, 1.69739, 1.21938, 1.16219, 1.7581, 0.98329, 1.01754, 2.33623, 1.73115, 1.38222, 1.25643, 2.40308, 1.14327, 1.62002, 1.08573, 1.09575, 1.20413, 2.10453, 1.85752, 0.69302, 1.91135, 1.63243, 1.06564, 1.42904, 1.48744, 1.90375, 1.31154, 1.22044, 0.96595, 2.06724, 1.59657, 1.50981, 1.16547, 2.17335, 1.04962, 1.60074, 2.28052, 1.27336, 1.39034, 1.75515, 2.19725, 1.44455, 1.96648, 1.64267, 2.24758, 1.82841, 1.31506, 2.23768, 1.87991, 1.42129, 1.46567, 1.01913, 1.69144, 1.72508, 1.81824, 1.38207, 1.65374, 2.11916, 2.24733, 2.03071, 2.12536, 2.17686, 1.91046, 1.61345, 1.67082, 2.13909, 2.1033, 2.04587, 1.53187, 1.85478, 1.9298, 2.40266, 2.48684, 1.8077, 2.47547, 2.30091, 2.50387, 2.30867, 1.93999, 2.0722, 1.74089, 1.52235, 1.89707, 2.25335, 1.45528, 2.61107, 1.26333, 2.03725, 2.3805]"
UDE-NN,66214,220,1,10,1,159.965,0.15495,0.47843,0.96073,0.85393,0,0.60489,0.93988,0.36697,0.02817,0,0.13171,0.19004,0.18216,1.02597,1.11264,1.03345,0.95203,0.18216,0.85812,0.98765,0.88131,0.80043,1.21255,6.26324,7.01425,6.27047,5.7373,"[15.20512, 15.19895, 14.86754, 14.67996, 14.44468, 14.23551, 14.02555, 13.82361, 13.62665, 13.43533, 13.24924, 13.06825, 12.89218, 12.72088, 12.55417, 12.39191, 12.23396, 12.08016, 11.93037, 11.78448]","[-0.17705, -0.0782, 0.03554, -0.06758, -0.10215, -0.08851, 0.00374, 0.02092, -0.03705, -0.0901, -0.03178, -0.01349, 0.09508, 0.23139, 0.14491, 0.18934, 0.167, 0.31763, 0.33449, 0.19546, 0.27918, 0.25824, 0.39967, 0.1265, -6.0e-5, 0.15717, 0.23306, 0.29566, 0.38906, 0.39606, 0.36867, 0.60976, 0.59824, 0.44046, 0.36712, 0.41394, 0.42925, 0.45039, 0.22339, 0.17479, 0.33198, 0.44135, 0.55063, 0.57246, 0.53256, 0.36666, 0.19916, 0.04233, 0.02526, 0.06496, 0.38465, 0.47878, 0.77518, 0.72, 0.54016, 0.44011, 0.3022, 0.3068, 0.37955, 0.38818, 0.42878, 0.47535, 0.38734, 0.35206, 0.2918, 0.42839, 0.61417, 0.68698, 0.71745, 0.80232, 0.68574, 0.66133, 0.7146, 0.76293, 0.5462, 0.40146, 0.4546, 0.40553, 0.52376, 0.6958, 0.8545, 0.91855, 0.87899, 0.92119, 0.84169, 0.7064, 0.69627, 0.77633, 0.8783, 0.85274, 0.87399, 0.97233, 1.07686, 1.16288, 1.08594, 0.902, 0.85067, 0.78921, 0.83219, 0.83386, 0.94793, 0.89133, 0.9422, 1.05153, 0.96328, 0.83982, 0.8826, 1.07844, 0.98459, 1.04182, 1.1979, 1.20307, 1.15132, 1.07422, 1.0904, 1.05412, 1.2364, 1.21938, 1.22102, 1.28245, 1.42891, 1.39744, 1.35485, 1.3339, 1.35606, 1.40241, 1.37665, 1.3333, 1.32147, 1.30354, 1.34303, 1.41242, 1.4904, 1.35871, 1.29928, 1.39996, 1.40133, 1.40306, 1.4385, 1.39766, 1.37668, 1.39462, 1.47231, 1.63986, 1.56756, 1.49501, 1.5372, 1.77852, 1.88912, 1.80524, 1.70708, 1.59062, 1.49297, 1.55114, 1.53414, 1.622, 1.56166, 1.58644, 1.72364, 1.59592, 1.53434, 1.55495, 1.53983, 1.74041, 1.72134, 1.64583, 1.57265, 1.53338, 1.67222, 1.77308, 1.99483, 1.80087, 1.84018, 1.83418, 1.83501, 1.77901, 1.79629, 1.96883, 2.00317, 1.82624, 1.72621, 1.79731, 1.81499, 1.77603, 1.77173, 1.89227, 1.97489, 2.12366, 2.11629, 1.99262, 1.89093, 1.79737, 1.84702, 1.9922, 2.15023, 2.04307, 2.0257, 2.12655, 2.10794, 2.14181, 2.20678, 2.25879, 2.11754, 1.99405, 1.87808, 1.99137, 2.03579, 2.05889, 2.30145, 2.35154, 2.3092, 2.19435, 2.00413, 1.87126, 1.83174, 1.90881, 1.90232, 1.79608, 1.8272, 1.83669]"
GP,66214,220,1,10,1,756.378,0.05433,0.47843,0.9915,0.96471,0,0.65207,0.98648,0.37838,0,0,0.12613,0.18078,0.14031,0.90572,1.13845,1.07575,1.02096,0.14031,0.7631,1.01204,0.94419,0.90364,0.93396,5.54218,7.09503,6.65285,6.44409,"[14.88265, 14.99864, 14.63099, 14.44882, 14.20997, 13.99755, 13.78499, 13.57983, 13.37978, 13.18516, 12.99567, 12.81117, 12.63146, 12.45638, 12.28578, 12.11949, 11.95736, 11.79925, 11.64501, 11.4945]","[-0.00415, 0.00569, 0.01552, 0.02521, 0.03583, 0.04615, 0.05623, 0.06607, 0.07497, 0.08444, 0.0936, 0.1028, 0.11224, 0.12205, 0.13169, 0.1415, 0.15082, 0.1598, 0.16795, 0.17791, 0.18756, 0.19712, 0.20621, 0.21463, 0.22321, 0.23135, 0.24027, 0.24841, 0.25794, 0.26625, 0.27512, 0.28365, 0.29096, 0.29978, 0.30719, 0.31545, 0.32335, 0.33135, 0.33953, 0.34838, 0.35649, 0.36604, 0.37519, 0.38371, 0.39291, 0.40226, 0.41076, 0.41876, 0.42591, 0.43333, 0.4403, 0.44887, 0.45729, 0.46596, 0.47497, 0.48324, 0.49221, 0.50195, 0.51165, 0.52071, 0.52954, 0.53872, 0.54772, 0.5568, 0.56587, 0.5747, 0.58362, 0.59184, 0.60074, 0.60991, 0.6199, 0.62975, 0.63884, 0.64866, 0.659, 0.66923, 0.67953, 0.68958, 0.70094, 0.71238, 0.72362, 0.73501, 0.74623, 0.75774, 0.76899, 0.78064, 0.79188, 0.8027, 0.81301, 0.82311, 0.83253, 0.84186, 0.85161, 0.86131, 0.8715, 0.88177, 0.89287, 0.90435, 0.91559, 0.92686, 0.93856, 0.95016, 0.96212, 0.97341, 0.98391, 0.99375, 1.00369, 1.0142, 1.02525, 1.03665, 1.04793, 1.05952, 1.07189, 1.08445, 1.09735, 1.11059, 1.12428, 1.13855, 1.15351, 1.16875, 1.18421, 1.19975, 1.21563, 1.23157, 1.24738, 1.26313, 1.27887, 1.29474, 1.31065, 1.32639, 1.34211, 1.35766, 1.37315, 1.3886, 1.40418, 1.41959, 1.43471, 1.4498, 1.46461, 1.47901, 1.49295, 1.50604, 1.51821, 1.52974, 1.54001, 1.54986, 1.55918, 1.56873, 1.57797, 1.58637, 1.59466, 1.60282, 1.61093, 1.61943, 1.6281, 1.63666, 1.64466, 1.65306, 1.66158, 1.67018, 1.67773, 1.68553, 1.69362, 1.70098, 1.70818, 1.71621, 1.72425, 1.73192, 1.7402, 1.74843, 1.7557, 1.76318, 1.77048, 1.77726, 1.78473, 1.79221, 1.79973, 1.80822, 1.81689, 1.82603, 1.83534, 1.84497, 1.85404, 1.86331, 1.87271, 1.88191, 1.89155, 1.90089, 1.91015, 1.91991, 1.92991, 1.93981, 1.94943, 1.95978, 1.97069, 1.98147, 1.99176, 2.00082, 2.00968, 2.01808, 2.02707, 2.0356, 2.04412, 2.05303, 2.06187, 2.07047, 2.07823, 2.08558, 2.09277, 2.09923, 2.10646, 2.11329, 2.11971, 2.12619, 2.13228, 2.13781, 2.14335, 2.14984, 2.15504, 2.16043]"
ARIMA,66214,220,1,10,1,20.231,,,,,,,,,,,,,1.24584,2.12866,2.1503,2.25397,2.42579,1.24584,1.97311,1.87528,2.01352,2.21356,8.29291,14.21901,13.72881,14.78301,16.39543,"[16.2688, 16.20111, 16.21559, 16.2125, 16.21316, 16.21302, 16.21305, 16.21304, 16.21304, 16.21304, 16.21304, 16.21304, 16.21304, 16.21304, 16.21304, 16.21304, 16.21304, 16.21304, 16.21304, 16.21304]",
RandomWalk,66214,220,1,10,1,1.237,,,,,,,,,,,,,0.92954,1.88504,1.92502,2.02281,2.1893,0.92954,1.70338,1.61014,1.74914,1.94994,6.18744,12.32329,11.87108,12.91334,14.50487,"[15.95249, 15.95249, 15.95249, 15.95249, 15.95249, 15.95249, 15.95249, 15.95249, 15.95249, 15.95249, 15.95249, 15.95249, 15.95249, 15.95249, 15.95249, 15.95249, 15.95249, 15.95249, 15.95249, 15.95249]",
LSTM,66214,220,1,10,1,64.162,,,,,,,,,,,,,0.56658,1.05425,1.71479,1.61872,1.48028,0.56658,0.81897,1.39725,1.32855,1.19799,3.7714,5.60262,9.39755,9.0425,8.25594,"[14.45638, 13.94859, 13.45236, 13.11887, 12.89163, 12.73871, 12.64226, 12.58564, 12.55058, 12.53298, 12.52467, 12.52201, 12.52216, 12.52347, 12.52509, 12.52657, 12.52775, 12.52861, 12.5292, 12.52957]",
Alg_c,66214,220,1,10,1,0,0.47843,0.47843,0.88,0.5679,0,0.48263,0.81565,0.48276,0.2,0,0.22759,0.33473,,,,,,,,,,,,,,,,,"[0.0, 0.0, 0.49147, 0.0, 0.0, 0.0, 0.18601, 0.1943, 0.0, 0.0, 0.01895, 0.0, 0.0443, 0.69442, 0.0, 0.31636, 0.0, 0.51649, 0.63429, 0.0, 0.49584, 0.00894, 1.20418, 0.0, 0.0, 0.30817, 0.30239, 0.25476, 0.56488, 0.45948, 0.0, 1.03131, 0.82786, 0.29425, 0.11114, 0.4422, 0.49974, 0.96485, 0.0, 0.0, 0.43046, 0.46349, 0.73757, 0.68954, 0.78354, 0.38039, 0.10956, 0.0, 0.0, 0.0, 0.74503, 0.16431, 1.45576, 0.9184, 0.41497, 0.50156, 0.01706, 0.18211, 0.49821, 0.3339, 0.42919, 0.74439, 0.29298, 0.36275, 0.0, 0.3505, 0.84394, 0.7776, 0.58394, 1.24208, 0.43764, 0.48397, 0.66811, 1.32283, 0.38727, 0.01815, 0.67373, 0.03955, 0.45727, 0.70068, 1.02953, 1.14951, 0.613, 1.17387, 0.95753, 0.43473, 0.54469, 0.71536, 1.15164, 0.74789, 0.71329, 0.96473, 1.08613, 1.49089, 1.32392, 0.58944, 0.9601, 0.55097, 0.98929, 0.506, 1.42233, 0.54472, 0.79318, 1.49433, 1.01407, 0.5117, 0.50136, 1.78731, 0.55279, 0.82895, 1.51512, 1.2405, 1.23583, 0.79348, 1.41343, 0.29132, 2.00269, 0.98208, 1.08088, 0.36353, 2.75405, 1.68267, 0.0, 0.57654, 0.86378, 2.42679, 3.22346, 0.0, 2.05332, 0.0, 1.33713, 0.79001, 3.30081, 0.0, 0.0, 2.36766, 1.2293, 1.06356, 1.89617, 1.22916, 1.31552, 1.33203, 1.20883, 2.17826, 1.50477, 1.28368, 1.11844, 2.08749, 2.28986, 1.84699, 1.74229, 1.53443, 1.17597, 1.69057, 1.35624, 1.89481, 1.39225, 1.3224, 2.25213, 1.50508, 1.34684, 1.55549, 1.18254, 2.14063, 1.8652, 1.63759, 1.47325, 1.16445, 1.70147, 1.60788, 2.77437, 1.41878, 1.8312, 1.84638, 1.92512, 1.62405, 1.48146, 2.22328, 2.42721, 1.69139, 1.38654, 1.8995, 1.93123, 1.69471, 1.50944, 1.99758, 1.83134, 2.42387, 2.33287, 1.91919, 1.87868, 1.52042, 1.67508, 1.86874, 2.80792, 1.70379, 1.78042, 2.37159, 2.0192, 2.08455, 2.24336, 2.6529, 2.06961, 1.98811, 1.42467, 2.09784, 2.04742, 1.70135, 2.6449, 2.59546, 2.51563, 2.36626, 1.86514, 1.56707, 1.55239, 2.06436, 2.03887, 1.53704, 1.78005]"
UDE-NN,16782,220,1,10,1,155.199,0.18447,0.48044,0.94493,0.73973,0,0.56155,0.90467,0.72792,0,0,0.24264,0.54594,0.62923,1.00674,2.74169,2.77755,2.99486,0.62923,0.88787,2.02005,2.14012,2.44059,4.34165,5.90631,11.61031,12.45494,14.32968,"[15.1222, 15.54211, 15.02116, 14.91391, 14.64078, 14.44145, 14.22343, 14.02001, 13.81966, 13.62577, 13.4371, 13.25375, 13.07548, 12.90214, 12.73355, 12.56958, 12.41005, 12.25483, 12.10378, 11.95676]","[0.00122, 0.00576, -0.03265, 0.10283, 0.09273, 0.04255, -0.07613, -0.04494, -0.12229, -0.13608, -0.0494, 0.0466, -0.10476, 0.32734, 0.38264, 0.37467, 0.36941, 0.49588, 0.48426, 0.17772, 0.16451, 0.08803, 0.0969, 0.04428, -0.00831, -0.16304, -0.0425, 0.12235, 0.09518, 0.2866, 0.32661, 0.45053, 0.51235, 0.51278, 0.32857, 0.39416, 0.30982, 0.3878, 0.29561, 0.25642, 0.42979, 0.23744, 0.08208, 0.11366, 0.24196, 0.3546, 0.30989, 0.22559, 0.05857, 0.15641, 0.45323, 0.43041, 0.4405, 0.52871, 0.51233, 0.43548, 0.43448, 0.38994, 0.61159, 0.62343, 0.51247, 0.64996, 0.74968, 0.86285, 0.91402, 0.76996, 0.53515, 0.49348, 0.70158, 0.47223, 0.56199, 0.7452, 0.77494, 0.58481, 0.55257, 0.6582, 0.61008, 0.69858, 0.72321, 0.89548, 0.88811, 0.67355, 0.71543, 0.70616, 0.858, 0.82334, 0.88873, 0.86232, 0.84625, 0.98947, 1.06231, 1.15505, 0.93528, 0.79555, 0.86814, 0.84148, 0.97028, 1.00326, 0.8577, 0.89906, 0.88465, 0.92779, 0.85942, 0.92295, 0.85174, 0.80456, 0.92567, 0.94544, 0.93922, 0.9109, 1.0053, 1.00087, 1.09986, 1.12549, 1.13981, 1.09383, 1.04804, 1.07562, 1.10787, 1.18306, 1.28796, 1.22474, 1.10809, 1.20052, 1.2876, 1.329, 1.21474, 1.1581, 1.21647, 1.22765, 1.49326, 1.59494, 1.42648, 1.40908, 1.36763, 1.34024, 1.53563, 1.48273, 1.4761, 1.34048, 1.21492, 1.26259, 1.25995, 1.34037, 1.57812, 1.50948, 1.53177, 1.56897, 1.52287, 1.46515, 1.42127, 1.52649, 1.53968, 1.40026, 1.35092, 1.39969, 1.51365, 1.41074, 1.25677, 1.34162, 1.29746, 1.05572, 1.23116, 1.3483, 1.62581, 1.68873, 1.60679, 1.73149, 1.93079, 2.03792, 2.0791, 2.10788, 2.01171, 1.68848, 1.58394, 1.49791, 1.61005, 1.64325, 1.53745, 1.4214, 1.50519, 1.45039, 1.41169, 1.45981, 1.56514, 1.65913, 1.69999, 1.87129, 1.91703, 1.88268, 1.93678, 2.0012, 2.04244, 2.03471, 1.91984, 2.05285, 2.08889, 2.10732, 2.07901, 1.9526, 1.97394, 1.94584, 1.80226, 1.79126, 1.80574, 1.87114, 2.06597, 2.2126, 2.34127, 2.32643, 2.30359, 2.25808, 2.2276, 2.05408, 1.90277, 1.6845, 1.60064, 1.59268, 1.7775, 1.78567]"
GP,16782,220,1,10,1,763.46,0.05883,0.48044,0.97778,0.89189,0,0.62322,0.96155,0.7234,0,0,0.24113,0.54255,0.35739,1.0277,2.86995,2.92054,3.15869,0.35739,0.91069,2.1371,2.27519,2.59587,2.46595,5.98305,12.26863,13.23766,15.24161,"[14.85035, 15.3635, 14.83137, 14.71354, 14.44402, 14.23666, 14.01693, 13.8088, 13.60481, 13.40678, 13.214, 13.02641, 12.84382, 12.66606, 12.49296, 12.32436, 12.16012, 12.00007, 11.84408, 11.69201]","[-0.01983, -0.01055, -0.00126, 0.00811, 0.01751, 0.02711, 0.03711, 0.04705, 0.05682, 0.0664, 0.07567, 0.08466, 0.09365, 0.10229, 0.11083, 0.11965, 0.12833, 0.13719, 0.1459, 0.15487, 0.16362, 0.17201, 0.18039, 0.18876, 0.19737, 0.20607, 0.21502, 0.2238, 0.23267, 0.24161, 0.25051, 0.25939, 0.26875, 0.27824, 0.28786, 0.29777, 0.30744, 0.31752, 0.32761, 0.33764, 0.34747, 0.35724, 0.36691, 0.3764, 0.38584, 0.39518, 0.40469, 0.41448, 0.42413, 0.43384, 0.44362, 0.45338, 0.46333, 0.47327, 0.48332, 0.49343, 0.50362, 0.51388, 0.52423, 0.53463, 0.54508, 0.55556, 0.56595, 0.57628, 0.58654, 0.59681, 0.60723, 0.61767, 0.62794, 0.63808, 0.6485, 0.65888, 0.66932, 0.67978, 0.6903, 0.70084, 0.71135, 0.72184, 0.73215, 0.74241, 0.7526, 0.76296, 0.77352, 0.78398, 0.79467, 0.80541, 0.8163, 0.82721, 0.83817, 0.84916, 0.86021, 0.87128, 0.88236, 0.89343, 0.90437, 0.91505, 0.92553, 0.93571, 0.9456, 0.95526, 0.96484, 0.97444, 0.98403, 0.99375, 1.00315, 1.01236, 1.02152, 1.03067, 1.03996, 1.04945, 1.05908, 1.06883, 1.07849, 1.0883, 1.09791, 1.10711, 1.1162, 1.1254, 1.13463, 1.14405, 1.15369, 1.16374, 1.17384, 1.18415, 1.19466, 1.20524, 1.21587, 1.22663, 1.23749, 1.24834, 1.25918, 1.26992, 1.28072, 1.29145, 1.30216, 1.31297, 1.32382, 1.33471, 1.34571, 1.35673, 1.36778, 1.37884, 1.38978, 1.40057, 1.41113, 1.42148, 1.43171, 1.44181, 1.4518, 1.46174, 1.47158, 1.48151, 1.49108, 1.50045, 1.50992, 1.51938, 1.52884, 1.53816, 1.54736, 1.55643, 1.56527, 1.57376, 1.58269, 1.59152, 1.60046, 1.60948, 1.61904, 1.62845, 1.63743, 1.64635, 1.655, 1.66386, 1.67215, 1.68028, 1.68871, 1.69704, 1.70523, 1.71377, 1.72258, 1.73127, 1.74026, 1.74886, 1.75768, 1.7662, 1.77467, 1.78341, 1.79193, 1.80058, 1.80924, 1.81807, 1.82699, 1.83557, 1.84419, 1.85262, 1.86085, 1.86917, 1.87747, 1.88566, 1.89381, 1.90236, 1.91047, 1.91849, 1.92649, 1.93428, 1.94183, 1.94945, 1.95713, 1.96523, 1.97279, 1.98072, 1.98864, 1.99667, 2.00428, 2.01236, 2.02004, 2.02752, 2.03544, 2.04314, 2.05071, 2.05849]"
ARIMA,16782,220,1,10,1,19.758,,,,,,,,,,,,,2.1421,1.89268,1.85768,1.75901,1.60608,2.1421,1.65444,1.60638,1.50552,1.3314,14.7803,11.45123,10.20325,9.57998,8.44929,"[16.63506, 16.64114, 16.64001, 16.64022, 16.64018, 16.64019, 16.64018, 16.64018, 16.64018, 16.64018, 16.64018, 16.64018, 16.64018, 16.64018, 16.64018, 16.64018, 16.64018, 16.64018, 16.64018, 16.64018]",
RandomWalk,16782,220,1,10,1,1.24,,,,,,,,,,,,,2.17454,1.9161,1.86582,1.76763,1.614,2.17454,1.67207,1.61247,1.51059,1.33363,15.00412,11.57697,10.25706,9.62658,8.47692,"[16.6675, 16.6675, 16.6675, 16.6675, 16.6675, 16.6675, 16.6675, 16.6675, 16.6675, 16.6675, 16.6675, 16.6675, 16.6675, 16.6675, 16.6675, 16.6675, 16.6675, 16.6675, 16.6675, 16.6675]",
LSTM,16782,220,1,10,1,54.276,,,,,,,,,,,,,0.01356,2.71941,4.52394,4.4717,4.50195,0.01356,2.27022,3.92,3.94772,4.07025,0.09359,14.58105,23.19077,23.51295,24.2931,"[14.4794, 13.51366, 12.61133, 11.9587, 11.62161, 11.42152, 11.47633, 11.54559, 11.73078, 11.86847, 11.97203, 12.02702, 12.02374, 11.99407, 11.93974, 11.88923, 11.84413, 11.81556, 11.80238, 11.80088]",
Alg_c,16782,220,1,10,1,0,0.48044,0.48044,0.88312,0.54545,0,0.47619,0.8135,0.74308,0.19512,0,0.31273,0.59718,,,,,,,,,,,,,,,,,"[0.01011, 0.09453, 0.0, 0.3941, 0.15537, 0.23276, 0.0, 0.24581, 0.0, 0.0, 0.0, 0.37977, 0.0, 0.90962, 0.53471, 0.37289, 0.1378, 0.73877, 1.05085, 0.0, 0.15797, 0.0, 0.19461, 0.09642, 0.17449, 0.0, 0.0, 0.4775, 0.0, 0.53657, 0.19384, 0.57313, 0.61532, 0.99437, 0.0, 0.75849, 0.0, 0.86795, 0.14573, 0.0, 1.29219, 0.0582, 0.0, 0.0, 0.26833, 0.66373, 0.3286, 0.42016, 0.0, 0.0, 1.1553, 0.26346, 0.2441, 0.76362, 0.63814, 0.21967, 0.68148, 0.0, 1.18672, 0.96374, 0.0, 0.90506, 0.6583, 0.92065, 1.28427, 1.01757, 0.08644, 0.0, 1.90552, 0.0, 0.4004, 1.0414, 1.33066, 0.13369, 0.19452, 1.25135, 0.0745, 1.01585, 0.25684, 1.25355, 1.48075, 0.0, 1.05739, 0.10189, 1.55669, 0.23784, 1.28317, 0.89211, 0.24805, 1.44269, 0.43791, 2.56942, 0.39427, 0.0, 1.54966, 0.21144, 1.23121, 1.42281, 0.39161, 1.06413, 0.7321, 1.22457, 0.4832, 1.23366, 0.79312, 0.46572, 1.12316, 0.99504, 1.00101, 0.61613, 1.28157, 0.73305, 1.30681, 1.10978, 1.26226, 1.09753, 0.89839, 1.06756, 1.02213, 1.04031, 1.67185, 1.36933, 0.59428, 1.32091, 1.28893, 1.76868, 1.02886, 0.79, 1.77635, 0.13687, 1.88668, 2.51359, 0.63612, 1.62265, 1.51375, 0.37689, 2.62477, 0.80639, 2.04356, 1.39129, 0.36452, 1.82707, 1.04184, 0.67346, 2.62355, 1.04973, 1.50595, 1.76902, 1.50967, 1.52702, 1.0245, 1.75587, 1.8609, 1.19136, 1.18084, 1.24045, 1.97054, 1.49701, 0.76008, 1.68019, 1.74749, 0.22407, 1.24912, 1.06444, 1.98232, 2.00284, 1.09323, 1.57218, 2.13637, 2.18361, 2.11314, 2.4525, 2.50316, 1.274, 1.39282, 1.06671, 1.72024, 1.92849, 1.61429, 1.04687, 1.74107, 1.39284, 1.20831, 1.3068, 1.59831, 1.7521, 1.46235, 2.10958, 2.09528, 1.68921, 1.90174, 2.05507, 2.17822, 2.20958, 1.45196, 2.19721, 2.17278, 2.21637, 2.22835, 1.69007, 2.06144, 2.14785, 1.54316, 1.61043, 1.58143, 1.52686, 2.14887, 2.34469, 2.66189, 2.40848, 2.3423, 2.26805, 2.50936, 2.12109, 2.00245, 1.37714, 1.2129, 1.13997, 2.08016]"
UDE-NN,18423,220,1,10,1,175.433,0.06718,0.84656,0.97093,0.8913,0,0.62074,0.95595,0.46316,0,0,0.15439,0.15696,0.44308,1.3826,2.04814,2.07255,2.62373,0.44308,1.21392,1.86056,1.91381,2.35148,4.12419,13.05159,22.5975,23.47885,33.73758,"[11.18647, 11.14163, 11.01679, 10.89065, 10.76729, 10.64685, 10.52925, 10.4144, 10.3022, 10.19256, 10.08539, 9.98061, 9.87813, 9.77787, 9.67976, 9.58372, 9.48967, 9.39754, 9.30727, 9.21878]","[0.15668, 0.08469, 0.09441, 0.1052, 0.07735, 0.07248, 0.02179, 0.00647, -0.00569, 0.05168, 0.15263, 0.08814, 0.13347, 0.06584, 0.05193, 0.04606, 0.06351, 0.12464, 0.13819, 0.26314, 0.31626, 0.25515, 0.29083, 0.27061, 0.31285, 0.34696, 0.34761, 0.30157, 0.29799, 0.29882, 0.29284, 0.41322, 0.33382, 0.32877, 0.34324, 0.39068, 0.36925, 0.34605, 0.39135, 0.37625, 0.38496, 0.3953, 0.44979, 0.48575, 0.41542, 0.40491, 0.42199, 0.46195, 0.5167, 0.5261, 0.57004, 0.61451, 0.61723, 0.58523, 0.56077, 0.53956, 0.52697, 0.63544, 0.68629, 0.60865, 0.55767, 0.57158, 0.6216, 0.69517, 0.66286, 0.62855, 0.66052, 0.79208, 0.84204, 0.79164, 0.75061, 0.74201, 0.7088, 0.66793, 0.68162, 0.65694, 0.70774, 0.69316, 0.65591, 0.73239, 0.79359, 0.84811, 0.84782, 0.83002, 0.8347, 0.8436, 0.85324, 0.91348, 0.97019, 0.93987, 0.99917, 1.03096, 0.98739, 1.00187, 0.99924, 1.03328, 1.02733, 1.04338, 1.04473, 1.0194, 1.01685, 1.01407, 1.0139, 1.06002, 1.02474, 1.06198, 1.10586, 1.06547, 1.10911, 1.11006, 1.11397, 1.15358, 1.18562, 1.22449, 1.24151, 1.248, 1.27079, 1.2772, 1.28826, 1.28068, 1.27817, 1.27337, 1.27264, 1.26743, 1.26709, 1.25656, 1.27462, 1.31029, 1.35186, 1.3511, 1.33969, 1.32863, 1.34967, 1.37074, 1.38457, 1.37714, 1.37067, 1.35936, 1.35836, 1.3444, 1.32909, 1.31973, 1.33234, 1.34842, 1.35733, 1.36771, 1.37795, 1.39457, 1.4078, 1.42383, 1.45281, 1.49037, 1.53256, 1.58214, 1.61005, 1.6347, 1.66072, 1.68214, 1.71092, 1.73086, 1.74323, 1.76071, 1.76998, 1.77217, 1.77408, 1.77727, 1.7843, 1.79125, 1.79405, 1.79544, 1.79983, 1.81477, 1.83283, 1.83864, 1.83799, 1.83646, 1.83884, 1.82804, 1.82147, 1.84633, 1.88878, 1.90047, 1.90405, 1.90737, 1.90554, 1.90244, 1.9056, 1.92735, 1.94919, 1.94459, 1.94689, 1.95127, 1.95834, 1.96659, 1.97637, 2.00661, 1.98308, 1.92999, 1.964, 2.00906, 2.02741, 1.98547, 1.95588, 1.96464, 2.03499, 1.99654, 1.95351, 1.98962, 2.0974, 2.1233, 2.12255, 2.11558, 2.09987, 2.09255, 2.06797, 2.18055, 2.219, 2.16561, 2.11647, 2.12512]"
GP,18423,220,1,10,1,756.561,0.04763,0.84656,0.97802,0.89189,0,0.6233,0.9619,0.42308,0,0,0.14103,0.14338,0.46735,1.40456,2.07077,2.09551,2.64589,0.46735,1.23884,1.88544,1.93866,2.37625,4.35009,13.30799,22.8834,23.7695,34.05756,"[11.21073, 11.167, 11.0418, 10.91561, 10.79224, 10.67178, 10.55415, 10.43926, 10.32702, 10.21732, 10.11009, 10.00523, 9.90267, 9.80233, 9.70411, 9.60796, 9.51379, 9.42154, 9.33113, 9.24249]","[0.04353, 0.05293, 0.06232, 0.07171, 0.08111, 0.0905, 0.09989, 0.10928, 0.11868, 0.12807, 0.13746, 0.14686, 0.15625, 0.16564, 0.17504, 0.18443, 0.19382, 0.20322, 0.21261, 0.222, 0.2314, 0.24079, 0.25018, 0.25958, 0.26897, 0.27836, 0.28776, 0.29715, 0.30654, 0.31594, 0.32533, 0.33472, 0.34412, 0.35351, 0.3629, 0.3723, 0.38169, 0.39108, 0.40048, 0.40987, 0.41926, 0.42866, 0.43805, 0.44744, 0.45684, 0.46623, 0.47562, 0.48502, 0.49441, 0.5038, 0.5132, 0.52259, 0.53198, 0.54138, 0.55077, 0.56016, 0.56956, 0.57895, 0.58834, 0.59774, 0.60713, 0.61652, 0.62592, 0.63531, 0.6447, 0.6541, 0.66349, 0.67288, 0.68228, 0.69167, 0.70106, 0.71046, 0.71985, 0.72924, 0.73864, 0.74803, 0.75742, 0.76682, 0.77621, 0.7856, 0.795, 0.80439, 0.81378, 0.82318, 0.83257, 0.84196, 0.85136, 0.86075, 0.87014, 0.87954, 0.88893, 0.89832, 0.90772, 0.91711, 0.9265, 0.9359, 0.94529, 0.95468, 0.96408, 0.97347, 0.98286, 0.99226, 1.00165, 1.01104, 1.02043, 1.02983, 1.03922, 1.04861, 1.05801, 1.0674, 1.07679, 1.08619, 1.09558, 1.10497, 1.11437, 1.12376, 1.13315, 1.14255, 1.15194, 1.16133, 1.17072, 1.18012, 1.18951, 1.1989, 1.2083, 1.21769, 1.22708, 1.23648, 1.24587, 1.25526, 1.26465, 1.27405, 1.28344, 1.29283, 1.30223, 1.31162, 1.32101, 1.33041, 1.3398, 1.34919, 1.35859, 1.36798, 1.37737, 1.38676, 1.39616, 1.40555, 1.41494, 1.42434, 1.43373, 1.44312, 1.45252, 1.46191, 1.4713, 1.48069, 1.49009, 1.49948, 1.50887, 1.51827, 1.52766, 1.53705, 1.54645, 1.55584, 1.56523, 1.57462, 1.58402, 1.59341, 1.6028, 1.6122, 1.62159, 1.63098, 1.64038, 1.64977, 1.65916, 1.66856, 1.67795, 1.68734, 1.69673, 1.70613, 1.71552, 1.72491, 1.73431, 1.7437, 1.75309, 1.76249, 1.77188, 1.78127, 1.79066, 1.80006, 1.80945, 1.81884, 1.82824, 1.83763, 1.84702, 1.85642, 1.86581, 1.8752, 1.8846, 1.89399, 1.90338, 1.91277, 1.92217, 1.93156, 1.94095, 1.95035, 1.95974, 1.96913, 1.97853, 1.98792, 1.99731, 2.00671, 2.0161, 2.02549, 2.03489, 2.04428, 2.05367, 2.06306, 2.07246, 2.08185, 2.09124, 2.10064]"
ARIMA,18423,220,1,10,1,20.628,,,,,,,,,,,,,0.31709,0.87607,1.719,1.82279,2.58558,0.31709,0.75575,1.48681,1.61502,2.17789,2.95148,8.14083,18.32932,20.08733,32.2296,"[10.4263, 10.3216, 10.25088, 10.20311, 10.17085, 10.14906, 10.13434, 10.1244, 10.11768, 10.11314, 10.11008, 10.10801, 10.10661, 10.10567, 10.10503, 10.1046, 10.10431, 10.10411, 10.10398, 10.10389]",
RandomWalk,18423,220,1,10,1,1.211,,,,,,,,,,,,,0.16208,1.13626,2.0806,2.20452,2.96699,0.16208,0.89662,1.78404,1.94142,2.53412,1.50866,9.81884,22.04908,24.19065,37.21408,"[10.58131, 10.58131, 10.58131, 10.58131, 10.58131, 10.58131, 10.58131, 10.58131, 10.58131, 10.58131, 10.58131, 10.58131, 10.58131, 10.58131, 10.58131, 10.58131, 10.58131, 10.58131, 10.58131, 10.58131]",
LSTM,18423,220,1,10,1,52.98,,,,,,,,,,,,,0.68254,0.60688,0.5791,0.58357,1.50568,0.68254,0.47937,0.44511,0.45796,0.97545,6.35311,4.63795,5.06697,5.3541,15.54226,"[10.06085, 9.6357, 9.19855, 8.95574, 8.68623, 8.58584, 8.36128, 8.17887, 8.19046, 8.19551, 8.33525, 8.415, 8.57326, 8.73148, 8.86082, 9.00842, 9.03018, 9.08681, 9.09468, 9.1084]",
Alg_c,18423,220,1,10,1,0,0.84656,0.84656,0.88581,0.66667,0,0.51749,0.8413,0.55422,0.09756,0.31579,0.32252,0.35021,,,,,,,,,,,,,,,,,"[0.33012, 0.0, 0.07898, 0.18812, 0.01849, 0.17446, 0.0, 0.00612, 0.0, 0.0, 0.48711, 0.0, 0.34595, 0.0, 0.02299, 0.0, 0.0, 0.23134, 0.0, 0.3975, 0.54877, 0.05535, 0.41356, 0.12698, 0.33174, 0.40198, 0.44906, 0.19983, 0.29953, 0.32296, 0.00938, 0.83426, 0.18387, 0.28836, 0.272, 0.53298, 0.37532, 0.18932, 0.53148, 0.32109, 0.39602, 0.29567, 0.4546, 0.7638, 0.20367, 0.38452, 0.38958, 0.4162, 0.64332, 0.43052, 0.55936, 0.69024, 0.6822, 0.546, 0.55994, 0.56654, 0.24126, 0.7677, 0.95052, 0.51914, 0.43021, 0.50891, 0.55426, 0.92177, 0.65788, 0.51287, 0.45159, 0.92982, 1.03671, 0.7477, 0.67582, 0.80328, 0.73371, 0.55891, 0.72348, 0.50989, 0.83681, 0.72884, 0.42317, 0.77238, 0.78305, 0.96116, 0.87534, 0.77487, 0.83655, 0.87431, 0.72899, 0.91555, 1.18035, 0.71415, 1.06941, 1.21812, 0.80644, 1.0833, 0.89323, 1.14639, 0.95618, 1.0742, 1.10901, 0.95471, 1.03514, 1.03985, 0.8259, 1.39852, 0.71394, 1.03438, 1.45364, 0.62516, 1.36451, 1.1045, 0.82856, 1.32502, 0.92567, 1.65941, 1.85817, 0.0, 2.19017, 0.0, 2.82108, 0.0, 1.85311, 0.29642, 1.76289, 0.60876, 1.93542, 0.01029, 1.19799, 1.1359, 1.82659, 1.33072, 1.44699, 0.8058, 1.43608, 1.35703, 2.19714, 0.06758, 2.23782, 0.0, 2.28504, 1.86516, 0.0, 0.0, 1.36945, 1.94326, 0.67697, 1.69617, 0.0, 1.94425, 1.13172, 0.36654, 1.24175, 1.43602, 0.86557, 2.65985, 1.8112, 0.1855, 2.64296, 0.0, 2.23051, 5.40478, 0.0, 2.21956, 5.78989, NaN, 0.0, 0.10281, 1.74825, 3.20996, 7.28755, 0.0, 0.0, 1.64046, 2.65259, 4.97201, 2.09416, 0.0, 3.28599, 0.0, 0.0, 1.68936, 2.49502, 2.44959, 1.28007, 2.63994, 2.24045, 1.14041, 0.79051, 1.8972, 3.06843, 0.0, 2.01336, 1.90332, 1.95672, 2.05418, 1.38762, 2.5858, 2.63611, 0.27393, 2.12433, 2.08481, 2.42938, 1.84082, 1.86438, 1.51085, 2.67012, 1.92672, 1.78446, 1.85266, 2.26767, 2.17514, 2.13801, 2.13144, 2.08695, 2.13017, 1.79551, 2.33513, 2.42215, 2.15019, 1.99914]"
UDE-NN,46984,220,1,10,1,158.836,0.0843,0.48366,0.98864,0.95238,0,0.64701,0.98182,0.96992,0.87912,0,0.61635,0.92955,0.08603,1.02495,6.73567,8.02693,9.06907,0.08603,0.77786,4.64588,5.97748,7.25258,9.27404,39.78364,65.1676,70.21799,75.27641,"[1.01363, 0.91284, 0.8262, 0.75987, 0.71291, 0.68047, 0.65748, 0.64022, 0.62634, 0.6145, 0.60396, 0.59431, 0.58532, 0.57686, 0.56886, 0.56126, 0.55401, 0.54709, 0.54046, 0.53411]","[0.00052, 0.16166, 0.10937, 0.19437, 0.18461, 0.13097, 0.08118, 0.07875, 0.00787, 0.00867, 0.08948, 0.19331, 0.23927, 0.14796, 0.0498, 0.09329, 0.0902, 0.20402, 0.21945, 0.27089, 0.244, 0.03503, -0.03684, 0.04824, 0.19701, 0.22299, 0.08908, 0.09025, 0.18674, 0.30111, 0.36598, 0.36757, 0.31575, 0.31132, 0.26369, 0.2355, 0.2721, 0.2762, 0.21966, 0.21603, 0.25014, 0.27894, 0.2759, 0.38224, 0.5507, 0.54369, 0.62226, 0.68382, 0.5703, 0.54589, 0.49347, 0.44483, 0.39667, 0.40434, 0.45556, 0.53684, 0.55149, 0.5405, 0.54188, 0.64355, 0.70186, 0.66179, 0.60451, 0.59368, 0.63446, 0.60345, 0.6419, 0.72136, 0.71694, 0.76122, 0.73758, 0.71706, 0.61615, 0.64289, 0.73204, 0.76154, 0.79457, 0.76409, 0.71341, 0.68967, 0.6815, 0.6983, 0.72842, 0.76557, 0.77787, 0.77893, 0.84222, 0.86049, 0.88244, 0.84996, 0.77329, 0.83083, 0.86117, 0.94679, 1.09417, 1.07026, 1.12918, 1.10063, 1.06051, 1.01796, 1.04939, 1.05333, 1.0489, 1.01801, 1.02367, 1.01609, 1.03776, 1.07329, 1.09058, 1.12925, 1.14705, 1.13729, 1.10448, 1.0757, 1.11325, 1.18449, 1.16841, 1.12806, 1.22804, 1.2549, 1.2692, 1.22658, 1.26916, 1.27945, 1.24645, 1.21644, 1.24311, 1.25306, 1.21019, 1.21619, 1.11378, 1.22899, 1.32671, 1.36823, 1.35376, 1.46377, 1.47918, 1.36276, 1.44248, 1.53006, 1.5166, 1.51668, 1.44073, 1.50143, 1.41844, 1.34262, 1.33114, 1.29, 1.38192, 1.50661, 1.58359, 1.67955, 1.62131, 1.6355, 1.70737, 1.56026, 1.53897, 1.53061, 1.54169, 1.60058, 1.56156, 1.5621, 1.769, 1.75441, 1.75228, 1.61056, 1.58587, 1.61389, 1.66852, 1.59775, 1.55911, 1.63403, 1.60946, 1.6433, 1.64701, 1.70229, 1.81728, 1.8424, 1.84029, 1.86022, 1.89923, 1.88417, 1.85397, 1.86237, 1.88994, 1.90209, 1.88142, 1.80419, 1.85061, 1.78126, 1.90069, 1.89855, 1.86301, 1.86548, 1.95313, 1.95651, 2.02717, 2.06746, 2.10162, 2.11083, 2.12428, 2.1311, 2.13014, 2.12806, 2.12699, 2.1278, 2.13259, 2.11742, 2.09323, 2.06622, 2.05666, 2.08033, 2.10659, 2.12367, 2.1385, 2.18677, 2.225, 2.28468, 2.27615, 2.2864]"
GP,46984,220,1,10,1,779.324,0.00415,0.48366,0.9972,0.98765,0,0.66162,0.99541,0.95911,0.84091,0,0.60001,0.9116,0.13708,0.94155,6.68282,7.9752,9.01908,0.13708,0.69921,4.56622,5.9017,7.18211,14.77812,35.31462,62.29731,67.75498,73.22929,"[1.06468, 1.00474, 0.94196, 0.88157, 0.82785, 0.78298, 0.74702, 0.71865, 0.69608, 0.6777, 0.66224, 0.64881, 0.63684, 0.62594, 0.61587, 0.60647, 0.59763, 0.58928, 0.58135, 0.57381]","[-0.00659, 0.00346, 0.01351, 0.02356, 0.03361, 0.04366, 0.05371, 0.06376, 0.07381, 0.08386, 0.09391, 0.10396, 0.11401, 0.12406, 0.13411, 0.14416, 0.15421, 0.16426, 0.17431, 0.18436, 0.19441, 0.20446, 0.21451, 0.22456, 0.23461, 0.24466, 0.25471, 0.26476, 0.27481, 0.28486, 0.29491, 0.30496, 0.31501, 0.32506, 0.33511, 0.34516, 0.35521, 0.36526, 0.37531, 0.38536, 0.39541, 0.40546, 0.41551, 0.42556, 0.43561, 0.44567, 0.45572, 0.46577, 0.47582, 0.48587, 0.49592, 0.50597, 0.51602, 0.52607, 0.53612, 0.54617, 0.55622, 0.56627, 0.57632, 0.58637, 0.59642, 0.60647, 0.61652, 0.62657, 0.63662, 0.64667, 0.65672, 0.66677, 0.67682, 0.68687, 0.69692, 0.70697, 0.71702, 0.72707, 0.73712, 0.74717, 0.75723, 0.76728, 0.77733, 0.78738, 0.79743, 0.80748, 0.81753, 0.82758, 0.83763, 0.84768, 0.85773, 0.86778, 0.87783, 0.88788, 0.89793, 0.90798, 0.91803, 0.92808, 0.93813, 0.94818, 0.95823, 0.96828, 0.97833, 0.98838, 0.99844, 1.00849, 1.01854, 1.02859, 1.03864, 1.04869, 1.05874, 1.06879, 1.07884, 1.08889, 1.09894, 1.10899, 1.11904, 1.12909, 1.13914, 1.14919, 1.15924, 1.16929, 1.17934, 1.18939, 1.19944, 1.20949, 1.21954, 1.22959, 1.23964, 1.24969, 1.25974, 1.26979, 1.27984, 1.2899, 1.29995, 1.31, 1.32005, 1.3301, 1.34015, 1.3502, 1.36025, 1.3703, 1.38035, 1.3904, 1.40045, 1.4105, 1.42055, 1.4306, 1.44065, 1.4507, 1.46075, 1.4708, 1.48085, 1.4909, 1.50095, 1.511, 1.52105, 1.5311, 1.54115, 1.5512, 1.56125, 1.5713, 1.58135, 1.5914, 1.60145, 1.6115, 1.62155, 1.63161, 1.64166, 1.65171, 1.66176, 1.67181, 1.68186, 1.69191, 1.70196, 1.71201, 1.72206, 1.73211, 1.74216, 1.75221, 1.76226, 1.77231, 1.78236, 1.79241, 1.80246, 1.81251, 1.82256, 1.83261, 1.84266, 1.85271, 1.86276, 1.87281, 1.88286, 1.89291, 1.90296, 1.91301, 1.92306, 1.93311, 1.94316, 1.95321, 1.96326, 1.97331, 1.98336, 1.99341, 2.00346, 2.01351, 2.02356, 2.03361, 2.04366, 2.05371, 2.06376, 2.07381, 2.08386, 2.09391, 2.10397, 2.11402, 2.12407, 2.13412, 2.14417, 2.15422, 2.16427, 2.17432, 2.18437, 2.19442]"
ARIMA,46984,220,1,10,1,21.368,,,,,,,,,,,,,0.14434,0.78872,6.43092,7.6847,8.68647,0.14434,0.56449,4.31586,5.62042,6.86404,15.56083,27.77058,56.04072,61.99223,67.89655,"[1.07195, 1.07896, 1.08346, 1.08636, 1.08821, 1.08941, 1.09017, 1.09066, 1.09098, 1.09118, 1.09131, 1.0914, 1.09145, 1.09149, 1.09151, 1.09152, 1.09153, 1.09154, 1.09154, 1.09154]",
RandomWalk,46984,220,1,10,1,1.232,,,,,,,,,,,,,0.18936,0.77044,6.4134,7.66574,8.6661,0.18936,0.54732,4.29403,5.59797,6.84098,20.41432,27.02228,55.47343,61.48722,67.45291,"[1.11697, 1.11697, 1.11697, 1.11697, 1.11697, 1.11697, 1.11697, 1.11697, 1.11697, 1.11697, 1.11697, 1.11697, 1.11697, 1.11697, 1.11697, 1.11697, 1.11697, 1.11697, 1.11697, 1.11697]",
LSTM,46984,220,1,10,1,59.095,,,,,,,,,,,,,0.50176,0.52963,3.78785,4.04539,4.07569,0.50176,0.45712,2.41299,2.86737,3.10102,54.09233,37.44772,38.48868,38.55461,36.9915,"[1.42936, 1.70088, 1.98727, 2.33054, 2.78023, 3.25517, 3.9206, 4.63367, 5.56165, 6.57314, 7.60445, 8.58621, 9.15337, 8.86556, 8.66421, 9.33576, 9.85896, 9.84736, 9.67067, 9.40468]",
Alg_c,46984,220,1,10,1,0,0.48366,0.48366,0.93731,0.56716,0,0.50149,0.8687,0.90706,0.58667,0.2,0.56458,0.81581,,,,,,,,,,,,,,,,,"[0.0, 0.58728, 0.0, 0.41059, 0.26887, 0.13385, 0.0, 0.24202, 0.0, 0.0, 0.0551, 0.32694, 0.52451, 0.18206, 0.0, 0.22544, 0.0, 0.45618, 0.07627, 0.41109, 0.61226, 0.0, 0.0, 0.0, 0.48182, 0.56596, 0.0, 0.0, 0.11769, 0.40574, 0.50338, 0.47683, 0.23128, 0.39417, 0.22014, 0.09995, 0.3548, 0.41134, 0.10409, 0.13907, 0.25667, 0.35329, 0.0547, 0.19344, 1.00009, 0.27606, 0.58695, 1.15345, 0.21906, 0.67655, 0.4664, 0.47567, 0.28334, 0.34302, 0.37899, 0.68842, 0.58989, 0.56295, 0.2579, 0.75725, 0.90621, 0.67564, 0.50416, 0.42807, 0.93975, 0.34848, 0.4991, 1.06286, 0.43971, 1.00177, 0.58283, 1.07321, 0.21918, 0.53194, 0.92698, 0.68693, 0.93367, 0.78842, 0.65374, 0.68015, 0.63719, 0.6832, 0.71063, 0.81738, 0.81894, 0.62235, 0.95745, 0.81636, 0.98546, 0.9851, 0.44947, 0.91496, 0.75218, 0.76414, 1.53974, 0.75566, 1.33904, 1.10172, 1.11377, 0.80413, 1.16054, 1.0472, 1.1193, 0.91743, 1.09329, 0.94603, 1.01084, 1.13819, 1.00965, 1.17967, 1.18583, 1.18868, 1.15218, 0.85666, 0.97114, 1.49772, 1.34721, 0.39064, 1.66536, 1.10662, 1.69986, 0.52672, 1.51026, 1.44144, 1.24091, 0.99514, 1.30255, 1.43767, 0.96987, 1.62191, 0.54679, 1.2836, 1.42595, 1.5156, 1.04466, 1.64949, 1.74845, 0.94946, 1.4026, 1.75603, 1.46421, 1.69698, 1.09343, 1.8554, 1.40992, 1.20258, 1.41614, 1.0151, 1.31903, 1.61082, 1.46963, 2.05052, 1.42984, 1.45976, 2.25174, 1.1912, 1.56369, 1.5106, 1.41563, 1.83829, 1.51893, 1.00333, 2.38621, 1.54317, 2.13224, 1.29766, 1.48727, 1.56142, 1.91779, 1.58623, 1.32964, 1.85058, 1.43621, 1.75585, 1.53819, 1.55562, 2.02593, 1.87222, 1.79303, 1.79738, 2.02888, 1.91285, 1.76997, 1.83216, 1.91937, 1.96591, 2.03122, 1.4937, 2.14195, 1.35109, 2.1853, 1.93807, 1.80151, 1.62816, 2.30301, 1.5875, 2.22899, 2.05457, 3.86898, NaN, 2.70907, 4.83715, 5.62395, 0.0, 1.84752, 1.15582, 3.13789, 3.23528, 2.7516, 0.56698, 1.45598, 2.19743, 2.22732, 2.26811, 1.62417, 2.49247, 1.71967, 2.99795, 1.78069]"
UDE-NN,77471,220,1,10,1,161.892,0.05494,0.49475,0.98851,0.95349,0,0.64733,0.98189,0.73239,0,0,0.24413,0.31737,0.44057,0.28401,0.25435,0.27694,0.27884,0.44057,0.25633,0.2149,0.23639,0.23932,114.77738,60.45479,60.49266,84.89322,90.62487,"[0.82442, 0.76202, 0.71874, 0.68941, 0.6692, 0.65463, 0.64345, 0.63428, 0.62634, 0.61916, 0.61249, 0.60618, 0.60015, 0.59435, 0.58875, 0.58332, 0.57806, 0.57296, 0.56799, 0.56316]","[-0.04965, -0.02881, -0.03509, 0.03048, 0.10714, 0.11862, 0.10594, 0.13728, 0.09139, 0.11449, 0.11761, 0.158, 0.15705, 0.15326, 0.14329, 0.0984, 0.15178, 0.20651, 0.20741, 0.23049, 0.2483, 0.2317, 0.20906, 0.2192, 0.2074, 0.19529, 0.22321, 0.24315, 0.2111, 0.25414, 0.35262, 0.34908, 0.40064, 0.40628, 0.37871, 0.39797, 0.45497, 0.44169, 0.47439, 0.44671, 0.40857, 0.35823, 0.39839, 0.46302, 0.38941, 0.39651, 0.36735, 0.39105, 0.4615, 0.54063, 0.59418, 0.63233, 0.68229, 0.63408, 0.61177, 0.5506, 0.52233, 0.54428, 0.62441, 0.64216, 0.54301, 0.5172, 0.56766, 0.56859, 0.58277, 0.65459, 0.69546, 0.71657, 0.75566, 0.75897, 0.76042, 0.72298, 0.67333, 0.62466, 0.63598, 0.71317, 0.71121, 0.74621, 0.75887, 0.79259, 0.78272, 0.78703, 0.84128, 0.84482, 0.85449, 0.84334, 0.86375, 0.88951, 0.86409, 0.83966, 0.93966, 0.96594, 0.99741, 0.9039, 0.86289, 0.86565, 0.97523, 1.03267, 1.02015, 1.03514, 1.09409, 1.07465, 1.09835, 1.07532, 0.98677, 1.00758, 0.99555, 1.02979, 1.08514, 1.09039, 1.07618, 0.99414, 1.03097, 1.04522, 1.11513, 1.21291, 1.25223, 1.23873, 1.27184, 1.27025, 1.28596, 1.23172, 1.24854, 1.32808, 1.27519, 1.26987, 1.23541, 1.27633, 1.32124, 1.27653, 1.21363, 1.2829, 1.35788, 1.37291, 1.37011, 1.42656, 1.45737, 1.43393, 1.413, 1.3739, 1.41041, 1.45104, 1.50749, 1.44955, 1.44568, 1.41241, 1.40621, 1.43955, 1.4589, 1.48094, 1.49578, 1.5196, 1.53536, 1.5421, 1.54906, 1.55183, 1.55282, 1.57869, 1.59069, 1.60321, 1.61203, 1.63228, 1.65072, 1.66744, 1.68144, 1.68921, 1.72161, 1.74223, 1.75947, 1.77853, 1.78052, 1.77956, 1.77797, 1.77515, 1.78246, 1.80188, 1.83046, 1.83963, 1.84202, 1.84668, 1.86325, 1.8698, 1.86851, 1.88174, 1.88457, 1.87467, 1.86793, 1.85623, 1.84526, 1.84157, 1.84698, 1.8561, 1.87669, 1.88782, 1.89847, 1.89472, 1.8978, 1.87932, 1.8781, 1.87812, 1.91619, 1.97042, 2.02512, 2.05067, 2.06051, 2.08604, 2.06558, 2.06679, 2.07407, 2.08751, 2.10561, 2.14739, 2.18915, 2.20095, 2.17933, 2.1385, 2.10452, 2.08146, 2.05413, 2.06358]"
GP,77471,220,1,10,1,803.631,0.07398,0.49475,0.96216,0.79412,0,0.58543,0.9307,0.67532,0,0,0.22511,0.29264,0.46641,0.32138,0.29156,0.31487,0.31493,0.46641,0.30028,0.25698,0.27896,0.27636,121.50886,69.85862,70.6026,97.10374,102.56302,"[0.85026, 0.80362, 0.7679, 0.74103, 0.72074, 0.70509, 0.69259, 0.68219, 0.67321, 0.66519, 0.65784, 0.65098, 0.64449, 0.63829, 0.63234, 0.62661, 0.62107, 0.61571, 0.61051, 0.60546]","[0.03437, 0.04437, 0.05434, 0.06392, 0.07347, 0.0831, 0.09273, 0.1024, 0.112, 0.12163, 0.13116, 0.14047, 0.14978, 0.15911, 0.1684, 0.17774, 0.18716, 0.19669, 0.20639, 0.21617, 0.2258, 0.23545, 0.24507, 0.25494, 0.26471, 0.27457, 0.28459, 0.29444, 0.30409, 0.31374, 0.32337, 0.33277, 0.34212, 0.35154, 0.36083, 0.37008, 0.37928, 0.38862, 0.39798, 0.4074, 0.41681, 0.42617, 0.43547, 0.44476, 0.45427, 0.46392, 0.47387, 0.48386, 0.49381, 0.50379, 0.51372, 0.5237, 0.53364, 0.54359, 0.55346, 0.56336, 0.5734, 0.58331, 0.59323, 0.6032, 0.6132, 0.62338, 0.63375, 0.64397, 0.65414, 0.66413, 0.6741, 0.68404, 0.69403, 0.70386, 0.71367, 0.72338, 0.73308, 0.74288, 0.7528, 0.76262, 0.77237, 0.78194, 0.79141, 0.80052, 0.80951, 0.8184, 0.82723, 0.83607, 0.84486, 0.85359, 0.86223, 0.87075, 0.87928, 0.88782, 0.89633, 0.90492, 0.91353, 0.92227, 0.93114, 0.94027, 0.94961, 0.95891, 0.9681, 0.97734, 0.98679, 0.99653, 1.00655, 1.01658, 1.02649, 1.03644, 1.04636, 1.05642, 1.06641, 1.07621, 1.08584, 1.09538, 1.10503, 1.11466, 1.12432, 1.13403, 1.14355, 1.15301, 1.16246, 1.17193, 1.18161, 1.19146, 1.20139, 1.21144, 1.22142, 1.23126, 1.24112, 1.25112, 1.2611, 1.271, 1.28079, 1.29031, 1.29974, 1.30897, 1.3181, 1.32704, 1.33596, 1.34479, 1.35358, 1.36223, 1.37083, 1.37937, 1.3878, 1.39612, 1.40431, 1.41243, 1.42048, 1.42853, 1.43657, 1.44458, 1.4526, 1.46061, 1.46864, 1.47666, 1.48467, 1.49268, 1.50068, 1.50869, 1.51672, 1.52474, 1.53275, 1.54074, 1.54876, 1.55677, 1.56477, 1.57277, 1.58076, 1.58878, 1.59677, 1.60476, 1.61276, 1.62074, 1.62872, 1.63671, 1.6447, 1.65271, 1.66073, 1.66875, 1.67675, 1.68473, 1.69273, 1.70074, 1.70874, 1.71673, 1.72474, 1.73273, 1.7407, 1.74869, 1.75666, 1.76464, 1.77263, 1.78064, 1.78865, 1.79667, 1.80468, 1.81269, 1.82068, 1.82869, 1.8367, 1.84476, 1.85281, 1.86089, 1.869, 1.87712, 1.88525, 1.89335, 1.90147, 1.90957, 1.91767, 1.92577, 1.93386, 1.94193, 1.95002, 1.95812, 1.96618, 1.97423, 1.98227, 1.99033, 1.99839, 2.00645]"
ARIMA,77471,220,1,10,1,20.212,,,,,,,,,,,,,0.48497,0.4435,0.45821,0.49781,0.50777,0.48497,0.43677,0.44111,0.47549,0.4802,126.34415,98.49999,114.98893,155.64285,166.82438,"[0.86882, 0.89286, 0.93515, 0.94562, 0.92355, 0.90247, 0.9041, 0.91944, 0.92804, 0.92308, 0.9141, 0.91178, 0.91641, 0.92091, 0.92062, 0.91738, 0.91553, 0.91655, 0.91846, 0.91897]",
RandomWalk,77471,220,1,10,1,1.237,,,,,,,,,,,,,0.52487,0.44218,0.4535,0.49324,0.50225,0.52487,0.43229,0.43552,0.47013,0.47379,136.73966,98.25866,113.76209,154.21858,165.04775,"[0.90872, 0.90872, 0.90872, 0.90872, 0.90872, 0.90872, 0.90872, 0.90872, 0.90872, 0.90872, 0.90872, 0.90872, 0.90872, 0.90872, 0.90872, 0.90872, 0.90872, 0.90872, 0.90872, 0.90872]",
LSTM,77471,220,1,10,1,58.92,,,,,,,,,,,,,0.39283,0.26675,0.24913,0.27228,0.27324,0.39283,0.24359,0.2123,0.23339,0.23626,102.33904,57.46643,60.11286,84.34028,89.34517,"[0.77668, 0.73509, 0.71354, 0.6925, 0.68233, 0.6695, 0.65874, 0.65507, 0.63528, 0.62757, 0.61186, 0.59678, 0.58278, 0.56902, 0.55592, 0.54307, 0.53059, 0.5186, 0.50715, 0.4963]",
Alg_c,77471,220,1,10,1,0,0.49475,0.49475,0.91716,0.50746,0,0.47487,0.84591,0.74286,0.24324,0.3,0.4287,0.48664,,,,,,,,,,,,,,,,,"[0.0, 0.03841, 0.0, 0.01153, 0.24093, 0.16053, 0.0, 0.31947, 0.0, 0.17619, 0.01205, 0.26265, 0.14659, 0.15145, 0.2546, 0.0, 0.17199, 0.3206, 0.15845, 0.23966, 0.31711, 0.233, 0.13775, 0.27088, 0.20091, 0.11363, 0.22735, 0.36395, 0.04739, 0.11095, 0.61439, 0.16818, 0.49902, 0.48076, 0.28186, 0.3033, 0.64945, 0.28561, 0.61816, 0.44472, 0.46747, 0.16421, 0.33413, 0.81233, 0.14975, 0.47671, 0.26183, 0.2984, 0.44134, 0.59339, 0.62554, 0.60123, 0.88759, 0.55744, 0.69609, 0.48911, 0.42786, 0.42378, 0.73907, 0.87602, 0.37023, 0.34499, 0.65907, 0.55069, 0.46391, 0.71855, 0.73238, 0.67479, 0.8321, 0.74944, 0.83836, 0.73784, 0.67054, 0.50805, 0.49819, 0.89084, 0.61078, 0.80627, 0.67435, 0.92103, 0.75512, 0.62095, 1.0213, 0.77326, 0.94172, 0.74162, 0.81919, 1.08147, 0.96098, 0.27723, 1.3349, 0.70496, 1.48096, 0.62868, 0.83036, 0.62246, 1.09198, 1.19272, 0.92577, 0.91259, 1.28906, 0.97689, 1.18437, 1.21427, 0.74825, 1.09728, 0.90108, 0.98139, 1.18547, 1.08822, 1.25276, 0.71489, 1.13131, 0.92204, 1.04382, 1.32847, 1.36779, 1.08761, 1.38753, 1.19932, 1.45282, 1.07073, 1.11373, 1.61362, 1.13596, 1.3516, 1.07864, 1.2626, 1.50444, 1.34758, 0.92224, 1.27765, 1.49314, 1.43065, 1.17392, 1.49099, 1.59631, 1.36429, 1.55395, 1.10839, 1.49354, 1.24258, 2.10558, 0.81069, 1.8858, 0.72037, 0.54322, 1.91726, 1.02799, 2.02069, 0.48286, 1.7558, 1.8459, 1.31657, 1.7864, 2.14814, 0.0, 2.10503, 1.40595, 2.09309, 0.0, 1.84154, 1.69243, 1.70927, 2.63321, 0.0, 2.18121, 2.04606, 0.83246, 2.94028, 1.55432, 1.68609, 2.13582, 0.94876, 1.27323, 1.46276, 2.46159, 2.4894, 1.45284, 0.52735, 2.24453, 2.91283, 0.0, 2.27589, 3.35713, 0.0, 2.58853, 1.65999, 0.47857, 1.23971, 1.91477, 1.1602, 2.2567, 1.55584, 2.95256, 0.0, 3.00652, 0.0, 2.19804, 1.06112, 1.9021, 1.93088, 2.28761, 2.17651, 1.58113, 2.68418, 1.60277, 2.09202, 2.03269, 2.15215, 1.67999, 2.15447, 2.42667, 2.60268, 2.63195, 1.76032, 1.86484, 2.39797, 1.08582]"
UDE-NN,15318,220,1,10,1,155.168,0.23509,0.50492,0.95322,0.82609,0,0.5931,0.9292,0.7234,0,0,0.24113,0.61489,0.12275,1.53399,1.1482,1.11503,1.00208,0.12275,1.3825,0.91398,0.89454,0.75658,1.36248,19.06026,12.26266,11.63606,9.82095,"[9.13233, 9.09731, 9.02544, 8.94291, 8.85794, 8.7731, 8.68916, 8.60635, 8.52472, 8.44422, 8.36482, 8.28646, 8.20908, 8.13263, 8.05704, 7.98226, 7.90824, 7.8349, 7.76221, 7.69008]","[0.05482, 0.22112, 0.23347, 0.0099, 0.03566, 0.04591, -0.11266, -0.1332, 0.03658, 0.18247, 0.19292, 0.10602, 0.06534, 0.16563, 0.091, 0.26507, 0.26316, 0.05214, 0.00186, 0.15751, 0.21176, 0.24559, 0.35117, 0.51152, 0.59093, 0.39881, 0.44057, 0.416, 0.31842, 0.35315, 0.47514, 0.42988, 0.23234, 0.37266, 0.33697, 0.45514, 0.54791, 0.56729, 0.46359, 0.58384, 0.76553, 0.69889, 0.69088, 0.65907, 0.88476, 0.9448, 0.84271, 0.68431, 0.77483, 0.6429, 0.9121, 0.68567, 0.3694, 0.08445, 0.03346, 0.12008, 0.07695, 0.14426, 0.27268, 0.28929, 0.45509, 0.6048, 0.72606, 0.69342, 0.43989, 0.39292, 0.2624, 0.26015, 0.34656, 0.15967, 0.32707, 0.37326, 0.1942, 0.26156, 0.37617, 0.56163, 0.74443, 0.57376, 0.57013, 0.5163, 0.51703, 0.80819, 0.91079, 0.85762, 0.69892, 0.547, 0.38426, 0.54346, 0.80599, 0.88447, 0.99189, 0.99599, 0.89884, 0.72081, 0.7279, 0.78422, 0.63512, 0.69427, 1.04892, 1.01373, 0.88568, 0.9279, 1.07488, 1.14301, 1.07803, 1.03595, 1.2499, 1.11915, 1.03623, 1.1513, 1.12801, 1.03246, 1.25119, 1.22295, 1.32581, 1.32978, 1.54995, 1.57077, 1.33737, 1.33447, 1.33644, 1.26044, 1.30645, 1.30277, 1.34818, 1.31258, 1.34733, 1.09281, 0.83125, 0.95179, 0.95641, 0.95108, 0.99295, 1.17435, 1.19359, 1.32984, 1.28969, 1.32492, 1.38039, 1.57762, 1.6678, 1.36578, 1.23971, 1.08459, 1.14925, 1.65382, 1.71617, 1.69436, 1.74406, 1.80603, 1.6595, 1.38619, 1.14356, 1.17726, 1.23155, 1.30915, 1.45493, 1.23984, 1.12206, 1.03321, 1.02688, 1.08866, 1.34446, 1.55512, 1.53121, 1.59753, 1.85647, 1.93589, 1.79073, 1.96677, 2.0211, 2.02637, 2.03318, 2.00764, 2.04721, 2.13309, 2.10119, 2.07072, 1.86529, 1.86358, 1.69333, 1.60719, 1.86747, 2.01995, 1.78242, 1.83261, 1.96102, 2.12552, 1.96861, 2.23467, 2.26625, 2.26176, 2.24205, 2.20472, 2.17647, 2.19192, 1.93759, 2.18943, 2.29203, 2.16086, 1.93338, 2.19155, 2.15142, 2.05432, 1.96466, 2.03076, 2.07341, 2.10294, 1.93722, 1.94763, 1.98402, 2.12436, 2.12079, 2.15265, 2.23693, 2.06376, 2.17078, 2.28406, 2.33358, 2.34444]"
GP,15318,220,1,10,1,785.761,0.00802,0.50492,0.9972,0.98765,0,0.66162,0.99541,0.77133,0,0,0.25711,0.65563,0.27289,1.72855,1.30666,1.22848,1.11477,0.27289,1.58434,1.03402,0.9512,0.83617,3.02888,21.76058,13.90123,12.52536,10.96461,"[9.28247, 9.29578, 9.23923, 9.16371, 9.08395, 9.00403, 8.92508, 8.84739, 8.77102, 8.69594, 8.62212, 8.5495, 8.47804, 8.40768, 8.33838, 8.2701, 8.20278, 8.13637, 8.07083, 8.00613]","[0.00386, 0.0137, 0.02353, 0.03333, 0.04312, 0.05296, 0.06279, 0.07262, 0.08241, 0.09227, 0.10208, 0.11186, 0.12162, 0.13134, 0.14101, 0.15056, 0.16009, 0.16962, 0.17919, 0.18886, 0.19856, 0.20822, 0.21788, 0.22755, 0.23726, 0.24704, 0.25676, 0.26648, 0.27617, 0.28584, 0.29553, 0.30518, 0.3148, 0.32436, 0.33394, 0.34356, 0.35322, 0.36288, 0.37263, 0.38236, 0.39208, 0.40174, 0.41144, 0.42117, 0.43092, 0.44078, 0.45068, 0.46055, 0.47053, 0.48053, 0.49057, 0.50078, 0.51101, 0.52123, 0.53145, 0.54169, 0.55191, 0.56216, 0.57237, 0.58248, 0.59264, 0.60286, 0.61304, 0.62329, 0.63336, 0.64353, 0.65374, 0.66392, 0.67413, 0.68441, 0.69473, 0.70501, 0.71531, 0.72561, 0.73586, 0.74605, 0.75626, 0.76649, 0.77666, 0.78687, 0.79702, 0.80711, 0.81713, 0.82718, 0.83707, 0.84698, 0.85698, 0.867, 0.87704, 0.88707, 0.89712, 0.90713, 0.91713, 0.92706, 0.93702, 0.94696, 0.95689, 0.96671, 0.97655, 0.98645, 0.99626, 1.00607, 1.01582, 1.02553, 1.03523, 1.04492, 1.05466, 1.06444, 1.07421, 1.08399, 1.09383, 1.10362, 1.11345, 1.1233, 1.13327, 1.1433, 1.15324, 1.16324, 1.17316, 1.18311, 1.19297, 1.20283, 1.21258, 1.22226, 1.23193, 1.24159, 1.25124, 1.26094, 1.27058, 1.28035, 1.29023, 1.29997, 1.30979, 1.31964, 1.32947, 1.33931, 1.34917, 1.35916, 1.36919, 1.37919, 1.38925, 1.39922, 1.40926, 1.41943, 1.42956, 1.43968, 1.44996, 1.46025, 1.47047, 1.48068, 1.49093, 1.50138, 1.51145, 1.5217, 1.53205, 1.54246, 1.55286, 1.5631, 1.57337, 1.58366, 1.59395, 1.60415, 1.61443, 1.62471, 1.6349, 1.64511, 1.65536, 1.66542, 1.67544, 1.68553, 1.69558, 1.70571, 1.71581, 1.72599, 1.73615, 1.7464, 1.75656, 1.76686, 1.77706, 1.7873, 1.79746, 1.80772, 1.8181, 1.8286, 1.83912, 1.84969, 1.86038, 1.87086, 1.88136, 1.89183, 1.90239, 1.91286, 1.92329, 1.93361, 1.94379, 1.95403, 1.96417, 1.97427, 1.98444, 1.99435, 2.00422, 2.0141, 2.02409, 2.03403, 2.04399, 2.05383, 2.06371, 2.07363, 2.08348, 2.09338, 2.10333, 2.11332, 2.12337, 2.13341, 2.14345, 2.15334, 2.16315, 2.17292, 2.18266, 2.19248]"
ARIMA,15318,220,1,10,1,19.192,,,,,,,,,,,,,0.17027,1.71985,1.37127,1.26499,1.24387,0.17027,1.55116,1.15169,1.03355,1.05641,1.88984,21.39002,15.34185,13.60081,13.74508,"[9.17985, 9.17985, 9.17985, 9.17985, 9.17985, 9.17985, 9.17985, 9.17985, 9.17985, 9.17985, 9.17985, 9.17985, 9.17985, 9.17985, 9.17985, 9.17985, 9.17985, 9.17985, 9.17985, 9.17985]",
RandomWalk,15318,220,1,10,1,1.154,,,,,,,,,,,,,0.04448,1.60733,1.26747,1.17141,1.14465,0.04448,1.42538,1.03142,0.93332,0.95107,0.49374,19.72673,13.82214,12.32321,12.40971,"[9.05406, 9.05406, 9.05406, 9.05406, 9.05406, 9.05406, 9.05406, 9.05406, 9.05406, 9.05406, 9.05406, 9.05406, 9.05406, 9.05406, 9.05406, 9.05406, 9.05406, 9.05406, 9.05406, 9.05406]",
LSTM,15318,220,1,10,1,60.849,,,,,,,,,,,,,0.62226,0.80107,0.67332,0.64393,0.75999,0.62226,0.76116,0.59249,0.55894,0.66872,6.90659,10.25969,7.67145,7.08603,8.42975,"[8.38733, 8.25776, 8.00835, 7.99806, 8.05324, 8.22529, 8.35421, 8.48218, 8.5936, 8.70098, 8.81049, 8.91375, 9.02322, 9.13752, 9.25874, 9.38838, 9.53164, 9.69466, 9.88498, 10.11256]",
Alg_c,15318,220,1,10,1,0,0.50492,0.50492,0.88,0.52273,0,0.46758,0.80746,0.71756,0.02857,0,0.24871,0.62787,,,,,,,,,,,,,,,,,"[0.0, 0.50462, 0.71983, 0.0, 0.05983, 0.3803, 0.0, 0.0, 0.06442, 0.44966, 0.37891, 0.02126, 0.0, 0.59871, 0.0, 0.64638, 0.74411, 0.0, 0.0, 0.38263, 0.25221, 0.10275, 0.23156, 0.67764, 1.18738, 0.0, 0.58815, 0.58804, 0.03278, 0.15516, 0.80699, 0.8282, 0.0, 0.9516, 0.0, 0.51331, 0.68579, 0.84422, 0.0, 0.38397, 1.34852, 0.49154, 0.83425, 0.0831, 1.23809, 1.25972, 0.90231, 0.19812, 1.17308, 0.00145, 1.86429, 1.03782, 0.22509, 0.0, 0.0, 0.28307, 0.0, 0.0, 0.43671, 0.01644, 0.42604, 0.76123, 1.12711, 1.08271, 0.11043, 0.43092, 0.0, 0.14162, 0.68429, 0.0, 0.53869, 0.80493, 0.0, 0.0, 0.20244, 0.70089, 1.47703, 0.3495, 0.57832, 0.31496, 0.0, 1.19486, 1.29464, 1.06538, 0.67702, 0.50225, 0.0, 0.25907, 1.15931, 0.88166, 1.21512, 1.21794, 1.03563, 0.3479, 0.63876, 1.21724, 0.20133, 0.13503, 1.79563, 1.13391, 0.54799, 0.71306, 1.22633, 1.41302, 1.04387, 0.43496, 2.01484, 0.97066, 0.62636, 1.42222, 1.28672, 0.3197, 1.825, 0.97005, 1.5077, 0.90999, 1.90225, 2.04416, 0.88713, 1.34174, 1.51174, 0.98028, 1.46814, 1.15001, 1.57637, 1.0344, 1.97833, 1.0354, 0.03346, 1.12198, 0.94985, 0.85238, 0.68743, 1.53684, 0.8875, 1.72429, 1.13557, 1.26327, 1.11391, 1.72914, 2.45678, 1.00217, 1.1746, 0.55504, 0.37886, 2.47111, 2.05642, 1.56613, 1.73691, 2.34041, 2.17619, 1.22525, 0.53094, 0.96244, 1.11253, 1.23163, 2.15478, 1.1556, 0.96164, 0.80097, 0.75932, 0.63767, 1.41316, 2.03218, 1.30515, 1.13148, 2.17735, 2.31294, 1.1698, 2.2128, 2.1452, 2.03421, 2.09129, 1.85921, 1.92659, 2.36632, 2.18734, 2.34646, 1.51128, 2.15449, 1.39223, 0.85249, 2.13764, 2.81248, 1.25052, 1.24834, 2.03996, 2.64329, 1.34501, 2.53613, 2.50341, 2.32823, 2.28572, 2.17097, 2.1277, 2.67407, 1.00564, 2.23787, 2.73302, 2.42635, 0.89916, 2.75132, 2.22499, 2.07867, 1.63669, 2.10364, 2.04862, 2.53742, 1.54368, 1.90779, 1.78665, 2.40379, 2.04713, 2.02172, 2.81514, 1.42867, 2.19881, 2.42207, 2.40034]"
UDE-NN,51568,220,1,10,1,167.667,0.11849,0.63463,0.97126,0.88095,0,0.61741,0.95412,0.60204,0.2,0,0.26735,0.294,0.02822,0.24659,0.23543,0.22262,0.19948,0.02822,0.21818,0.21542,0.20146,0.16587,10.08424,1.35E+11,6.76E+10,5.63E+10,4.51E+10,"[0.30806, 0.31689, 0.32553, 0.3339, 0.34199, 0.34979, 0.35728, 0.36448, 0.3714, 0.37803, 0.38439, 0.39048, 0.39631, 0.40189, 0.40722, 0.41231, 0.41717, 0.42179, 0.42619, 0.43037]","[0.07926, 0.00689, -0.1086, -0.11101, -0.05745, 0.04129, 0.03953, 0.08349, 0.17484, 0.21971, 0.2267, 0.20843, 0.21446, 0.17608, 0.19821, 0.22351, 0.21911, 0.18336, 0.18, 0.09098, 0.07599, 0.10655, 0.13108, 0.20887, 0.13923, 0.15443, 0.22044, 0.23175, 0.20673, 0.27748, 0.32231, 0.3032, 0.29625, 0.34113, 0.33707, 0.35211, 0.33205, 0.30905, 0.31746, 0.35475, 0.40635, 0.42386, 0.41622, 0.3735, 0.34136, 0.35568, 0.3673, 0.34071, 0.34212, 0.42437, 0.50369, 0.56526, 0.56062, 0.58678, 0.59708, 0.54109, 0.53642, 0.56053, 0.58156, 0.64403, 0.58835, 0.62803, 0.68962, 0.6826, 0.62714, 0.53127, 0.49391, 0.51934, 0.56764, 0.58041, 0.58507, 0.4946, 0.53471, 0.65519, 0.61891, 0.64766, 0.64796, 0.56357, 0.60201, 0.64942, 0.66282, 0.58585, 0.6335, 0.66969, 0.71985, 0.76234, 0.79568, 0.83466, 0.85563, 0.88567, 0.95332, 0.94529, 0.93585, 0.9601, 0.97271, 1.00786, 1.06404, 1.07533, 1.10228, 1.07451, 0.98927, 0.99214, 1.0356, 1.0692, 1.14819, 1.15842, 1.15646, 1.14263, 1.1016, 1.12073, 1.13823, 1.10693, 1.21773, 1.22226, 1.15979, 1.21832, 1.24693, 1.22367, 1.18499, 1.15647, 1.06858, 1.15534, 1.23792, 1.34619, 1.43963, 1.43014, 1.35352, 1.24537, 1.26292, 1.32061, 1.4452, 1.3603, 1.38496, 1.38792, 1.41348, 1.39332, 1.37944, 1.40545, 1.44065, 1.4181, 1.4818, 1.51054, 1.40366, 1.33946, 1.38393, 1.41251, 1.47757, 1.40392, 1.33384, 1.40174, 1.36921, 1.35063, 1.43426, 1.5097, 1.53344, 1.52992, 1.55139, 1.4855, 1.49846, 1.58747, 1.55377, 1.62723, 1.6482, 1.61481, 1.58461, 1.62466, 1.66285, 1.77075, 1.76041, 1.74253, 1.74373, 1.75128, 1.77553, 1.82076, 1.84961, 1.88148, 1.89639, 1.90231, 1.90999, 1.94023, 1.93719, 1.93815, 1.93215, 1.94111, 1.94021, 1.94482, 1.99768, 1.98812, 2.00024, 1.99568, 2.02972, 1.99877, 1.96881, 1.93223, 1.9031, 1.89096, 1.89024, 1.89093, 1.89265, 1.89205, 1.87661, 1.88274, 1.86835, 1.87683, 1.88032, 1.89453, 1.87732, 1.86206, 1.84337, 1.80582, 1.77102, 1.7622, 1.7882, 1.79297, 1.80255, 1.81128, 1.81984, 1.82682, 1.83372, 1.84185]"
GP,51568,220,1,10,1,767.302,0.25059,0.63463,0.89673,0,0,0.29891,0.72885,0.49372,0,0,0.16457,0.16183,0.06689,0.3259,0.37605,0.36985,0.35929,0.06689,0.27418,0.34256,0.33785,0.33233,23.90311,1.89E+11,9.46E+10,7.88E+10,6.30E+10,"[0.34673, 0.3892, 0.42616, 0.45842, 0.48717, 0.51356, 0.53852, 0.56274, 0.58672, 0.61086, 0.63544, 0.66072, 0.68692, 0.71426, 0.74299, 0.77337, 0.80571, 0.84039, 0.87787, 0.91872]","[0.10128, 0.11232, 0.12264, 0.13351, 0.14605, 0.15439, 0.16263, 0.17113, 0.1784, 0.18497, 0.19113, 0.19721, 0.20377, 0.20975, 0.21465, 0.21879, 0.22215, 0.22509, 0.22822, 0.23156, 0.23526, 0.24021, 0.24584, 0.25152, 0.25752, 0.26227, 0.26822, 0.2746, 0.28126, 0.28786, 0.29484, 0.30271, 0.31002, 0.31684, 0.32398, 0.33109, 0.33598, 0.34069, 0.3449, 0.34859, 0.35177, 0.3546, 0.35731, 0.36097, 0.36455, 0.36761, 0.37087, 0.37381, 0.3762, 0.3788, 0.3812, 0.38385, 0.38765, 0.39254, 0.39872, 0.40515, 0.41122, 0.41898, 0.42868, 0.44107, 0.45506, 0.4715, 0.48717, 0.50171, 0.5154, 0.52913, 0.5422, 0.55416, 0.56719, 0.58033, 0.59441, 0.60701, 0.62082, 0.63462, 0.64844, 0.66218, 0.67562, 0.68794, 0.70213, 0.71657, 0.73034, 0.74268, 0.7554, 0.76943, 0.78332, 0.79671, 0.81038, 0.82247, 0.83314, 0.84388, 0.855, 0.8652, 0.87625, 0.88935, 0.9013, 0.91393, 0.92876, 0.94425, 0.96101, 0.9771, 0.99209, 1.00819, 1.02465, 1.0401, 1.05485, 1.07192, 1.08722, 1.10354, 1.12021, 1.13563, 1.14975, 1.16226, 1.17476, 1.18734, 1.1968, 1.20858, 1.22004, 1.23033, 1.24088, 1.25171, 1.26282, 1.27308, 1.2842, 1.29683, 1.30624, 1.31476, 1.32232, 1.32887, 1.33392, 1.33869, 1.34446, 1.35027, 1.35544, 1.36074, 1.36631, 1.37177, 1.37716, 1.38321, 1.38962, 1.39697, 1.40598, 1.41649, 1.4261, 1.43711, 1.4489, 1.46047, 1.47195, 1.48167, 1.49082, 1.50295, 1.51536, 1.52611, 1.53698, 1.54794, 1.55826, 1.56784, 1.57615, 1.58413, 1.59226, 1.59884, 1.60397, 1.6071, 1.60977, 1.61259, 1.61383, 1.61365, 1.61256, 1.61035, 1.60751, 1.6032, 1.5985, 1.59388, 1.58921, 1.58472, 1.58035, 1.5758, 1.57123, 1.56651, 1.56176, 1.5571, 1.55262, 1.54787, 1.54323, 1.53853, 1.53406, 1.5295, 1.52511, 1.52096, 1.51653, 1.51235, 1.5081, 1.50386, 1.49922, 1.49456, 1.48977, 1.48504, 1.48042, 1.4758, 1.47112, 1.46638, 1.46166, 1.45686, 1.45234, 1.44753, 1.443, 1.43828, 1.4336, 1.42863, 1.4238, 1.41897, 1.41394, 1.4091, 1.40469, 1.4003, 1.39555, 1.39077, 1.38587, 1.38093, 1.37596, 1.37096]"
ARIMA,51568,220,1,10,1,21.92,,,,,,,,,,,,,0.00843,0.22454,0.19513,0.18692,0.1738,0.00843,0.19686,0.17207,0.16585,0.15344,3.01241,1.19E+11,5.94E+10,4.95E+10,3.96E+10,"[0.28827, 0.27775, 0.29089, 0.29877, 0.29484, 0.29594, 0.29935, 0.29956, 0.29918, 0.30001, 0.30051, 0.30044, 0.30054, 0.30075, 0.3008, 0.30081, 0.30086, 0.3009, 0.30091, 0.30092]",
RandomWalk,51568,220,1,10,1,1.174,,,,,,,,,,,,,0.01928,0.22737,0.19678,0.1884,0.17526,0.01928,0.20258,0.17508,0.16836,0.15576,6.88924,1.20E+11,5.98E+10,4.99E+10,3.99E+10,"[0.29912, 0.29912, 0.29912, 0.29912, 0.29912, 0.29912, 0.29912, 0.29912, 0.29912, 0.29912, 0.29912, 0.29912, 0.29912, 0.29912, 0.29912, 0.29912, 0.29912, 0.29912, 0.29912, 0.29912]",
LSTM,51568,220,1,10,1,57.461,,,,,,,,,,,,,0.02807,0.21151,0.17066,0.16947,0.1689,0.02807,0.19073,0.1444,0.1429,0.14737,10.03126,1.03E+11,5.14E+10,4.29E+10,3.43E+10,"[0.30791, 0.27457, 0.25861, 0.26153, 0.25269, 0.25099, 0.24965, 0.25049, 0.25048, 0.24638, 0.24303, 0.2416, 0.24045, 0.23909, 0.23824, 0.23737, 0.2365, 0.23554, 0.23462, 0.23393]",
Alg_c,51568,220,1,10,1,0,0.63463,0.63463,0.93656,0.43137,0,0.45598,0.86181,0.60104,0.22857,0.41176,0.41379,0.38744,,,,,,,,,,,,,,,,,"[0.24078, 0.09745, 0.0, 0.0, 0.0, 0.2598, 0.0, 0.0, 0.27327, 0.27796, 0.27419, 0.1401, 0.33405, 0.02987, 0.19907, 0.27633, 0.29718, 0.03751, 0.4527, 0.0, 0.00268, 0.15366, 0.0, 0.57721, 0.0, 0.05426, 0.34546, 0.32354, 0.0, 0.35408, 0.45376, 0.27956, 0.17484, 0.46075, 0.2786, 0.43816, 0.33778, 0.24925, 0.27187, 0.31538, 0.48025, 0.44685, 0.4918, 0.35916, 0.23137, 0.36596, 0.47572, 0.28962, 0.15732, 0.47095, 0.50464, 0.74045, 0.43911, 0.61191, 0.76364, 0.39649, 0.49235, 0.57741, 0.49911, 0.84861, 0.41793, 0.56464, 0.83305, 0.79606, 0.70818, 0.41858, 0.36432, 0.46748, 0.6405, 0.60594, 0.75599, 0.22779, 0.36838, 0.9532, 0.51449, 0.68839, 0.79674, 0.32331, 0.55993, 0.72007, 0.84455, 0.33592, 0.6301, 0.64391, 0.73593, 0.7823, 0.78362, 0.8728, 0.83503, 0.79498, 1.11691, 0.92794, 0.86633, 0.98701, 0.92248, 0.96824, 1.14715, 1.07367, 1.22024, 1.17536, 0.80534, 0.87535, 1.04221, 1.00545, 1.28134, 1.196, 1.19353, 1.18738, 0.98308, 1.11161, 1.23292, 0.83999, 1.38368, 1.32882, 0.91288, 1.26707, 1.34699, 1.2489, 1.16061, 1.30792, 0.69556, 1.18271, 1.18313, 1.35659, 1.63208, 1.53313, 1.46425, 0.95969, 1.27685, 1.08667, 2.01528, 0.96075, 1.51094, 1.2991, 1.53725, 1.37047, 1.29414, 1.37435, 1.61193, 1.2053, 1.51565, 1.79852, 1.2939, 1.11903, 1.41981, 1.31384, 1.77357, 1.33301, 1.06228, 1.59501, 1.33734, 1.14216, 1.45062, 1.61076, 1.5894, 1.43619, 1.76831, 1.32527, 1.30927, 1.96604, 1.13866, 1.83181, 1.75524, 1.63192, 1.35812, 1.79757, 1.20112, 2.36982, 2.03584, 0.0, 1.85885, 0.69954, 1.16272, 2.28023, 1.29592, 2.50263, 2.65748, 1.9238, 0.0, 2.89132, 0.0, 2.67408, 0.0, 2.38977, 1.95695, 0.02452, 3.05217, 0.0, 2.48714, 0.52236, 3.07203, 0.0, 2.66712, 0.19964, 0.29528, 1.54641, 1.9318, 1.77578, 1.83977, 3.68152, 0.0, 2.79499, 0.0, 2.27473, 0.0, 3.46712, 0.0, 1.90797, 4.49446, NaN, 0.0, 1.28869, 2.37707, 0.0, 1.99781, 1.66815, 2.48369, 1.88892, 0.67552]"
UDE-NN,60467,220,1,10,1,161.84,0.10866,0.24869,0.99717,0.98765,0,0.66161,0.99537,0.9396,0.70968,0,0.54976,0.9115,0.00641,0.59556,1.02574,0.938,0.8402,0.00641,0.48118,0.86681,0.74113,0.60892,0.17065,20.42345,90.69221,79.47422,67.94009,"[3.75211, 3.57548, 3.39449, 3.20248, 2.99215, 2.75494, 2.48081, 2.15872, 1.78016, 1.35151, 0.92608, 0.62957, 0.51411, 0.47722, 0.46394, 0.4586, 0.45612, 0.45467, 0.45358, 0.45259]","[0.00535, 0.04356, 0.04133, 0.00053, -0.05462, 0.03238, 0.11942, 0.07254, 0.05236, 0.08735, 0.00907, 0.03596, -0.00486, 0.01378, 0.02703, 0.10241, 0.11365, 0.18833, 0.23484, 0.23275, 0.20096, 0.09717, 0.11919, 0.09257, 0.23371, 0.20267, 0.14382, 0.19147, 0.28914, 0.30277, 0.30257, 0.43298, 0.57509, 0.61766, 0.60251, 0.56426, 0.41266, 0.3775, 0.2731, 0.2791, 0.37288, 0.39666, 0.46144, 0.52218, 0.58159, 0.58457, 0.5616, 0.63632, 0.64462, 0.65555, 0.55125, 0.60254, 0.70845, 0.74606, 0.75635, 0.71267, 0.53379, 0.41706, 0.6218, 0.61411, 0.60428, 0.62673, 0.66576, 0.64524, 0.70328, 0.67873, 0.59953, 0.54968, 0.60795, 0.57376, 0.55764, 0.66426, 0.75359, 0.90203, 0.83876, 0.80672, 0.72492, 0.64457, 0.69229, 0.69107, 0.65868, 0.70921, 0.77713, 0.84447, 0.89745, 0.96048, 0.91958, 0.92333, 0.79668, 0.69059, 0.77774, 0.79056, 0.79625, 0.87439, 0.96628, 0.88553, 0.91025, 0.92705, 0.93164, 0.89085, 0.87629, 0.90682, 0.90228, 0.86018, 0.92353, 0.81989, 0.8357, 0.91772, 1.0245, 1.01419, 1.06415, 1.14291, 1.11134, 1.1312, 1.16256, 1.13925, 1.11448, 1.07744, 1.05987, 1.14878, 1.12882, 1.15684, 1.13483, 1.02391, 1.06886, 1.21639, 1.30252, 1.34602, 1.34472, 1.26871, 1.37467, 1.44842, 1.41387, 1.52847, 1.60334, 1.73185, 1.74219, 1.64476, 1.47735, 1.33462, 1.24161, 1.24353, 1.35145, 1.38018, 1.26642, 1.18087, 1.26863, 1.34455, 1.35965, 1.57129, 1.62297, 1.60793, 1.58439, 1.6595, 1.67454, 1.58248, 1.47361, 1.47, 1.49606, 1.60978, 1.62758, 1.55714, 1.48992, 1.50724, 1.53083, 1.54106, 1.5224, 1.53814, 1.68878, 1.72252, 1.67234, 1.65381, 1.72648, 1.73357, 1.72011, 1.73207, 1.75295, 1.73877, 1.69543, 1.76975, 1.81499, 1.79886, 1.85723, 1.86501, 1.83252, 1.86437, 1.86384, 1.93113, 2.00191, 1.9806, 1.95997, 1.84168, 1.84155, 1.88526, 1.89872, 1.92233, 1.91604, 1.97915, 1.9834, 1.95525, 1.96145, 2.02706, 2.16465, 2.20056, 2.19843, 2.07331, 2.07233, 2.12441, 2.14537, 2.17669, 2.21825, 2.21289, 2.2361, 2.14617, 2.12738, 2.17418, 2.1456, 2.12357, 2.15767, 2.16784]"
GP,60467,220,1,10,1,764.381,0.00599,0.24869,0.9972,0.98765,0,0.66162,0.99541,0.9396,0.70968,0,0.54976,0.9115,0.02617,0.52262,0.86498,0.79251,0.70974,0.02617,0.42206,0.70877,0.61558,0.50635,0.6962,17.90962,72.59254,64.0443,54.92892,"[3.73235, 3.53502, 3.33109, 3.11257, 2.87056, 2.59473, 2.27344, 1.89617, 1.46317, 1.01384, 0.66753, 0.52002, 0.47494, 0.45939, 0.45338, 0.45071, 0.44924, 0.44819, 0.44726, 0.44633]","[-0.00534, 0.00468, 0.0147, 0.02472, 0.03474, 0.04476, 0.05478, 0.0648, 0.07481, 0.08483, 0.09485, 0.10487, 0.11489, 0.12491, 0.13493, 0.14495, 0.15497, 0.16499, 0.17501, 0.18503, 0.19505, 0.20506, 0.21508, 0.2251, 0.23512, 0.24514, 0.25516, 0.26518, 0.2752, 0.28522, 0.29524, 0.30526, 0.31528, 0.3253, 0.33531, 0.34533, 0.35535, 0.36537, 0.37539, 0.38541, 0.39543, 0.40545, 0.41547, 0.42549, 0.43551, 0.44553, 0.45554, 0.46556, 0.47558, 0.4856, 0.49562, 0.50564, 0.51566, 0.52568, 0.5357, 0.54572, 0.55574, 0.56575, 0.57577, 0.58579, 0.59581, 0.60583, 0.61585, 0.62587, 0.63589, 0.64591, 0.65593, 0.66594, 0.67596, 0.68598, 0.696, 0.70602, 0.71604, 0.72606, 0.73608, 0.7461, 0.75612, 0.76613, 0.77615, 0.78617, 0.79619, 0.80621, 0.81623, 0.82625, 0.83627, 0.84629, 0.85631, 0.86633, 0.87634, 0.88636, 0.89638, 0.9064, 0.91642, 0.92644, 0.93646, 0.94648, 0.9565, 0.96652, 0.97654, 0.98656, 0.99657, 1.00659, 1.01661, 1.02663, 1.03665, 1.04667, 1.05669, 1.06671, 1.07673, 1.08675, 1.09677, 1.10679, 1.11681, 1.12683, 1.13684, 1.14686, 1.15688, 1.1669, 1.17692, 1.18694, 1.19696, 1.20698, 1.217, 1.22702, 1.23704, 1.24706, 1.25708, 1.2671, 1.27712, 1.28714, 1.29716, 1.30717, 1.31719, 1.32721, 1.33723, 1.34725, 1.35727, 1.36729, 1.37731, 1.38733, 1.39735, 1.40737, 1.41739, 1.42741, 1.43743, 1.44744, 1.45746, 1.46748, 1.4775, 1.48752, 1.49754, 1.50756, 1.51758, 1.5276, 1.53762, 1.54764, 1.55766, 1.56768, 1.5777, 1.58772, 1.59774, 1.60775, 1.61777, 1.62779, 1.63781, 1.64783, 1.65785, 1.66787, 1.67789, 1.68791, 1.69793, 1.70795, 1.71797, 1.72799, 1.73801, 1.74803, 1.75805, 1.76807, 1.77808, 1.7881, 1.79812, 1.80814, 1.81816, 1.82818, 1.8382, 1.84822, 1.85824, 1.86826, 1.87828, 1.8883, 1.89832, 1.90834, 1.91836, 1.92838, 1.93839, 1.94841, 1.95843, 1.96845, 1.97847, 1.98849, 1.99851, 2.00853, 2.01855, 2.02857, 2.03859, 2.04861, 2.05863, 2.06865, 2.07867, 2.08868, 2.0987, 2.10872, 2.11874, 2.12876, 2.13878, 2.1488, 2.15882, 2.16884, 2.17886, 2.18888]"
ARIMA,60467,220,1,10,1,19.688,,,,,,,,,,,,,0.1724,1.19244,2.33997,2.51968,2.74999,0.1724,1.02619,2.05215,2.25443,2.50823,4.58682,42.36648,220.99818,278.53272,398.85781,"[3.93092, 3.93092, 3.93092, 3.93092, 3.93092, 3.93092, 3.93092, 3.93092, 3.93092, 3.93092, 3.93092, 3.93092, 3.93092, 3.93092, 3.93092, 3.93092, 3.93092, 3.93092, 3.93092, 3.93092]",
RandomWalk,60467,220,1,10,1,1.16,,,,,,,,,,,,,0.1724,1.19244,2.33997,2.51968,2.74999,0.1724,1.02619,2.05215,2.25443,2.50823,4.58682,42.36648,220.99818,278.53272,398.85781,"[3.93092, 3.93092, 3.93092, 3.93092, 3.93092, 3.93092, 3.93092, 3.93092, 3.93092, 3.93092, 3.93092, 3.93092, 3.93092, 3.93092, 3.93092, 3.93092, 3.93092, 3.93092, 3.93092, 3.93092]",
LSTM,60467,220,1,10,1,53.095,,,,,,,,,,,,,3.23736,5.98295,7.10327,7.9455,8.99165,3.23736,5.76967,6.89934,7.6227,8.56134,86.13393,221.49582,623.86597,841.35514,1287.41131,"[6.99588, 8.32792, 8.66205, 9.59941, 9.78672, 8.8898, 8.01238, 8.28967, 8.96182, 10.25537, 11.70728, 12.10187, 12.49129, 12.68645, 12.9925, 10.70164, 8.41761, 6.75348, 8.30779, 9.97854]",
Alg_c,60467,220,1,10,1,0,0.24869,0.24869,0.9419,0.76744,0,0.56978,0.90819,0.90972,0.59701,0,0.50225,0.87283,,,,,,,,,,,,,,,,,"[0.0, 0.12453, 0.12014, 0.04751, 0.0, 0.00034, 0.39974, 0.0, 0.0, 0.34313, 0.0, 0.19699, 0.0, 0.02988, 0.0, 0.24121, 0.0, 0.23905, 0.32936, 0.27202, 0.36311, 0.0, 0.19848, 0.0, 0.55353, 0.23949, 0.0, 0.09387, 0.46136, 0.32526, 0.02785, 0.38008, 0.7675, 0.71436, 0.61688, 0.7995, 0.17752, 0.50328, 0.06794, 0.11843, 0.51236, 0.31507, 0.4788, 0.52065, 0.69503, 0.64266, 0.34661, 0.79003, 0.64272, 0.87138, 0.235, 0.44127, 0.86337, 0.80481, 0.84954, 0.99019, 0.53068, 0.0, 1.05041, 0.54024, 0.53432, 0.57688, 0.83158, 0.41785, 0.90437, 0.784, 0.54971, 0.29674, 0.83536, 0.52016, 0.30537, 0.70609, 0.65399, 1.33431, 0.72209, 0.92362, 0.77291, 0.33216, 0.80605, 0.75862, 0.48042, 0.66962, 0.77891, 0.87379, 0.86734, 1.19118, 0.76959, 1.19839, 0.76487, 0.2893, 0.9347, 0.79107, 0.64578, 0.89099, 1.32991, 0.67659, 0.90712, 0.94602, 1.02467, 0.84585, 0.78783, 0.98191, 0.97826, 0.6469, 1.25359, 0.59471, 0.72109, 0.82914, 1.33232, 0.82102, 0.99835, 1.39126, 0.9786, 1.10382, 1.28109, 1.11365, 1.14959, 1.09713, 0.73287, 1.50926, 0.95286, 1.25238, 1.38044, 0.64802, 0.88131, 1.32002, 1.36271, 1.42673, 1.5104, 0.88966, 1.41911, 1.61237, 1.13495, 1.58886, 1.52292, 1.9678, 1.99663, 1.84865, 1.40989, 1.15596, 0.9569, 1.03027, 1.53346, 1.72113, 1.16984, 0.82181, 1.18907, 1.45258, 1.01453, 1.86404, 1.80194, 1.62611, 1.3874, 1.76053, 1.88529, 1.61838, 1.2546, 1.40244, 1.31016, 1.81038, 1.80505, 1.53766, 1.31741, 1.50219, 1.55818, 1.60526, 1.49191, 1.22317, 1.9482, 1.88298, 1.58225, 1.44557, 1.88297, 1.75438, 1.66002, 1.69968, 1.82864, 1.84632, 1.39652, 1.85453, 1.98618, 1.54401, 2.00269, 1.99167, 1.58306, 2.07274, 1.64604, 1.90414, 2.2492, 1.81167, 2.34117, 1.46161, 1.79161, 2.03946, 1.81406, 2.08008, 1.66074, 2.14535, 2.04403, 1.89206, 1.86047, 1.87258, 2.37709, 2.22676, 2.47329, 1.80211, 1.98727, 2.21561, 2.10778, 2.11958, 2.37643, 2.00034, 2.64576, 1.90541, 1.92094, 2.48457, 2.10237, 1.94405, 2.29437]"
UDE-NN,61917,220,1,10,1,161.928,0.08439,0.39239,0.97983,0.91566,0,0.63183,0.96759,0.44068,0.46409,0,0.30159,0.45386,0.02201,0.18325,0.22632,0.28787,0.38518,0.02201,0.14188,0.17764,0.22565,0.29904,4.44491,52.00049,38.61389,39.76573,42.03697,"[0.47313, 0.52282, 0.54481, 0.55236, 0.5531, 0.5508, 0.5472, 0.54309, 0.53882, 0.53455, 0.53032, 0.52618, 0.52212, 0.51815, 0.51426, 0.51045, 0.50672, 0.50307, 0.49948, 0.49597]","[-0.07061, -0.17574, -0.19036, -0.08146, -0.02638, 0.04836, 0.20245, 0.3291, 0.29963, 0.36233, 0.26603, 0.17869, 0.16997, 0.19706, 0.23582, 0.255, 0.23971, 0.27869, 0.23608, 0.14801, 0.18183, 0.15993, 0.23068, 0.39157, 0.43217, 0.41273, 0.37657, 0.34028, 0.3425, 0.34901, 0.31942, 0.25499, 0.24094, 0.23337, 0.19393, 0.18415, 0.17556, 0.19585, 0.32651, 0.43639, 0.51331, 0.46525, 0.45099, 0.4475, 0.44859, 0.48963, 0.5036, 0.60232, 0.68784, 0.78748, 0.65372, 0.56178, 0.53588, 0.57681, 0.65695, 0.69662, 0.58337, 0.57141, 0.55926, 0.5928, 0.64481, 0.70664, 0.67818, 0.6739, 0.5665, 0.54824, 0.70981, 0.75511, 0.7808, 0.759, 0.78069, 0.75593, 0.80608, 0.92176, 0.99126, 0.99008, 0.94879, 1.00359, 0.93207, 0.76061, 0.74034, 0.78555, 0.73314, 0.70463, 0.79975, 0.86436, 0.94632, 0.91996, 0.92132, 0.87059, 0.8831, 0.87199, 0.87292, 0.90899, 0.94136, 0.99778, 1.07092, 1.07738, 0.96265, 0.91031, 0.95503, 0.96081, 1.00498, 1.10664, 1.12295, 1.10813, 1.02798, 1.0006, 0.99134, 1.02814, 1.09171, 1.14626, 1.10613, 1.1477, 1.05257, 1.15839, 1.15369, 1.18356, 1.24672, 1.29484, 1.25669, 1.25253, 1.24634, 1.26461, 1.2942, 1.26533, 1.2548, 1.31878, 1.31278, 1.28703, 1.30434, 1.30114, 1.34701, 1.38186, 1.41754, 1.4095, 1.40308, 1.39321, 1.39335, 1.43719, 1.46404, 1.45154, 1.41851, 1.35984, 1.381, 1.43163, 1.4809, 1.49427, 1.5362, 1.56002, 1.53182, 1.50904, 1.47864, 1.4961, 1.63016, 1.63398, 1.58813, 1.57639, 1.50666, 1.57757, 1.59051, 1.60075, 1.6659, 1.69704, 1.61753, 1.63746, 1.6667, 1.6996, 1.66504, 1.68938, 1.69906, 1.77685, 1.73324, 1.80026, 1.73967, 1.80101, 1.84159, 1.86091, 1.78577, 1.70951, 1.70967, 1.82307, 1.92441, 1.97711, 1.89214, 1.82772, 1.79116, 1.8636, 1.86563, 1.90464, 1.9592, 1.94055, 1.90374, 1.93846, 1.94333, 1.87516, 1.83725, 1.91198, 1.98316, 2.00568, 1.99517, 1.97368, 2.05456, 2.08449, 2.09331, 2.08314, 2.08442, 2.08706, 2.0855, 2.08031, 2.08445, 2.09112, 2.10214, 2.11314, 2.12241, 2.13833, 2.16039, 2.18075, 2.20117, 2.21201]"
GP,61917,220,1,10,1,755.062,0.02775,0.39239,0.9972,0.98765,0,0.66162,0.99541,0.43575,0.44693,0,0.29423,0.43954,0.01746,0.18794,0.22072,0.27974,0.37528,0.01746,0.14007,0.16845,0.21524,0.28741,3.52644,52.71074,37.82564,38.82384,40.97337,"[0.47767, 0.53187, 0.55716, 0.56679, 0.56873, 0.56705, 0.56374, 0.55975, 0.5555, 0.55121, 0.54694, 0.54274, 0.53862, 0.53459, 0.53065, 0.52679, 0.523, 0.5193, 0.51567, 0.51211]","[0.05452, 0.06421, 0.0739, 0.08359, 0.09328, 0.10297, 0.11266, 0.12235, 0.13204, 0.14173, 0.15142, 0.16111, 0.17079, 0.18048, 0.19017, 0.19986, 0.20955, 0.21924, 0.22893, 0.23862, 0.24831, 0.258, 0.26769, 0.27738, 0.28707, 0.29676, 0.30645, 0.31614, 0.32583, 0.33552, 0.34521, 0.3549, 0.36458, 0.37427, 0.38396, 0.39365, 0.40334, 0.41303, 0.42272, 0.43241, 0.4421, 0.45179, 0.46148, 0.47117, 0.48086, 0.49055, 0.50024, 0.50993, 0.51962, 0.52931, 0.539, 0.54869, 0.55838, 0.56807, 0.57776, 0.58745, 0.59714, 0.60683, 0.61652, 0.6262, 0.63589, 0.64558, 0.65527, 0.66496, 0.67465, 0.68434, 0.69403, 0.70372, 0.71341, 0.7231, 0.73279, 0.74248, 0.75217, 0.76186, 0.77155, 0.78124, 0.79093, 0.80062, 0.81031, 0.82, 0.82969, 0.83938, 0.84906, 0.85875, 0.86844, 0.87813, 0.88782, 0.89751, 0.9072, 0.91689, 0.92658, 0.93627, 0.94596, 0.95565, 0.96534, 0.97503, 0.98472, 0.99441, 1.0041, 1.01379, 1.02348, 1.03317, 1.04286, 1.05254, 1.06223, 1.07192, 1.08161, 1.0913, 1.10099, 1.11068, 1.12037, 1.13006, 1.13975, 1.14944, 1.15913, 1.16882, 1.17851, 1.1882, 1.19789, 1.20758, 1.21727, 1.22696, 1.23665, 1.24633, 1.25602, 1.26571, 1.2754, 1.28509, 1.29478, 1.30447, 1.31416, 1.32385, 1.33354, 1.34323, 1.35292, 1.36261, 1.3723, 1.38199, 1.39168, 1.40137, 1.41105, 1.42074, 1.43043, 1.44012, 1.44981, 1.4595, 1.46919, 1.47888, 1.48857, 1.49826, 1.50795, 1.51764, 1.52733, 1.53702, 1.54671, 1.55639, 1.56608, 1.57577, 1.58546, 1.59515, 1.60484, 1.61453, 1.62422, 1.63391, 1.6436, 1.65329, 1.66298, 1.67267, 1.68236, 1.69205, 1.70174, 1.71142, 1.72111, 1.7308, 1.74049, 1.75018, 1.75987, 1.76956, 1.77925, 1.78894, 1.79863, 1.80832, 1.81801, 1.8277, 1.83739, 1.84708, 1.85677, 1.86645, 1.87614, 1.88583, 1.89552, 1.90521, 1.9149, 1.92459, 1.93428, 1.94397, 1.95366, 1.96335, 1.97304, 1.98273, 1.99242, 2.0021, 2.01179, 2.02148, 2.03117, 2.04086, 2.05055, 2.06024, 2.06993, 2.07962, 2.08931, 2.099, 2.10869, 2.11838, 2.12807, 2.13776, 2.14744, 2.15713, 2.16682, 2.17651]"
ARIMA,61917,220,1,10,1,22.789,,,,,,,,,,,,,0.08669,0.17569,0.302,0.37247,0.47284,0.08669,0.1607,0.25862,0.31452,0.39378,17.50748,43.00671,43.94163,46.41434,49.59669,"[0.40845, 0.40356, 0.39524, 0.40012, 0.40172, 0.39921, 0.39945, 0.40037, 0.39995, 0.39973, 0.39998, 0.39998, 0.39988, 0.39991, 0.39994, 0.39992, 0.39992, 0.39993, 0.39992, 0.39992]",
RandomWalk,61917,220,1,10,1,1.24,,,,,,,,,,,,,0.11182,0.18086,0.31314,0.38444,0.48539,0.11182,0.16439,0.26868,0.32568,0.40603,22.58386,41.91344,44.53302,47.19341,50.5326,"[0.38331, 0.38331, 0.38331, 0.38331, 0.38331, 0.38331, 0.38331, 0.38331, 0.38331, 0.38331, 0.38331, 0.38331, 0.38331, 0.38331, 0.38331, 0.38331, 0.38331, 0.38331, 0.38331, 0.38331]",
LSTM,61917,220,1,10,1,63.841,,,,,,,,,,,,,0.10965,0.16294,0.23356,0.26112,0.29342,0.10965,0.15725,0.19051,0.21616,0.24181,22.14631,43.85845,34.97775,34.71171,33.49693,"[0.38548, 0.4052, 0.41945, 0.43793, 0.45723, 0.47948, 0.50225, 0.52953, 0.55905, 0.59226, 0.6292, 0.66987, 0.71487, 0.7646, 0.81966, 0.88064, 0.94825, 1.02327, 1.1066, 1.19924]",
Alg_c,61917,220,1,10,1,0,0.39239,0.39239,0.92216,0.62338,0,0.51518,0.86731,0.45087,0.43678,0,0.29588,0.43494,,,,,,,,,,,,,,,,,"[0.1727, 0.0, 0.0, 0.01692, 0.0, 0.0, 0.2639, 0.63675, 0.17979, 0.66844, 0.23269, 0.0, 0.04339, 0.17074, 0.29063, 0.31809, 0.15444, 0.45444, 0.36285, 0.0, 0.21472, 0.0, 0.07582, 0.63828, 0.59046, 0.45904, 0.36843, 0.25679, 0.33099, 0.4385, 0.3924, 0.15554, 0.20217, 0.28886, 0.14057, 0.16346, 0.07202, 0.0, 0.32488, 0.57555, 0.80964, 0.40172, 0.41807, 0.43275, 0.37604, 0.51288, 0.34179, 0.58154, 0.72133, 1.27073, 0.57629, 0.40828, 0.37474, 0.50644, 0.74365, 1.00199, 0.38696, 0.56984, 0.46933, 0.56452, 0.60974, 0.90323, 0.5915, 0.92423, 0.34921, 0.18793, 0.94176, 0.77618, 0.8689, 0.68242, 0.86823, 0.60077, 0.6588, 1.0249, 1.1338, 1.06883, 0.76664, 1.24707, 1.1108, 0.47564, 0.6066, 1.01737, 0.72658, 0.42239, 0.87432, 0.80214, 1.19421, 0.75268, 1.10578, 0.67145, 0.98667, 0.8542, 0.78429, 0.96271, 0.88673, 0.91936, 1.13842, 1.4851, 0.71758, 0.60374, 1.23399, 0.84844, 0.81652, 1.33786, 1.08911, 1.30587, 0.84302, 1.01022, 0.90346, 0.97838, 1.06592, 1.42213, 0.77942, 1.65527, 0.29122, 1.73115, 0.92884, 1.09015, 1.2357, 1.61349, 1.05011, 1.31436, 1.17921, 1.21195, 1.47148, 1.22543, 0.96663, 1.64551, 1.42187, 0.69629, 1.83999, 0.0, 1.75788, 1.04478, 2.12997, 0.8382, 1.54449, 1.47349, 0.50599, 1.67857, 1.70089, 1.44559, 1.81441, 0.58943, 1.38292, 1.42306, 1.80733, 1.15208, 1.60654, 1.8441, 1.39671, 1.61407, 1.43317, 0.9666, 2.1513, 1.69644, 1.33724, 1.92244, 1.01158, 1.8618, 1.60686, 1.37318, 1.73749, 2.02454, 1.32406, 1.66231, 1.63777, 1.85989, 1.52375, 1.76475, 1.4816, 2.15376, 1.3654, 2.20563, 1.35231, 1.89323, 1.83359, 2.07018, 1.78295, 1.58831, 1.46307, 1.89323, 1.95086, 2.32256, 1.73417, 1.87743, 1.36723, 2.27268, 1.68094, 1.85353, 2.1264, 1.99621, 1.68448, 1.99219, 2.13808, 1.79354, 1.57719, 1.94377, 2.07522, 2.04864, 2.09374, 1.59221, 2.30953, 2.10064, 2.32079, 0.0, 2.06142, 2.38421, 3.60348, 0.0, 2.09233, 1.27828, 2.22874, 2.71582, 0.38677, 1.80777, 2.33509, 1.92401, 2.91906]"
UDE-NN,28757,220,1,10,1,160.948,0.15868,0.36752,0.98266,0.925,0,0.63589,0.97156,0.83495,0,0,0.27832,0.77929,0.57164,0.42632,2.12937,2.19625,1.97665,0.57164,0.38721,1.60826,1.68005,1.43882,5.62527,4.05186,13.95658,14.58988,12.88945,"[9.5903, 9.39143, 9.26754, 9.16429, 9.06813, 8.97523, 8.88443, 8.79529, 8.70765, 8.62139, 8.53643, 8.45272, 8.37018, 8.28875, 8.20837, 8.12898, 8.05051, 7.9729, 7.89609, 7.82002]","[0.24722, 0.35914, 0.41281, 0.15088, -0.15744, -0.27697, -0.0864, 0.00484, -0.10382, -0.18605, 0.08961, 0.03709, 0.21129, 0.22998, 0.03638, -0.06538, 0.01496, 0.11147, 0.05945, 0.03229, 0.07799, 0.27385, 0.36724, 0.43412, 0.39544, 0.34559, 0.15715, 0.16501, 0.26797, 0.34404, 0.32162, 0.38833, 0.33863, 0.35121, 0.31784, 0.40984, 0.41419, 0.40668, 0.39941, 0.22808, 0.26811, 0.34369, 0.62935, 0.65673, 0.60514, 0.62346, 0.63925, 0.57613, 0.50671, 0.56127, 0.56337, 0.65627, 0.77779, 0.59865, 0.42541, 0.51763, 0.40063, 0.39986, 0.36078, 0.57256, 0.60841, 0.57474, 0.55168, 0.53729, 0.60022, 0.73062, 0.84527, 0.88667, 0.81178, 0.67541, 0.72145, 0.86841, 0.94421, 0.89524, 0.72211, 0.55633, 0.45854, 0.49684, 0.59953, 0.53383, 0.50617, 0.54356, 0.62892, 0.63344, 0.53951, 0.59628, 0.55901, 0.64113, 0.71789, 0.78523, 0.85646, 0.85284, 0.8805, 0.93062, 0.88916, 0.98794, 1.00268, 0.93467, 0.85258, 0.7844, 0.79182, 0.84351, 0.91252, 0.96299, 1.01732, 1.14984, 1.17077, 1.31532, 1.26652, 1.11078, 1.13432, 1.10918, 1.10446, 1.30918, 1.44899, 1.35472, 1.4136, 1.49093, 1.50988, 1.53283, 1.51192, 1.35734, 1.0924, 0.96208, 1.03443, 1.16559, 1.1673, 1.19042, 1.35207, 1.51942, 1.43643, 1.29166, 1.09618, 1.2852, 1.27742, 1.13495, 1.37363, 1.51499, 1.51624, 1.60879, 1.56427, 1.48964, 1.41683, 1.25098, 1.20862, 1.26434, 1.20043, 1.21865, 1.15362, 1.24227, 1.4853, 1.62193, 1.58164, 1.63945, 1.69538, 1.45034, 1.44195, 1.28028, 1.13752, 1.25465, 1.35565, 1.50512, 1.54052, 1.58555, 1.64386, 1.57765, 1.56346, 1.61184, 1.63492, 1.66023, 1.81238, 1.83891, 1.68372, 1.5879, 1.73105, 1.6851, 1.67217, 1.7164, 1.60292, 1.77239, 1.79342, 1.97535, 1.88023, 1.83798, 1.81181, 1.89078, 1.85594, 1.8726, 1.81553, 1.7605, 1.82555, 1.77709, 1.83339, 1.85422, 1.9408, 2.10131, 1.98591, 2.06064, 2.10506, 2.15296, 2.0414, 2.01126, 2.14914, 2.09386, 2.03807, 2.01529, 2.13592, 2.24187, 2.02236, 1.90858, 1.81269, 1.92455, 1.93882, 2.04623, 2.07024, 2.04383, 2.16119, 2.26489, 2.379, 2.38879]"
GP,28757,220,1,10,1,781.668,0.0235,0.36752,0.98889,0.94872,0,0.64587,0.98137,0.84244,0,0,0.28081,0.78628,0.33582,0.41651,1.89605,1.95254,1.7895,0.33582,0.34754,1.41329,1.45551,1.33708,3.30465,3.73345,12.28431,12.59422,12.28985,"[9.82612, 9.68342, 9.58096, 9.48852, 9.39978, 9.31326, 9.22854, 9.14549, 9.06401, 8.98405, 8.90554, 8.82842, 8.75264, 8.67815, 8.60489, 8.53281, 8.46187, 8.392, 8.32317, 8.25532]","[0.01031, 0.02009, 0.02986, 0.03963, 0.04941, 0.05918, 0.06895, 0.07873, 0.0885, 0.09827, 0.10805, 0.11782, 0.12759, 0.13737, 0.14714, 0.15691, 0.16669, 0.17646, 0.18624, 0.19601, 0.20578, 0.21556, 0.22533, 0.2351, 0.24488, 0.25465, 0.26442, 0.2742, 0.28397, 0.29374, 0.30352, 0.31329, 0.32306, 0.33284, 0.34261, 0.35238, 0.36216, 0.37193, 0.3817, 0.39148, 0.40125, 0.41102, 0.4208, 0.43057, 0.44034, 0.45012, 0.45989, 0.46966, 0.47943, 0.48921, 0.49898, 0.50875, 0.51853, 0.5283, 0.53807, 0.54785, 0.55762, 0.56739, 0.57717, 0.58694, 0.59671, 0.60649, 0.61626, 0.62603, 0.6358, 0.64558, 0.65535, 0.66512, 0.6749, 0.68467, 0.69444, 0.70422, 0.71399, 0.72376, 0.73354, 0.74331, 0.75308, 0.76286, 0.77263, 0.7824, 0.79218, 0.80195, 0.81172, 0.8215, 0.83127, 0.84104, 0.85082, 0.86059, 0.87036, 0.88014, 0.88991, 0.89969, 0.90946, 0.91923, 0.92901, 0.93878, 0.94855, 0.95833, 0.9681, 0.97787, 0.98765, 0.99742, 1.0072, 1.01697, 1.02674, 1.03652, 1.04629, 1.05606, 1.06584, 1.07561, 1.08539, 1.09516, 1.10493, 1.11471, 1.12448, 1.13425, 1.14403, 1.1538, 1.16357, 1.17335, 1.18312, 1.1929, 1.20267, 1.21244, 1.22222, 1.23199, 1.24176, 1.25154, 1.26131, 1.27108, 1.28086, 1.29063, 1.3004, 1.31018, 1.31995, 1.32973, 1.3395, 1.34927, 1.35905, 1.36882, 1.37859, 1.38837, 1.39814, 1.40791, 1.41769, 1.42746, 1.43723, 1.44701, 1.45678, 1.46656, 1.47633, 1.4861, 1.49588, 1.50565, 1.51542, 1.5252, 1.53497, 1.54475, 1.55452, 1.56429, 1.57407, 1.58384, 1.59361, 1.60339, 1.61316, 1.62293, 1.63271, 1.64248, 1.65226, 1.66203, 1.6718, 1.68158, 1.69135, 1.70112, 1.7109, 1.72067, 1.73045, 1.74022, 1.74999, 1.75977, 1.76954, 1.77931, 1.78909, 1.79886, 1.80864, 1.81841, 1.82818, 1.83796, 1.84773, 1.8575, 1.86728, 1.87705, 1.88682, 1.8966, 1.90637, 1.91615, 1.92592, 1.93569, 1.94547, 1.95524, 1.96501, 1.97479, 1.98456, 1.99433, 2.00411, 2.01388, 2.02365, 2.03343, 2.0432, 2.05297, 2.06275, 2.07252, 2.08229, 2.09207, 2.10184, 2.11162, 2.12139, 2.13116, 2.14094, 2.15071]"
ARIMA,28757,220,1,10,1,20.341,,,,,,,,,,,,,0.05148,0.78463,1.33896,1.37604,1.60981,0.05148,0.68109,1.08744,1.15542,1.38775,0.50659,7.3842,9.87274,10.54984,14.37579,"[10.11046, 10.13881, 10.13036, 10.13288, 10.13213, 10.13235, 10.13228, 10.1323, 10.1323, 10.1323, 10.1323, 10.1323, 10.1323, 10.1323, 10.1323, 10.1323, 10.1323, 10.1323, 10.1323, 10.1323]",
RandomWalk,28757,220,1,10,1,1.14,,,,,,,,,,,,,0.04362,0.84585,1.31756,1.35544,1.61723,0.04362,0.73713,1.07884,1.14825,1.39666,0.42921,7.98849,9.85812,10.55445,14.56699,"[10.20555, 10.20555, 10.20555, 10.20555, 10.20555, 10.20555, 10.20555, 10.20555, 10.20555, 10.20555, 10.20555, 10.20555, 10.20555, 10.20555, 10.20555, 10.20555, 10.20555, 10.20555, 10.20555, 10.20555]",
LSTM,28757,220,1,10,1,59.84,,,,,,,,,,,,,0.76773,2.4698,1.87584,1.93247,2.62833,0.76773,2.339,1.55769,1.56062,2.1336,7.55493,25.04984,16.00538,16.23152,24.31848,"[10.92966, 11.61885, 12.07042, 12.22875, 12.18947, 12.07283, 11.99147, 11.95649, 11.97702, 12.01765, 12.07726, 12.14046, 12.19939, 12.24629, 12.27655, 12.29239, 12.29876, 12.30063, 12.30065, 12.29935]",
Alg_c,28757,220,1,10,1,0,0.36752,0.36752,0.91975,0.61333,0,0.51103,0.85877,0.83444,0,0,0.27815,0.77754,,,,,,,,,,,,,,,,,"[0.03486, 0.456, 1.04945, 0.1966, 0.0, 0.0, 0.14223, 0.44143, 0.0, 0.0, 0.75959, 0.0, 0.51229, 0.66699, 0.0, 0.0, 0.0, 0.40787, 0.02167, 0.0, 0.0, 0.45967, 0.44721, 0.6503, 0.36512, 0.64356, 0.0, 0.0, 0.30553, 0.57097, 0.07852, 0.67244, 0.15451, 0.51886, 0.0, 0.6592, 0.40052, 0.35429, 0.85019, 0.0, 0.29713, 0.0, 1.24547, 0.72843, 0.38465, 0.62944, 0.81633, 0.6161, 0.18065, 0.79166, 0.34534, 0.48117, 1.48844, 0.52748, 0.0, 1.04589, 0.06378, 0.576, 0.0, 0.94618, 0.68717, 0.512, 0.55858, 0.40566, 0.47439, 0.74791, 0.95744, 1.08753, 0.95794, 0.27894, 0.5343, 1.00763, 1.17032, 1.13355, 0.68788, 0.46051, 0.20106, 0.36122, 0.9629, 0.43755, 0.37349, 0.45125, 0.80991, 0.81049, 0.26783, 0.76787, 0.3096, 0.61897, 0.73612, 0.77946, 1.01088, 0.77262, 0.83202, 1.08109, 0.63354, 1.1569, 1.20292, 0.99402, 0.77505, 0.58387, 0.6872, 0.77881, 0.94603, 0.9319, 0.83666, 1.35122, 1.0152, 1.70744, 1.54814, 0.72344, 1.22323, 1.01875, 0.67606, 1.443, 1.97134, 1.00461, 1.37162, 1.60677, 1.53528, 1.65654, 1.84728, 1.67202, 0.73252, 0.45404, 0.84737, 1.41278, 1.12088, 0.88538, 1.35336, 2.04206, 1.60619, 1.4633, 0.3533, 1.60701, 1.44256, 0.38786, 1.50791, 1.842, 1.30407, 1.88856, 1.61503, 1.49098, 1.62156, 0.98418, 0.97543, 1.54362, 1.01903, 1.39011, 0.8006, 0.89257, 1.72148, 2.04432, 1.33268, 1.68563, 2.30566, 1.01203, 1.7, 1.19039, 0.57172, 1.2905, 1.22516, 1.75763, 1.50875, 1.53445, 1.92729, 1.43385, 1.4387, 1.68233, 1.68581, 1.32434, 2.06151, 2.21761, 1.54356, 1.06089, 2.15292, 1.60822, 1.56948, 2.00507, 1.05019, 2.01756, 1.48064, 2.54966, 1.70694, 1.84367, 1.58957, 2.12237, 1.75735, 2.01698, 1.84866, 1.54829, 2.02048, 1.58099, 1.88843, 1.69905, 1.88706, 2.6752, 1.58864, 2.10455, 2.09719, 2.48331, 1.86968, 1.63759, 2.57547, 2.06907, 1.97363, 1.72031, 2.13387, 2.93689, 1.72568, 1.96081, 1.34999, 2.19695, 1.7107, 2.2245, 2.2053, 1.70304, 2.25252, 2.20304, 2.60557]"
UDE-NN,11007,220,1,10,1,158.994,0.08319,0.26043,0.9971,0.98795,0,0.66168,0.99535,0.44068,0.45902,0,0.2999,0.45504,0.25135,0.17776,0.19921,0.18207,0.18461,0.25135,0.16489,0.17232,0.14717,0.15092,22.69093,37.7711,38.13462,32.59089,45.18634,"[1.35909, 0.83852, 0.53647, 0.44859, 0.42239, 0.414, 0.41197, 0.41237, 0.41368, 0.41528, 0.41691, 0.41847, 0.41992, 0.42124, 0.42244, 0.42352, 0.42447, 0.42531, 0.42603, 0.42664]","[0.05482, 0.07088, 0.07351, 0.05146, -0.05564, -0.10953, -0.09079, -0.0818, -0.03363, 0.04952, 0.08077, 0.09363, 0.13109, 0.23488, 0.30695, 0.22909, 0.30537, 0.32021, 0.23291, 0.19049, 0.24193, 0.30312, 0.28446, 0.17683, 0.23808, 0.27865, 0.35376, 0.27505, 0.17243, 0.18204, 0.20033, 0.24095, 0.32108, 0.36051, 0.42073, 0.41618, 0.22922, 0.30319, 0.37264, 0.38284, 0.41793, 0.40736, 0.40085, 0.40038, 0.43663, 0.55092, 0.54351, 0.62033, 0.59854, 0.55977, 0.56236, 0.53984, 0.63036, 0.66301, 0.56575, 0.60782, 0.53611, 0.40362, 0.30826, 0.41524, 0.4138, 0.49857, 0.57065, 0.55024, 0.63331, 0.6416, 0.69557, 0.66118, 0.6891, 0.63948, 0.58254, 0.61565, 0.72433, 0.75875, 0.81946, 0.86267, 0.78572, 0.7385, 0.8078, 0.87969, 0.84903, 0.82047, 0.77594, 0.77383, 0.73998, 0.75348, 0.81202, 0.80353, 0.81583, 0.95518, 0.9993, 1.02577, 0.96335, 0.97629, 0.93065, 0.9556, 0.95701, 1.02314, 1.1042, 1.10073, 1.02971, 0.99998, 1.00049, 0.98103, 0.97049, 1.00786, 1.00913, 1.05481, 1.07651, 1.12381, 1.11268, 1.13293, 1.17382, 1.22078, 1.38592, 1.33932, 1.26296, 1.13028, 1.08713, 1.14128, 1.13536, 1.09269, 1.19694, 1.31572, 1.40938, 1.43858, 1.35263, 1.34574, 1.36453, 1.39314, 1.41865, 1.39927, 1.41948, 1.4574, 1.48692, 1.4775, 1.40222, 1.32989, 1.26148, 1.15772, 1.15057, 1.2653, 1.37464, 1.41802, 1.5343, 1.56981, 1.52154, 1.50753, 1.46116, 1.43969, 1.44858, 1.53534, 1.64324, 1.56409, 1.59298, 1.54425, 1.46536, 1.49616, 1.60458, 1.63989, 1.62179, 1.65151, 1.69229, 1.7439, 1.61889, 1.60062, 1.68885, 1.69424, 1.76582, 1.75148, 1.7023, 1.66051, 1.63614, 1.69404, 1.76839, 1.72478, 1.68636, 1.7817, 1.85478, 1.85881, 1.90315, 1.85878, 1.88528, 1.88375, 1.84639, 1.84609, 1.89541, 1.93769, 1.97062, 1.91913, 1.87884, 1.89197, 1.98242, 1.97552, 1.86406, 1.84226, 1.96192, 1.96031, 1.99336, 2.03269, 1.97754, 2.08382, 2.1738, 2.1093, 2.09902, 2.00038, 2.08108, 2.13118, 2.13399, 2.07048, 2.00516, 2.05873, 2.181, 2.22904, 2.14158, 2.16108, 2.10103, 2.10596, 2.12184, 2.13108]"
GP,11007,220,1,10,1,778.29,0.01104,0.26043,0.99718,0.98795,0,0.66171,0.99545,0.44068,0.45902,0,0.2999,0.45504,0.18936,0.16197,0.19627,0.17996,0.17949,0.18936,0.15794,0.16768,0.14658,0.14644,17.09435,33.61606,34.87635,30.62221,41.74717,"[1.29709, 0.74147, 0.47547, 0.41523, 0.39784, 0.39277, 0.39203, 0.39289, 0.39429, 0.39582, 0.39732, 0.39873, 0.40002, 0.40119, 0.40225, 0.40319, 0.40401, 0.40473, 0.40535, 0.40586]","[0.00753, 0.01758, 0.02764, 0.03769, 0.04775, 0.0578, 0.06786, 0.07792, 0.08797, 0.09803, 0.10808, 0.11814, 0.12819, 0.13825, 0.1483, 0.15836, 0.16842, 0.17847, 0.18853, 0.19858, 0.20864, 0.21869, 0.22875, 0.2388, 0.24886, 0.25891, 0.26897, 0.27903, 0.28908, 0.29914, 0.30919, 0.31925, 0.3293, 0.33936, 0.34941, 0.35947, 0.36952, 0.37958, 0.38964, 0.39969, 0.40975, 0.4198, 0.42986, 0.43991, 0.44997, 0.46002, 0.47008, 0.48014, 0.49019, 0.50025, 0.5103, 0.52036, 0.53041, 0.54047, 0.55052, 0.56058, 0.57063, 0.58069, 0.59075, 0.6008, 0.61086, 0.62091, 0.63097, 0.64102, 0.65108, 0.66114, 0.67119, 0.68125, 0.6913, 0.70136, 0.71141, 0.72147, 0.73152, 0.74158, 0.75164, 0.76169, 0.77175, 0.7818, 0.79186, 0.80191, 0.81197, 0.82203, 0.83208, 0.84214, 0.85219, 0.86225, 0.8723, 0.88236, 0.89242, 0.90247, 0.91253, 0.92258, 0.93264, 0.94269, 0.95275, 0.96281, 0.97286, 0.98292, 0.99297, 1.00303, 1.01308, 1.02314, 1.0332, 1.04325, 1.05331, 1.06336, 1.07342, 1.08347, 1.09353, 1.10359, 1.11364, 1.1237, 1.13375, 1.14381, 1.15386, 1.16392, 1.17398, 1.18403, 1.19409, 1.20414, 1.2142, 1.22425, 1.23431, 1.24436, 1.25442, 1.26448, 1.27453, 1.28459, 1.29464, 1.3047, 1.31475, 1.32481, 1.33487, 1.34492, 1.35498, 1.36503, 1.37509, 1.38514, 1.3952, 1.40525, 1.41531, 1.42537, 1.43542, 1.44548, 1.45553, 1.46559, 1.47564, 1.4857, 1.49576, 1.50581, 1.51587, 1.52592, 1.53598, 1.54603, 1.55609, 1.56614, 1.5762, 1.58626, 1.59631, 1.60637, 1.61642, 1.62648, 1.63653, 1.64659, 1.65664, 1.6667, 1.67676, 1.68681, 1.69687, 1.70692, 1.71698, 1.72703, 1.73709, 1.74714, 1.7572, 1.76726, 1.77731, 1.78737, 1.79742, 1.80748, 1.81753, 1.82759, 1.83764, 1.8477, 1.85776, 1.86781, 1.87787, 1.88792, 1.89798, 1.90803, 1.91809, 1.92814, 1.9382, 1.94826, 1.95831, 1.96837, 1.97842, 1.98848, 1.99853, 2.00859, 2.01864, 2.0287, 2.03876, 2.04881, 2.05887, 2.06892, 2.07898, 2.08903, 2.09909, 2.10914, 2.1192, 2.12926, 2.13931, 2.14937, 2.15942, 2.16948, 2.17953, 2.18959, 2.19964, 2.2097]"
ARIMA,11007,220,1,10,1,21.543,,,,,,,,,,,,,0.57953,1.24407,1.40178,1.38434,1.50307,0.57953,1.16004,1.34144,1.33307,1.44567,52.31668,293.34234,343.13855,334.97797,450.47564,"[1.68726, 1.5851, 1.67324, 1.89976, 2.14272, 2.27564, 2.23324, 2.04323, 1.80894, 1.65325, 1.6543, 1.8064, 2.02576, 2.19649, 2.23168, 2.11753, 1.9181, 1.73956, 1.67376, 1.75111]",
RandomWalk,11007,220,1,10,1,1.198,,,,,,,,,,,,,0.82369,1.3337,1.40149,1.41704,1.47319,0.82369,1.29385,1.37262,1.39257,1.44929,74.35795,314.14846,351.43874,349.51093,438.78861,"[1.93142, 1.93142, 1.93142, 1.93142, 1.93142, 1.93142, 1.93142, 1.93142, 1.93142, 1.93142, 1.93142, 1.93142, 1.93142, 1.93142, 1.93142, 1.93142, 1.93142, 1.93142, 1.93142, 1.93142]",
LSTM,11007,220,1,10,1,58.02,,,,,,,,,,,,,0.97954,2.55823,4.42719,4.695,4.82954,0.97954,2.35774,4.02132,4.32595,4.52753,88.4275,580.17934,1028.38861,1078.9621,1357.99688,"[2.08727, 2.43468, 2.86464, 3.32647, 4.26352, 5.26237, 5.94409, 6.3627, 6.59561, 6.65979, 6.50527, 6.07111, 5.7324, 5.55495, 5.48004, 5.45975, 5.46158, 5.45887, 5.43832, 5.39591]",
Alg_c,11007,220,1,10,1,0,0.26043,0.26043,0.93093,0.69231,0,0.54108,0.8846,0.4382,0.42938,0,0.28919,0.43131,,,,,,,,,,,,,,,,,"[0.04231, 0.09848, 0.1053, 0.22945, 0.0, 0.0, 0.0, 0.0, 0.0, 0.15712, 0.1209, 0.04821, 0.0, 0.26505, 0.6301, 0.0, 0.44183, 0.53282, 0.12397, 0.0, 0.22805, 0.4867, 0.42902, 0.0, 0.25747, 0.245, 0.67652, 0.34428, 0.0, 0.08631, 0.1338, 0.1619, 0.38695, 0.36158, 0.57394, 0.70838, 0.0, 0.24798, 0.49651, 0.34398, 0.50661, 0.40654, 0.37872, 0.31822, 0.2726, 0.80605, 0.36846, 0.81371, 0.63599, 0.46477, 0.63556, 0.30161, 0.72804, 0.92959, 0.26801, 0.84174, 0.65439, 0.32714, 0.0, 0.70722, 0.15331, 0.52233, 0.81777, 0.22574, 0.87169, 0.44726, 0.9822, 0.38073, 0.92482, 0.68318, 0.37639, 0.4264, 0.99417, 0.62123, 0.79671, 1.22163, 0.67759, 0.37519, 0.82508, 1.17475, 0.73664, 0.9121, 0.61821, 0.89399, 0.6356, 0.62923, 1.01872, 0.76953, 0.49766, 1.20118, 0.92338, 1.30072, 0.63664, 1.27256, 0.64878, 1.09479, 0.78796, 0.96234, 1.29416, 1.24807, 0.89582, 0.93463, 1.08169, 0.96488, 0.85725, 1.11729, 0.88328, 1.14294, 0.95679, 1.34048, 0.95945, 1.10683, 1.26673, 0.77869, 1.96266, 1.36628, 1.39358, 0.95194, 0.88558, 1.27974, 1.22837, 0.7756, 1.18112, 1.35445, 1.51077, 1.68999, 1.15616, 1.32461, 1.34974, 1.39358, 1.52264, 1.31003, 1.39388, 1.47304, 1.55222, 1.6085, 1.36934, 1.30476, 1.37438, 0.94089, 0.90205, 1.28343, 1.53288, 1.22167, 1.67042, 1.74233, 1.38389, 1.60589, 1.41357, 1.43328, 1.27988, 1.39595, 2.24204, 0.98207, 1.94544, 1.71019, 1.08382, 1.22226, 1.94513, 1.82652, 1.3539, 1.68549, 1.52118, 2.34315, 1.20141, 1.36726, 1.9471, 1.45817, 1.98057, 1.78348, 1.66456, 1.69158, 1.42461, 1.65178, 2.07426, 1.73224, 1.29061, 1.90969, 2.07828, 1.57977, 2.253, 1.5428, 1.98853, 1.97221, 1.77943, 1.72969, 1.96076, 1.847, 2.31142, 1.81297, 1.78266, 1.54471, 2.32648, 2.27064, 1.61779, 1.478, 2.34044, 1.8036, 1.93368, 2.40382, 1.46851, 2.13254, 2.52997, 1.88508, 2.36452, 1.58722, 2.20856, 2.19385, 2.26236, 2.12047, 1.74297, 1.89909, 2.32067, 2.66657, 1.63609, 2.54161, 1.84548, 2.12283, 2.15475]"
UDE-NN,26058,220,1,10,1,171.954,0.06976,0.6129,0.99712,0.98795,0,0.66169,0.99537,0.74545,0,0,0.24848,0.3396,0.17824,0.16039,0.32853,0.35433,0.33071,0.17824,0.14101,0.27416,0.29775,0.27599,15.15119,13.89207,35.67653,42.60112,40.23321,"[0.99814, 1.07281, 1.13211, 1.17822, 1.21169, 1.23204, 1.23819, 1.22872, 1.20243, 1.15894, 1.09961, 1.02835, 0.95177, 0.87795, 0.81376, 0.76244, 0.72346, 0.6942, 0.67175, 0.65379]","[0.13274, 0.12025, 0.10713, 0.10209, 0.05296, 0.06311, -0.00239, -0.08439, -0.02009, -0.00901, 0.0077, 0.10165, 0.14696, 0.24942, 0.20474, 0.23752, 0.25418, 0.23338, 0.27338, 0.26568, 0.25519, 0.32201, 0.28804, 0.23763, 0.22413, 0.24292, 0.27076, 0.26404, 0.30459, 0.30905, 0.31324, 0.29326, 0.31697, 0.37081, 0.46543, 0.53229, 0.49786, 0.53892, 0.47945, 0.41247, 0.45163, 0.48212, 0.52622, 0.48595, 0.46443, 0.46394, 0.48725, 0.47739, 0.53892, 0.57516, 0.5813, 0.56102, 0.60792, 0.61602, 0.67003, 0.62049, 0.62533, 0.60983, 0.5805, 0.61524, 0.57309, 0.63777, 0.65621, 0.72847, 0.72798, 0.71961, 0.64926, 0.61919, 0.73816, 0.80812, 0.80912, 0.75435, 0.75445, 0.71725, 0.6981, 0.65768, 0.64612, 0.65645, 0.68168, 0.71259, 0.70828, 0.74773, 0.76678, 0.8013, 0.82332, 0.86229, 0.89197, 0.86613, 0.91264, 0.96082, 0.91579, 0.94241, 0.95918, 0.94042, 0.87534, 0.95903, 1.0246, 1.04259, 1.06684, 1.03268, 1.05175, 1.01704, 1.11367, 1.22112, 1.25187, 1.09612, 1.09192, 1.19288, 1.23657, 1.3197, 1.2081, 1.17641, 1.15928, 1.19273, 1.19371, 1.22487, 1.20603, 1.18931, 1.20477, 1.19232, 1.22441, 1.26712, 1.23027, 1.25889, 1.29436, 1.25465, 1.21993, 1.25225, 1.23977, 1.20698, 1.23417, 1.28469, 1.29806, 1.31751, 1.31179, 1.31512, 1.31853, 1.3785, 1.4197, 1.44996, 1.39534, 1.39654, 1.42702, 1.46332, 1.4183, 1.3846, 1.39406, 1.45729, 1.52204, 1.56451, 1.55028, 1.49348, 1.47306, 1.49282, 1.51175, 1.53238, 1.55123, 1.5653, 1.61451, 1.6644, 1.69313, 1.72457, 1.7325, 1.75653, 1.75245, 1.75155, 1.75127, 1.75355, 1.75205, 1.75259, 1.75223, 1.75108, 1.74523, 1.74081, 1.72927, 1.72233, 1.73149, 1.76111, 1.7995, 1.82806, 1.86508, 1.88684, 1.90361, 1.92695, 1.94523, 1.95365, 1.96666, 2.003, 1.99041, 1.98627, 1.99663, 2.01508, 1.98936, 1.95469, 1.93831, 1.91242, 1.93222, 1.94012, 1.96602, 1.97394, 1.96975, 1.99298, 2.01457, 2.01533, 2.02138, 2.05033, 2.06931, 2.06767, 2.08763, 2.11343, 2.14242, 2.16046, 2.17757, 2.21331, 2.23346, 2.24522, 2.25375, 2.24044, 2.23372, 2.24322]"
GP,26058,220,1,10,1,770.021,0.06092,0.6129,0.97268,0.86111,0,0.61126,0.95179,0.70996,0,0,0.23665,0.32342,0.08946,0.47467,3.14654,4.57759,5.78376,0.08946,0.41265,2.18454,3.27522,4.44698,7.6047,36.98033,304.44482,492.65831,668.56191,"[1.08692, 1.27056, 1.47598, 1.73009, 2.07287, 2.56747, 3.30814, 4.40598, 5.90698, 7.61736, 9.02713, 9.72669, 9.88132, 9.84087, 9.75646, 9.66447, 9.57242, 9.48183, 9.39298, 9.30589]","[0.05448, 0.06421, 0.07393, 0.08367, 0.09328, 0.10293, 0.11261, 0.12232, 0.13222, 0.14211, 0.15195, 0.16187, 0.17182, 0.18152, 0.19134, 0.20109, 0.21099, 0.22086, 0.23047, 0.24015, 0.24988, 0.25953, 0.26915, 0.27879, 0.28848, 0.29808, 0.3076, 0.3171, 0.3265, 0.33579, 0.34506, 0.35436, 0.36378, 0.37327, 0.38283, 0.39262, 0.40251, 0.41248, 0.42241, 0.4324, 0.44237, 0.45238, 0.46236, 0.47233, 0.48215, 0.49185, 0.50167, 0.51139, 0.52101, 0.53072, 0.54013, 0.54961, 0.55904, 0.56851, 0.57811, 0.58784, 0.59758, 0.60707, 0.61644, 0.6259, 0.63546, 0.64504, 0.65461, 0.66416, 0.67369, 0.6833, 0.69276, 0.70222, 0.71178, 0.72141, 0.73093, 0.74052, 0.75007, 0.75969, 0.76946, 0.77926, 0.78904, 0.79878, 0.80863, 0.81838, 0.82804, 0.83764, 0.84725, 0.85683, 0.86632, 0.87567, 0.8849, 0.89417, 0.90342, 0.91262, 0.92185, 0.93103, 0.94018, 0.94937, 0.95854, 0.96768, 0.97683, 0.986, 0.9953, 1.00465, 1.01416, 1.02384, 1.03365, 1.04352, 1.05333, 1.06324, 1.07323, 1.08328, 1.09321, 1.10326, 1.11305, 1.12276, 1.13247, 1.14193, 1.15131, 1.16063, 1.16997, 1.17927, 1.1886, 1.19773, 1.20676, 1.21575, 1.22473, 1.23368, 1.24261, 1.25158, 1.26061, 1.2697, 1.27881, 1.28796, 1.29711, 1.30632, 1.31547, 1.32455, 1.33367, 1.34268, 1.35164, 1.36064, 1.36955, 1.37841, 1.38723, 1.39603, 1.40482, 1.41355, 1.42221, 1.43077, 1.43929, 1.44778, 1.45624, 1.46467, 1.47308, 1.48144, 1.48975, 1.49806, 1.50639, 1.5147, 1.52301, 1.53131, 1.53961, 1.54794, 1.55627, 1.56459, 1.5729, 1.5812, 1.5895, 1.59777, 1.60604, 1.6143, 1.62256, 1.63083, 1.63909, 1.64735, 1.65561, 1.66385, 1.67211, 1.68036, 1.68862, 1.69691, 1.70521, 1.71348, 1.72175, 1.73003, 1.73828, 1.74654, 1.75481, 1.76308, 1.77135, 1.77964, 1.78794, 1.79622, 1.80451, 1.81282, 1.82113, 1.82942, 1.83771, 1.84605, 1.85439, 1.86275, 1.8711, 1.87944, 1.88775, 1.89605, 1.90437, 1.91269, 1.92098, 1.92928, 1.93759, 1.9459, 1.95422, 1.96255, 1.97087, 1.97919, 1.98749, 1.99579, 2.0041, 2.01239, 2.02067, 2.02897, 2.03726, 2.04558]"
ARIMA,26058,220,1,10,1,21.184,,,,,,,,,,,,,0.26742,0.27662,0.27102,0.29461,0.3,0.26742,0.26568,0.25191,0.26888,0.27335,22.73214,22.47628,28.43885,34.62617,37.1506,"[0.90896, 0.9184, 0.93052, 0.94429, 0.95862, 0.97242, 0.98464, 0.99443, 1.00113, 1.00435, 1.00395, 1.0001, 0.99322, 0.98392, 0.973, 0.96133, 0.94984, 0.93937, 0.93069, 0.92439]",
RandomWalk,26058,220,1,10,1,1.32,,,,,,,,,,,,,0.27335,0.30561,0.25948,0.26748,0.2648,0.27335,0.28866,0.2331,0.2367,0.23153,23.23643,24.15869,24.62425,28.70896,30.04534,"[0.90303, 0.90303, 0.90303, 0.90303, 0.90303, 0.90303, 0.90303, 0.90303, 0.90303, 0.90303, 0.90303, 0.90303, 0.90303, 0.90303, 0.90303, 0.90303, 0.90303, 0.90303, 0.90303, 0.90303]",
LSTM,26058,220,1,10,1,60.262,,,,,,,,,,,,,0.55461,0.63148,0.51069,0.47562,0.43957,0.55461,0.60041,0.45366,0.4056,0.36503,47.14584,50.48887,42.87556,39.14066,36.63253,"[0.62177, 0.5594, 0.54498, 0.51466, 0.50919, 0.51024, 0.50035, 0.49901, 0.49682, 0.48282, 0.48603, 0.4885, 0.48852, 0.48968, 0.49014, 0.49034, 0.4905, 0.49094, 0.49088, 0.49137]",
Alg_c,26058,220,1,10,1,0,0.6129,0.6129,0.93093,0.55738,0,0.4961,0.86468,0.76636,0.15385,0.37288,0.43103,0.51195,,,,,,,,,,,,,,,,,"[0.17784, 0.12002, 0.08432, 0.19893, 0.0, 0.21979, 0.0, 0.0, 0.06642, 0.0, 0.0, 0.1877, 0.0344, 0.55304, 0.03004, 0.27088, 0.34618, 0.09594, 0.3769, 0.27641, 0.08339, 0.53701, 0.30733, 0.16339, 0.16074, 0.22544, 0.35116, 0.14753, 0.39786, 0.28343, 0.38232, 0.19832, 0.27805, 0.29108, 0.52335, 0.72695, 0.36005, 0.74133, 0.49403, 0.19769, 0.44991, 0.4721, 0.69651, 0.45724, 0.42177, 0.41327, 0.56799, 0.3262, 0.56938, 0.62666, 0.65266, 0.39251, 0.72822, 0.49976, 0.87965, 0.51555, 0.66899, 0.65384, 0.42044, 0.80564, 0.33108, 0.76018, 0.51346, 0.89831, 0.72172, 0.86512, 0.56951, 0.31217, 0.82514, 0.93145, 0.92778, 0.61137, 0.85, 0.67767, 0.74175, 0.60173, 0.60343, 0.6239, 0.66711, 0.79234, 0.60854, 0.79808, 0.73065, 0.83395, 0.77914, 0.86822, 1.04325, 0.68123, 0.90553, 1.21003, 0.69403, 0.99025, 1.01393, 1.11256, 0.481, 1.05407, 1.13771, 0.97115, 1.23104, 0.87586, 1.18829, 0.74381, 1.07511, 1.36891, 1.62141, 0.76977, 0.83742, 1.30245, 1.15748, 1.73089, 1.00974, 1.15634, 1.0446, 1.29492, 1.08887, 1.34975, 1.18395, 1.1073, 1.3158, 1.06549, 1.16825, 1.53925, 0.99433, 1.22831, 1.5244, 1.2246, 1.01907, 1.40511, 1.30236, 1.05222, 1.18792, 1.39077, 1.24206, 1.38619, 1.2716, 1.35944, 1.15991, 1.46365, 1.34827, 1.76692, 1.1544, 1.36479, 1.35147, 1.76143, 1.32552, 1.28047, 1.19184, 1.50017, 1.55761, 1.82139, 2.05648, 0.0, 0.86721, 1.70787, 1.45446, 1.55974, 2.13051, 0.0, 1.74548, 2.03655, 1.33786, 2.37935, 0.09591, 2.65145, 0.0, 1.86924, 0.69722, 2.42974, 0.76299, 1.9419, 1.62179, 3.23904, 0.0, 4.15526, 0.0, 0.0, 1.18929, 1.46686, 2.72911, 0.0, 2.65686, 4.74536, 0.0, 2.30657, 3.1742, 1.05437, 0.0, 3.20231, 0.0, 1.51656, 1.64406, 2.94058, 2.56365, 0.2475, 2.44202, 0.93519, 2.27148, 1.6068, 2.21437, 2.46417, 0.43042, 2.07952, 2.57686, 1.80449, 0.85133, 2.30695, 2.70727, 1.30377, 2.10573, 2.02475, 2.40277, 2.33835, 1.02868, 2.54212, 2.68151, 1.96002, 3.3226, 1.06628, 1.9035]"
UDE-NN,96004,220,1,10,1,162.766,0.1282,0.31853,0.97898,0.91954,0,0.63284,0.96737,0.79599,0,0,0.26533,0.72965,1.09932,1.35472,1.09251,1.07246,0.98166,1.09932,1.31023,0.99759,0.96366,0.83642,13.49755,17.2115,12.92214,12.57105,10.78177,"[9.2439, 9.13499, 9.05556, 8.98495, 8.9177, 8.85228, 8.7882, 8.72528, 8.66346, 8.60266, 8.54285, 8.48398, 8.42603, 8.36894, 8.31268, 8.25722, 8.20252, 8.14855, 8.09527, 8.04265]","[-0.26558, -0.20141, -0.09234, -0.15407, -0.00711, -0.07313, -0.09322, -0.13645, -0.09718, 0.1271, 0.17984, 0.11834, 0.19848, 0.06924, 0.08677, 0.06998, 0.1698, 0.10882, 0.02162, -0.00011, 0.07634, 0.18469, 0.18638, 0.12782, 0.19769, 0.19203, 0.28263, 0.28555, 0.31479, 0.36296, 0.41851, 0.48623, 0.40266, 0.16967, 0.09265, 0.06659, 0.09513, 0.27155, 0.34897, 0.38005, 0.40572, 0.39383, 0.29943, 0.30294, 0.38538, 0.44794, 0.47188, 0.51907, 0.53683, 0.48519, 0.44081, 0.40463, 0.49768, 0.43959, 0.3584, 0.55062, 0.51905, 0.72433, 0.73247, 0.63609, 0.69864, 0.66888, 0.63445, 0.65268, 0.6457, 0.56766, 0.54121, 0.65369, 0.75433, 0.81507, 0.78227, 0.75177, 0.67897, 0.70079, 0.7632, 0.81593, 0.84377, 0.76152, 0.80127, 0.84468, 0.87964, 0.82754, 0.82634, 0.97492, 1.02197, 1.0644, 1.054, 1.06173, 0.98178, 0.96233, 0.89278, 0.97782, 0.93736, 0.96214, 0.89654, 0.99945, 0.98034, 1.00203, 0.8781, 0.89392, 0.98758, 0.94899, 1.06654, 1.19245, 1.13842, 1.03283, 0.95611, 1.01797, 1.1318, 1.15961, 1.18079, 1.13067, 1.08027, 1.09001, 1.09289, 1.13864, 1.29438, 1.20142, 1.20027, 1.22607, 1.25564, 1.0979, 1.05885, 0.97383, 1.04826, 1.02583, 1.26662, 1.54108, 1.44991, 1.47675, 1.42374, 1.52358, 1.50665, 1.50407, 1.37913, 1.39399, 1.2405, 1.17242, 1.13437, 1.1827, 1.23185, 1.27807, 1.32244, 1.42958, 1.43935, 1.37063, 1.58311, 1.61575, 1.64836, 1.57427, 1.49934, 1.596, 1.70155, 1.77311, 1.90383, 1.81126, 1.76619, 1.63482, 1.54746, 1.59318, 1.66649, 1.66667, 1.59351, 1.65582, 1.65367, 1.75302, 1.78364, 1.84932, 1.80188, 1.75843, 1.71919, 1.73285, 1.72016, 1.58134, 1.61632, 1.66603, 1.71216, 1.84655, 1.87129, 1.80598, 1.86029, 1.91452, 1.86081, 1.79343, 1.88163, 1.90131, 1.96949, 1.84866, 1.85842, 1.87629, 1.96536, 2.07744, 2.12352, 2.12949, 2.18877, 2.18392, 2.28689, 2.29417, 2.33894, 2.0841, 1.97853, 1.93042, 1.95429, 1.98534, 2.14748, 2.30603, 2.25682, 2.2296, 2.01644, 1.92053, 1.90333, 1.95689, 1.92346, 1.94207, 1.86032, 2.03335, 2.07846, 2.05707, 1.97752, 1.98732]"
GP,96004,220,1,10,1,773.146,0.03522,0.31853,0.99415,0.97619,0,0.65678,0.99069,0.80795,0,0,0.26932,0.74062,0.90068,1.09586,0.84391,0.82474,0.81023,0.90068,1.04589,0.72171,0.69357,0.68928,11.05861,13.77452,9.40805,9.10697,8.80455,"[9.04526, 8.8786, 8.77641, 8.69468, 8.62044, 8.54949, 8.48034, 8.41248, 8.34565, 8.27976, 8.21474, 8.15052, 8.08706, 8.02431, 7.96222, 7.90076, 7.83988, 7.77954, 7.71969, 7.66028]","[-0.06171, -0.0519, -0.04194, -0.03191, -0.0216, -0.01127, -0.00037, 0.00991, 0.02027, 0.03096, 0.04165, 0.05269, 0.06345, 0.07407, 0.08486, 0.09576, 0.10672, 0.11763, 0.12869, 0.13966, 0.15036, 0.16089, 0.17135, 0.18231, 0.19357, 0.20485, 0.21616, 0.22738, 0.23865, 0.24969, 0.26059, 0.2715, 0.28242, 0.2933, 0.30391, 0.31431, 0.32469, 0.33504, 0.34546, 0.35617, 0.36652, 0.37666, 0.38677, 0.39675, 0.40698, 0.4171, 0.4275, 0.43791, 0.44846, 0.4592, 0.47027, 0.48133, 0.4927, 0.50407, 0.51553, 0.52691, 0.53821, 0.54976, 0.56137, 0.5732, 0.58522, 0.59723, 0.60925, 0.62131, 0.63342, 0.64554, 0.65761, 0.6697, 0.68188, 0.69413, 0.70646, 0.71885, 0.73129, 0.74378, 0.75622, 0.76858, 0.78078, 0.79275, 0.80442, 0.81583, 0.82693, 0.83791, 0.84901, 0.86022, 0.87124, 0.88226, 0.89312, 0.90397, 0.91462, 0.9253, 0.93607, 0.9472, 0.95831, 0.96945, 0.98044, 0.99149, 1.00245, 1.01357, 1.02474, 1.0361, 1.04733, 1.05859, 1.06982, 1.08081, 1.09121, 1.10176, 1.11222, 1.12235, 1.13228, 1.1423, 1.15235, 1.16227, 1.17205, 1.18196, 1.19175, 1.20157, 1.21117, 1.22049, 1.22986, 1.23915, 1.24831, 1.25769, 1.26712, 1.27651, 1.28582, 1.29428, 1.30331, 1.3123, 1.32182, 1.33181, 1.34136, 1.35106, 1.36083, 1.37045, 1.3805, 1.3908, 1.40106, 1.41113, 1.42116, 1.43114, 1.4409, 1.45025, 1.45991, 1.46951, 1.47913, 1.48889, 1.49849, 1.50788, 1.51688, 1.52624, 1.53556, 1.545, 1.5541, 1.56387, 1.57375, 1.5841, 1.5945, 1.60466, 1.61505, 1.6252, 1.63492, 1.64456, 1.65402, 1.66333, 1.67261, 1.68226, 1.69157, 1.70109, 1.71102, 1.72083, 1.73054, 1.74026, 1.74979, 1.75947, 1.7689, 1.7783, 1.78793, 1.79771, 1.8075, 1.81729, 1.82729, 1.83765, 1.84807, 1.85849, 1.86887, 1.87902, 1.88924, 1.89916, 1.90884, 1.91829, 1.92742, 1.93638, 1.94573, 1.95533, 1.96527, 1.97533, 1.98501, 1.9946, 2.0038, 2.01226, 2.02074, 2.02885, 2.03686, 2.04544, 2.05353, 2.06223, 2.07075, 2.07939, 2.08816, 2.0964, 2.10512, 2.1135, 2.12225, 2.13137, 2.14035, 2.14961, 2.15876, 2.16838, 2.17806, 2.18817]"
ARIMA,96004,220,1,10,1,20.294,,,,,,,,,,,,,1.53348,2.08836,1.97232,2.01329,1.88118,1.53348,2.02303,1.92777,1.9637,1.80456,18.82821,26.55801,24.73172,25.33538,22.98897,"[9.67806, 9.56311, 9.88908, 9.88047, 9.89036, 9.92991, 9.85472, 9.87491, 9.85838, 9.85174, 9.86712, 9.85846, 9.86572, 9.86539, 9.86294, 9.8655, 9.8631, 9.86384, 9.86398, 9.86341]",
RandomWalk,96004,220,1,10,1,1.248,,,,,,,,,,,,,1.32977,1.77099,1.6206,1.65744,1.53038,1.32977,1.71716,1.57504,1.60502,1.43955,16.32702,22.54698,20.24051,20.74956,18.42134,"[9.47435, 9.47435, 9.47435, 9.47435, 9.47435, 9.47435, 9.47435, 9.47435, 9.47435, 9.47435, 9.47435, 9.47435, 9.47435, 9.47435, 9.47435, 9.47435, 9.47435, 9.47435, 9.47435, 9.47435]",
LSTM,96004,220,1,10,1,58.924,,,,,,,,,,,,,1.49383,2.67627,3.24309,3.42201,3.31151,1.49383,2.51882,3.11562,3.29014,3.19345,18.34136,33.25336,39.77415,42.25961,40.30014,"[9.6384, 9.87563, 10.21652, 10.64449, 11.00498, 11.3994, 11.63822, 11.81535, 11.92293, 11.99335, 11.94842, 11.81585, 11.64796, 11.49325, 11.36883, 11.28954, 11.25023, 11.24566, 11.26698, 11.30967]",
Alg_c,96004,220,1,10,1,0,0.31853,0.31853,0.92114,0.65823,0,0.52645,0.86829,0.81081,0,0,0.27027,0.74171,,,,,,,,,,,,,,,,,"[0.0, 0.0, 0.2638, 0.0, 0.43259, 0.0, 0.0, 0.0, 0.0, 0.43866, 0.40245, 0.0, 0.68644, 0.0, 0.23406, 0.0, 0.53025, 0.12884, 0.0, 0.0, 0.02763, 0.39159, 0.34396, 0.0, 0.46713, 0.0, 0.53317, 0.18022, 0.28573, 0.35713, 0.33589, 0.75364, 0.71733, 0.0, 0.01223, 0.0, 0.0, 0.46073, 0.41071, 0.3775, 0.47219, 0.5525, 0.11365, 0.15193, 0.417, 0.52785, 0.4141, 0.57229, 0.68021, 0.44142, 0.48779, 0.03302, 0.89294, 0.54139, 0.0, 1.26337, 0.0, 1.24938, 1.00925, 0.0, 1.09381, 0.64753, 0.45492, 0.70232, 0.89201, 0.46263, 0.17816, 0.77057, 0.76868, 1.09597, 0.61791, 1.03353, 0.28997, 0.65369, 0.82524, 0.76704, 1.29607, 0.31357, 0.87862, 0.83297, 1.09082, 0.7634, 0.44595, 1.26791, 0.95527, 1.18995, 0.95592, 1.27647, 0.81301, 1.15571, 0.44632, 1.37615, 0.66928, 1.27413, 0.41471, 1.34541, 0.76322, 1.44066, 0.46846, 0.70325, 1.4502, 0.47749, 1.11659, 1.55254, 1.19659, 0.97545, 0.67498, 0.90506, 1.31218, 1.14916, 1.32641, 1.13772, 0.9569, 1.1085, 1.00835, 0.94358, 1.78149, 1.0256, 1.13486, 1.22835, 1.62663, 0.87268, 1.15054, 0.69945, 1.12007, 0.48846, 1.1332, 2.31622, 1.08876, 1.6342, 1.09807, 1.77652, 1.47495, 1.79109, 0.9989, 1.80622, 1.03912, 1.13387, 0.96103, 1.19243, 1.23739, 1.27891, 1.19788, 1.61696, 1.59634, 0.78867, 1.95062, 1.66608, 1.86464, 1.58998, 1.14823, 1.51759, 1.77095, 1.58017, 2.42131, 1.58985, 1.97107, 1.5482, 1.2771, 1.53807, 1.81657, 1.80268, 1.33559, 1.77339, 1.44567, 1.87611, 1.69574, 2.09216, 1.77605, 1.75668, 1.61181, 1.76745, 1.96715, 1.23041, 1.5603, 1.67853, 1.52041, 2.07347, 2.05429, 1.55531, 1.85568, 2.14456, 1.911, 1.43069, 2.07204, 1.72409, 2.39342, 1.55226, 1.84235, 1.72471, 1.90202, 2.20937, 2.21481, 1.98945, 2.36131, 1.93648, 2.50881, 2.28658, 2.92096, 1.81325, 1.73766, 1.7212, 1.84735, 1.67047, 2.1885, 2.73947, 2.27905, 2.54526, 1.82858, 1.70225, 1.73692, 2.11391, 1.85022, 2.11734, 1.38082, 2.23035, 2.20838, 2.19295, 1.78325]"
UDE-NN,77471,300,1,10,1,218.975,0.08282,1.78932,0.98851,0.92486,0.87671,0.93002,0.95593,0.73239,0,0.3787,0.37036,0.41926,0.06522,0.12957,0.13809,0.15692,0.1445,0.06522,0.11554,0.11335,0.13246,0.12047,28.03515,73.9571,2.97E+10,2.47E+10,1.98E+10,"[0.29784, 0.29712, 0.29697, 0.29692, 0.29687, 0.29678, 0.29667, 0.29652, 0.29634, 0.29613, 0.29589, 0.29562, 0.29533, 0.29501, 0.29467, 0.2943, 0.29392, 0.29351, 0.29308, 0.29263]","[-0.05109, -0.0296, -0.0355, 0.03027, 0.10703, 0.11856, 0.10589, 0.13725, 0.09137, 0.11448, 0.11762, 0.15801, 0.15705, 0.15324, 0.14327, 0.09838, 0.15178, 0.20652, 0.20741, 0.23049, 0.24829, 0.23168, 0.20905, 0.21919, 0.20741, 0.1953, 0.22323, 0.24316, 0.2111, 0.25414, 0.35262, 0.34907, 0.40064, 0.40629, 0.37871, 0.39797, 0.45497, 0.44168, 0.47439, 0.4467, 0.40857, 0.35822, 0.39839, 0.46301, 0.3894, 0.3965, 0.36735, 0.39106, 0.4615, 0.54063, 0.59417, 0.63232, 0.68227, 0.63406, 0.61177, 0.5506, 0.52234, 0.54428, 0.6244, 0.64214, 0.54299, 0.51719, 0.56766, 0.56859, 0.58277, 0.65459, 0.69546, 0.71657, 0.75566, 0.75897, 0.76041, 0.72297, 0.67333, 0.62465, 0.63598, 0.71318, 0.71121, 0.74622, 0.75888, 0.79259, 0.78272, 0.78702, 0.84129, 0.84482, 0.85448, 0.84333, 0.86376, 0.8895, 0.86411, 0.83963, 0.93969, 0.9659, 0.99744, 0.90388, 0.86289, 0.86564, 0.97523, 1.03266, 1.02017, 1.03515, 1.09411, 1.07464, 1.09834, 1.0753, 0.98677, 1.00757, 0.99555, 1.02978, 1.08518, 1.0904, 1.07617, 0.99413, 1.03093, 1.04523, 1.11516, 1.21289, 1.25224, 1.23873, 1.27187, 1.27027, 1.28599, 1.23176, 1.24851, 1.32812, 1.27514, 1.26995, 1.23541, 1.27635, 1.3212, 1.27656, 1.21364, 1.28293, 1.35792, 1.37282, 1.3701, 1.42647, 1.45746, 1.43395, 1.41305, 1.37379, 1.41053, 1.45117, 1.50789, 1.45019, 1.44668, 1.41368, 1.40756, 1.44081, 1.45998, 1.48182, 1.49652, 1.52034, 1.53632, 1.54319, 1.55024, 1.55323, 1.55467, 1.58111, 1.5935, 1.60623, 1.61508, 1.63535, 1.65396, 1.67107, 1.68555, 1.69345, 1.72561, 1.74595, 1.76301, 1.782, 1.78375, 1.7822, 1.77993, 1.77655, 1.78335, 1.80244, 1.83076, 1.83986, 1.84222, 1.84696, 1.86371, 1.87029, 1.86909, 1.88217, 1.88491, 1.8749, 1.86816, 1.85626, 1.84488, 1.84083, 1.84609, 1.85527, 1.87592, 1.88697, 1.89729, 1.89318, 1.89612, 1.87776, 1.87676, 1.87717, 1.91556, 1.97006, 2.02501, 2.05126, 2.06176, 2.08827, 2.06845, 2.07074, 2.07993, 2.09599, 2.11788, 2.16505, 2.21526, 2.24019, 2.23598, 2.2165, 2.20828, 2.21765, 2.22942, 2.27744, 2.28097, 2.28132, 2.28099, 2.2779, 2.2529, 2.23283, 2.23121, 2.23233, 2.2444, 2.2381, 2.2273, 2.21786, 2.20094, 2.18806, 2.19753, 2.21346, 2.23035, 2.23707, 2.23326, 2.23217, 2.22344, 2.22103, 2.22857, 2.2459, 2.27552, 2.28645, 2.29643, 2.30682, 2.31761, 2.32911, 2.33729, 2.34541, 2.35429, 2.36357, 2.37406, 2.38846, 2.40427, 2.41304, 2.42215, 2.43646, 2.4633, 2.4784, 2.4919, 2.50563, 2.51765, 2.53167, 2.55931, 2.59543, 2.60965, 2.62419, 2.63884, 2.65408, 2.66486, 2.68199, 2.70107, 2.7193, 2.74925, 2.77338, 2.81177, 2.83745, 2.84956, 2.86932, 2.87536, 2.88618, 2.89961, 2.90721, 2.92556, 2.93637, 2.96534, 3.02812, 3.0581, 3.08909, 3.12099, 3.13286, 3.14459, 3.16066, 3.178, 3.19258, 3.20047, 3.21164]"
GP,77471,300,1,10,1,1285.226,0.65837,1.78932,0.73978,0,0,0.24659,0.43428,0.46154,0,0,0.15385,0.13846,0.36712,0.676,1.17844,1.505,2.55602,0.36712,0.61707,1.05059,1.30172,2.002,157.81605,387.12381,1.30E+11,1.08E+11,8.66E+10,"[0.59975, 0.74724, 0.88332, 1.01489, 1.15055, 1.29956, 1.47284, 1.68462, 1.95421, 2.30734, 2.77521, 3.38698, 4.15092, 5.02523, 5.90061, 6.63458, 7.13746, 7.42271, 7.56374, 7.62858]","[-0.08041, -0.06506, -0.0498, -0.03797, -0.02627, -0.014, -0.00164, 0.01102, 0.02305, 0.03538, 0.04682, 0.05643, 0.0661, 0.07585, 0.08531, 0.09521, 0.10579, 0.11721, 0.1301, 0.14366, 0.15596, 0.16836, 0.18058, 0.19486, 0.20829, 0.22252, 0.23802, 0.25215, 0.26451, 0.27693, 0.28924, 0.29955, 0.30944, 0.31994, 0.32931, 0.33842, 0.34709, 0.35686, 0.36683, 0.37739, 0.38772, 0.39771, 0.40719, 0.41665, 0.42786, 0.44024, 0.45513, 0.47035, 0.48528, 0.50044, 0.51516, 0.5303, 0.54513, 0.56001, 0.5742, 0.58868, 0.60426, 0.61882, 0.63346, 0.64843, 0.66374, 0.68053, 0.69891, 0.71601, 0.73273, 0.74783, 0.76283, 0.77764, 0.79278, 0.80658, 0.8202, 0.83298, 0.84571, 0.85926, 0.87382, 0.88758, 0.90066, 0.91225, 0.92311, 0.93094, 0.93778, 0.94379, 0.94934, 0.95492, 0.96015, 0.96492, 0.9689, 0.97194, 0.97506, 0.97827, 0.98128, 0.9849, 0.98867, 0.99354, 0.99951, 1.00753, 1.01731, 1.02678, 1.03538, 1.04432, 1.055, 1.06815, 1.0836, 1.09907, 1.11368, 1.12849, 1.14313, 1.15891, 1.17402, 1.18766, 1.19979, 1.2112, 1.22354, 1.23578, 1.24816, 1.26101, 1.27222, 1.28302, 1.29364, 1.30455, 1.31707, 1.33111, 1.34577, 1.36139, 1.37645, 1.39036, 1.40444, 1.41971, 1.43477, 1.44915, 1.4626, 1.47384, 1.48436, 1.4932, 1.50123, 1.50771, 1.51403, 1.51963, 1.5249, 1.52903, 1.53283, 1.53607, 1.5384, 1.53985, 1.54025, 1.54007, 1.53933, 1.53856, 1.53779, 1.5368, 1.53581, 1.53481, 1.534, 1.5331, 1.53208, 1.53105, 1.52999, 1.52892, 1.52814, 1.52723, 1.52619, 1.52507, 1.5241, 1.5231, 1.52205, 1.52095, 1.51984, 1.51892, 1.51776, 1.51659, 1.51548, 1.51424, 1.51302, 1.51184, 1.51075, 1.50972, 1.50883, 1.50792, 1.5068, 1.5056, 1.50449, 1.50354, 1.50246, 1.50127, 1.50028, 1.49914, 1.49781, 1.49659, 1.49528, 1.49401, 1.49286, 1.49186, 1.49087, 1.48998, 1.48895, 1.48789, 1.4867, 1.48571, 1.48467, 1.48396, 1.48328, 1.48275, 1.4824, 1.48217, 1.48198, 1.4816, 1.48133, 1.48098, 1.48064, 1.48023, 1.47978, 1.47918, 1.47868, 1.47823, 1.4776, 1.47681, 1.47595, 1.47519, 1.47452, 1.4738, 1.47312, 1.47215, 1.47109, 1.4701, 1.46917, 1.46814, 1.46714, 1.46627, 1.46527, 1.4642, 1.46281, 1.4613, 1.4599, 1.45849, 1.45731, 1.45636, 1.45529, 1.4541, 1.45271, 1.45118, 1.44982, 1.44842, 1.44718, 1.44597, 1.44477, 1.44356, 1.44193, 1.4402, 1.4385, 1.43683, 1.4352, 1.43345, 1.4317, 1.43011, 1.42854, 1.42702, 1.42563, 1.42418, 1.42256, 1.42105, 1.41977, 1.41857, 1.4171, 1.41558, 1.4141, 1.41262, 1.4113, 1.41018, 1.40894, 1.40738, 1.40584, 1.40432, 1.40283, 1.40134, 1.40004, 1.39879, 1.3975, 1.3963, 1.39512, 1.39403, 1.39293, 1.39178, 1.39061, 1.3894, 1.38819, 1.38701, 1.38582, 1.38472, 1.38357, 1.38258, 1.3816, 1.38012, 1.37862, 1.37712, 1.37549, 1.37395, 1.37259, 1.37122, 1.36979, 1.36833]"
ARIMA,77471,300,1,10,1,22.543,,,,,,,,,,,,,0.32229,0.34148,0.34903,0.32078,0.32951,0.32229,0.32764,0.33045,0.28899,0.30361,138.54193,200.76374,5.78E+10,4.82E+10,3.86E+10,"[0.55491, 0.63828, 0.64048, 0.57554, 0.53936, 0.57836, 0.63244, 0.6269, 0.57506, 0.55162, 0.58556, 0.62533, 0.6165, 0.57577, 0.5614, 0.59028, 0.61909, 0.60882, 0.57719, 0.56911]",
RandomWalk,77471,300,1,10,1,1.136,,,,,,,,,,,,,0.20994,0.21941,0.22537,0.20856,0.21123,0.20994,0.18271,0.18284,0.16589,0.17673,90.24664,130.94855,4.43E+10,3.69E+10,2.95E+10,"[0.44257, 0.44257, 0.44257, 0.44257, 0.44257, 0.44257, 0.44257, 0.44257, 0.44257, 0.44257, 0.44257, 0.44257, 0.44257, 0.44257, 0.44257, 0.44257, 0.44257, 0.44257, 0.44257, 0.44257]",
LSTM,77471,300,1,10,1,127.868,,,,,,,,,,,,,0.11922,0.17526,0.19436,0.18074,0.19203,0.11922,0.14874,0.15527,0.14293,0.16036,51.2477,105.2947,4.06E+10,3.38E+10,2.71E+10,"[0.35184, 0.34946, 0.37458, 0.38451, 0.39637, 0.4058, 0.41436, 0.42246, 0.43008, 0.43436, 0.44014, 0.44496, 0.44901, 0.45273, 0.45601, 0.45895, 0.46157, 0.46391, 0.46601, 0.46789]",
Alg_c,77471,300,1,10,1,0,1.78932,1.78932,0.88319,0.44444,0.53333,0.62032,0.73609,0.69955,0.2069,0.55844,0.4883,0.54073,,,,,,,,,,,,,,,,,"[0.0, 0.03841, 0.0, 0.01153, 0.24093, 0.16053, 0.0, 0.31947, 0.0, 0.17619, 0.01205, 0.26265, 0.14659, 0.15145, 0.2546, 0.0, 0.17199, 0.3206, 0.15845, 0.23966, 0.31711, 0.233, 0.13775, 0.27088, 0.20091, 0.11363, 0.22735, 0.36395, 0.04739, 0.11095, 0.61439, 0.16818, 0.49902, 0.48076, 0.28186, 0.3033, 0.64945, 0.28561, 0.61816, 0.44472, 0.46747, 0.16421, 0.33413, 0.81233, 0.14975, 0.47671, 0.26183, 0.2984, 0.44134, 0.59339, 0.62554, 0.60123, 0.88759, 0.55744, 0.69609, 0.48911, 0.42786, 0.42378, 0.73907, 0.87602, 0.37023, 0.34499, 0.65907, 0.55069, 0.46391, 0.71855, 0.73238, 0.67479, 0.8321, 0.74944, 0.83836, 0.73784, 0.67054, 0.50805, 0.49819, 0.89084, 0.61078, 0.80627, 0.67435, 0.92103, 0.75512, 0.62095, 1.0213, 0.77326, 0.94172, 0.74162, 0.81919, 1.08147, 0.96098, 0.27723, 1.3349, 0.70496, 1.48096, 0.62868, 0.83036, 0.62246, 1.09198, 1.19272, 0.92577, 0.91259, 1.28906, 0.97689, 1.18437, 1.21427, 0.74825, 1.09728, 0.90108, 0.98139, 1.18547, 1.08822, 1.25276, 0.71489, 1.13131, 0.92204, 1.04382, 1.32847, 1.36779, 1.08761, 1.38753, 1.19932, 1.45282, 1.07073, 1.11373, 1.61362, 1.13596, 1.3516, 1.07864, 1.2626, 1.50444, 1.34758, 0.92224, 1.27765, 1.49314, 1.43065, 1.17392, 1.49099, 1.59631, 1.36429, 1.55395, 1.10839, 1.49354, 1.24258, 2.10558, 0.81069, 1.8858, 0.72037, 0.54322, 1.91726, 1.02799, 2.02069, 0.48286, 1.7558, 1.8459, 1.31657, 1.7864, 2.14814, 0.0, 2.10503, 1.40595, 2.09309, 0.0, 1.84154, 1.69243, 1.70927, 2.63321, 0.0, 2.18121, 2.04606, 0.83246, 2.94028, 1.55432, 1.68609, 2.13582, 0.94876, 1.27323, 1.46276, 2.46159, 2.4894, 1.45284, 0.52735, 2.24453, 2.91283, 0.0, 2.27589, 3.35713, 0.0, 2.58853, 1.65999, 0.47857, 1.23971, 1.91477, 1.1602, 2.2567, 1.55584, 2.95256, 0.0, 3.00652, 0.0, 2.19804, 1.06112, 1.9021, 1.93088, 2.28761, 2.17651, 1.58113, 2.68418, 1.60277, 2.09202, 2.03269, 2.15215, 1.67999, 2.15447, 2.42667, 2.60268, 2.63195, 1.76032, 1.86484, 2.39797, 1.08582, 3.03767, 2.05815, 2.25195, 2.24556, 2.9861, 1.69676, 1.18582, 2.28291, 1.40138, 3.05689, 4.98031, 0.0, 3.98535, 0.0, 0.0, 2.14037, 2.06822, 2.77922, 5.96746, 0.0, 3.60112, 0.0, 1.2938, 1.39873, 1.03314, 3.33142, 28.67217, 0.0, 3.82898, 0.0, 5.62415, NaN, NaN, 2.66985, 1.7074, 0.0, 1.96391, 4.79776, 0.0, 0.0, 1.26836, 3.06697, 3.31039, 1.01149, 3.73959, 0.837, 0.0, 2.14008, 4.45963, NaN, 2.75613, 1.76857, 4.76609, 0.0, 2.65742, 2.98856, 1.01473, 3.15453, 1.8361, 3.14464, 3.36065, 2.01231, 3.53483, 2.10691, 2.72548, 3.31834, 1.53917, 3.41959, 0.0, 2.0435, 3.86932, NaN, 2.44456, 5.70664, NaN, 0.0, 2.98569, 3.4314, 6.49524, 0.0]"
UDE-NN,52212,300,1,10,1,190.275,0.15864,0.53832,0.97361,0.85542,0.79452,0.87452,0.91569,0.7489,0.659,0,0.4693,0.68839,0.28135,0.26155,0.25563,0.31969,0.34122,0.28135,0.25295,0.24627,0.28765,0.3027,429.31069,6.43E+10,3.21E+10,2.68E+10,2.14E+10,"[0.34688, 0.32511, 0.31995, 0.31985, 0.32149, 0.32372, 0.32607, 0.32839, 0.33061, 0.33272, 0.33471, 0.33657, 0.33832, 0.33995, 0.34148, 0.34289, 0.34421, 0.34542, 0.34654, 0.34757]","[-0.28597, -0.11905, -0.23566, -0.16443, -0.17246, -0.13787, 0.02557, 0.13978, 0.14918, 0.26056, 0.24384, 0.10027, 0.12284, 0.05346, 0.02485, -0.03017, -0.09341, -0.23156, -0.00378, 0.10822, 0.27731, 0.21851, 0.20426, 0.27488, 0.28585, 0.24184, 0.37393, 0.32254, 0.23621, 0.25778, 0.14294, 0.08768, 0.13848, 0.17317, 0.31041, 0.44618, 0.50728, 0.52698, 0.45206, 0.39544, 0.27167, 0.41055, 0.54808, 0.52307, 0.35706, 0.4906, 0.38315, 0.50068, 0.64774, 0.57532, 0.59181, 0.64649, 0.60818, 0.44666, 0.35109, 0.40576, 0.53152, 0.6215, 0.60395, 0.5009, 0.49013, 0.60235, 0.63876, 0.58577, 0.66352, 0.70007, 0.69449, 0.57609, 0.63042, 0.67028, 0.72587, 0.80954, 0.80654, 0.68362, 0.66669, 0.66699, 0.80374, 0.73895, 0.58937, 0.60042, 0.56005, 0.69301, 0.78596, 0.81423, 0.78116, 0.78022, 0.79543, 0.82693, 0.78108, 0.90648, 0.81999, 0.663, 0.71725, 0.71727, 0.79793, 0.88767, 0.85279, 0.87763, 0.92649, 0.85854, 0.80689, 0.85254, 0.77969, 0.8845, 0.88532, 1.05719, 1.08201, 1.11494, 1.11018, 1.17384, 1.17977, 1.23144, 1.22265, 1.03517, 1.04731, 1.19737, 1.29085, 1.32037, 1.20536, 1.23473, 1.20919, 1.29357, 1.44214, 1.44528, 1.44151, 1.45077, 1.37298, 1.27525, 1.26197, 1.31236, 1.14119, 1.11942, 1.2159, 1.25428, 1.34553, 1.35089, 1.38195, 1.43189, 1.46795, 1.61047, 1.69569, 1.46474, 1.51015, 1.51546, 1.41177, 1.59716, 1.6524, 1.71921, 1.70621, 1.6021, 1.59786, 1.48804, 1.36213, 1.46894, 1.50923, 1.4999, 1.50887, 1.47684, 1.43932, 1.47354, 1.48051, 1.34942, 1.44027, 1.57524, 1.71346, 1.56472, 1.54962, 1.39709, 1.29516, 1.05681, 1.24647, 1.26608, 1.25482, 1.42737, 1.54316, 1.76486, 1.88912, 2.0244, 2.14021, 2.08542, 1.90416, 1.83002, 1.78222, 1.60977, 1.55011, 1.64837, 1.67372, 1.8485, 1.86052, 1.77478, 1.93307, 1.95293, 1.8953, 1.9446, 1.85208, 1.86871, 1.9956, 2.09209, 2.18787, 2.13465, 2.13174, 2.1041, 2.11716, 2.32556, 2.32726, 2.28311, 2.17268, 2.09682, 2.12581, 2.04549, 2.09138, 2.06855, 2.15059, 2.02669, 1.99132, 2.08309, 2.14548, 2.275, 2.21099, 2.28863, 2.23312, 2.07058, 2.17894, 2.22083, 2.12843, 2.24009, 2.39072, 2.35169, 2.37853, 2.35328, 2.33708, 2.23205, 2.33482, 2.37152, 2.39562, 2.37951, 2.38875, 2.43864, 2.35096, 2.31737, 2.34554, 2.52064, 2.58092, 2.59774, 2.49552, 2.34407, 2.3841, 2.48993, 2.58124, 2.41692, 2.49074, 2.66318, 2.55231, 2.5615, 2.61407, 2.48075, 2.47212, 2.59049, 2.59477, 2.62645, 2.5542, 2.56903, 2.65575, 2.51513, 2.50373, 2.60443, 2.65307, 2.62434, 2.6046, 2.6557, 2.64936, 2.47617, 2.61396, 2.704, 2.7082, 2.6725, 2.69268, 2.78802, 2.95788, 2.97829, 2.87415, 2.74661, 2.6904, 2.70146, 2.70391, 2.64348, 2.62646, 2.62329, 2.64839, 2.64457, 2.63236, 2.62575, 2.60118, 2.57766, 2.55189, 2.52912, 2.50258, 2.48308, 2.47734, 2.48642]"
GP,52212,300,1,10,1,1239.692,0.21963,0.53832,0.97093,0.76344,0.21739,0.65059,0.80602,0.7265,0.75445,0,0.49365,0.74531,0.44135,0.37773,0.46467,0.49155,0.5521,0.44135,0.32304,0.39074,0.39964,0.45476,673.46839,1.14E+11,5.71E+10,4.75E+10,3.80E+10,"[0.50689, 0.50476, 0.51827, 0.54102, 0.57055, 0.60607, 0.64776, 0.6965, 0.75383, 0.82214, 0.90496, 1.00755, 1.13785, 1.30796, 1.53629, 1.85, 2.28614, 2.88642, 3.67742, 4.63177]","[-0.20549, -0.18839, -0.17031, -0.15164, -0.13275, -0.1144, -0.09602, -0.07714, -0.05822, -0.03941, -0.02134, -0.0028, 0.01605, 0.0348, 0.05372, 0.07256, 0.09085, 0.10865, 0.12757, 0.14581, 0.16463, 0.18142, 0.19983, 0.21822, 0.23666, 0.25533, 0.27418, 0.29258, 0.31135, 0.3287, 0.34646, 0.36537, 0.38419, 0.40283, 0.42126, 0.43955, 0.45659, 0.47237, 0.48791, 0.50216, 0.51365, 0.52571, 0.54171, 0.55615, 0.57066, 0.58451, 0.60035, 0.60953, 0.62334, 0.63303, 0.63707, 0.6434, 0.64925, 0.65547, 0.66171, 0.66936, 0.67737, 0.67715, 0.67306, 0.67105, 0.67148, 0.67593, 0.68393, 0.69343, 0.70321, 0.71075, 0.71295, 0.71149, 0.70775, 0.70453, 0.69804, 0.68447, 0.66727, 0.6468, 0.62683, 0.60917, 0.595, 0.58812, 0.58394, 0.57941, 0.57854, 0.57631, 0.57768, 0.58347, 0.59076, 0.60158, 0.61703, 0.63251, 0.64753, 0.66323, 0.67953, 0.69385, 0.71121, 0.72966, 0.74749, 0.76588, 0.78406, 0.79905, 0.81356, 0.83017, 0.84807, 0.86689, 0.88574, 0.90463, 0.92309, 0.94067, 0.9593, 0.97637, 0.99448, 1.01269, 1.03052, 1.04689, 1.06417, 1.08128, 1.0955, 1.10972, 1.12257, 1.13475, 1.1497, 1.16399, 1.18183, 1.19913, 1.21802, 1.23688, 1.25547, 1.27441, 1.29304, 1.31156, 1.32996, 1.34889, 1.36716, 1.38593, 1.40212, 1.42072, 1.43928, 1.4582, 1.47703, 1.49575, 1.51456, 1.53295, 1.54926, 1.56231, 1.57574, 1.5814, 1.58262, 1.58779, 1.59714, 1.60193, 1.60363, 1.60032, 1.60457, 1.597, 1.60066, 1.60554, 1.60979, 1.61372, 1.60801, 1.60375, 1.58886, 1.58336, 1.56261, 1.56586, 1.54847, 1.54579, 1.53002, 1.52969, 1.51677, 1.52118, 1.51939, 1.52819, 1.53685, 1.54344, 1.55374, 1.56726, 1.57268, 1.58488, 1.59663, 1.61023, 1.62717, 1.6438, 1.66208, 1.68086, 1.69864, 1.71745, 1.73629, 1.75378, 1.77032, 1.7892, 1.80806, 1.82654, 1.8433, 1.85779, 1.87047, 1.88018, 1.88599, 1.89502, 1.91094, 1.92966, 1.9484, 1.96713, 1.98407, 2.00051, 2.01721, 2.03476, 2.05298, 2.07192, 2.08936, 2.1054, 2.12372, 2.14115, 2.15862, 2.17723, 2.19243, 2.2082, 2.22405, 2.24079, 2.25903, 2.27522, 2.29383, 2.31232, 2.33118, 2.34991, 2.36872, 2.38763, 2.40645, 2.4216, 2.43435, 2.44297, 2.44679, 2.45015, 2.45248, 2.45143, 2.45142, 2.45185, 2.45303, 2.45594, 2.45476, 2.4523, 2.44784, 2.44161, 2.43946, 2.44024, 2.44181, 2.44216, 2.44022, 2.43801, 2.43681, 2.43893, 2.44684, 2.45764, 2.46477, 2.47175, 2.47626, 2.47667, 2.47837, 2.47823, 2.47849, 2.47965, 2.48423, 2.49059, 2.49747, 2.50075, 2.50448, 2.50609, 2.50572, 2.5086, 2.51251, 2.51864, 2.52186, 2.5242, 2.53292, 2.54241, 2.55389, 2.56758, 2.58011, 2.59009, 2.5968, 2.60121, 2.60658, 2.60891, 2.60517, 2.59196, 2.57217, 2.55042, 2.52444, 2.49365, 2.45754, 2.41527, 2.36814, 2.31743, 2.26359, 2.20905, 2.15587, 2.10083, 2.04653, 1.99198, 1.93854, 1.88435, 1.83294, 1.78173]"
ARIMA,52212,300,1,10,1,21.206,,,,,,,,,,,,,0.57739,0.40303,0.37606,0.39836,0.38282,0.57739,0.3416,0.31475,0.3447,0.33726,881.05025,1.02E+11,5.08E+10,4.23E+10,3.39E+10,"[0.64293, 0.52124, 0.43745, 0.43783, 0.50804, 0.54953, 0.53055, 0.48827, 0.47366, 0.49309, 0.51623, 0.51813, 0.50335, 0.4922, 0.49503, 0.50464, 0.50908, 0.50537, 0.49982, 0.4987]",
RandomWalk,52212,300,1,10,1,1.163,,,,,,,,,,,,,0.47646,0.38545,0.38124,0.40253,0.38368,0.47646,0.32725,0.32277,0.35155,0.34035,727.04027,1.08E+11,5.42E+10,4.52E+10,3.61E+10,"[0.542, 0.542, 0.542, 0.542, 0.542, 0.542, 0.542, 0.542, 0.542, 0.542, 0.542, 0.542, 0.542, 0.542, 0.542, 0.542, 0.542, 0.542, 0.542, 0.542]",
LSTM,52212,300,1,10,1,329.911,,,,,,,,,,,,,1.83783,2.73544,3.59275,3.87574,4.41411,1.83783,2.66451,3.45592,3.7214,4.1944,2804.37446,7.38E+11,3.69E+11,3.07E+11,2.46E+11,"[1.90337, 2.56664, 2.99346, 3.38348, 3.68761, 3.96392, 4.21243, 4.47193, 4.75277, 5.06968, 5.4069, 5.77169, 6.19395, 6.70018, 7.32141, 8.03751, 8.70729, 9.03834, 8.84534, 8.4929]",
Alg_c,52212,300,1,10,1,0,0.53832,0.53832,0.91071,0.63576,0.59155,0.71268,0.79069,0.7193,0.58921,0,0.43617,0.63154,,,,,,,,,,,,,,,,,"[0.0, 0.4426, 0.0, 0.0, 0.0, 0.0, 0.11316, 0.32559, 0.0, 0.51334, 0.4626, 0.0, 0.26455, 0.0, 0.07271, 0.0, 0.02822, 0.0, 0.102, 0.0925, 0.74129, 0.15256, 0.03029, 0.39311, 0.41968, 0.0, 0.71323, 0.36835, 0.06955, 0.50298, 0.00595, 0.0, 0.15028, 0.0, 0.29981, 0.5936, 0.57298, 0.71902, 0.38551, 0.63358, 0.0, 0.38476, 0.86232, 0.85582, 0.0, 1.05455, 0.0, 0.40486, 1.15935, 0.26566, 0.49994, 0.82066, 0.87457, 0.29285, 0.053, 0.25751, 0.56871, 0.8173, 0.80637, 0.28072, 0.21908, 0.78771, 0.83931, 0.27456, 0.76406, 0.71868, 1.04371, 0.06985, 0.75654, 0.64538, 0.59064, 0.95647, 1.22616, 0.21653, 0.86481, 0.07542, 1.40933, 0.93491, 0.07387, 0.91639, 0.06042, 0.8685, 0.88355, 0.93991, 0.67924, 0.75518, 0.74597, 1.02479, 0.3873, 1.32936, 0.92209, 0.21827, 0.82093, 0.5474, 0.78918, 1.1525, 0.7113, 0.81797, 1.17865, 0.80071, 0.61208, 1.06645, 0.43516, 1.10961, 0.52846, 1.342, 1.03103, 1.19514, 0.96736, 1.30338, 1.06254, 1.35083, 1.63213, 0.59149, 0.77775, 1.3266, 1.37345, 1.6712, 0.81247, 1.38572, 0.96368, 1.17017, 1.73608, 1.48229, 1.4112, 1.62772, 1.4194, 1.10319, 1.1819, 1.75949, 0.77767, 0.79726, 1.30508, 1.16737, 1.5166, 1.28605, 1.33536, 1.45628, 1.26334, 1.8221, 2.32015, 0.9861, 1.52366, 1.62055, 0.82583, 1.74581, 1.74419, 1.97508, 1.96293, 1.51947, 1.8179, 1.44806, 0.85379, 1.50521, 1.64162, 1.5203, 1.60456, 1.48796, 1.30084, 1.54, 1.54232, 0.74741, 1.18006, 1.67523, 2.23173, 1.52174, 1.74991, 1.44576, 1.34389, 0.24986, 1.38707, 1.37443, 0.91682, 1.39219, 1.37825, 1.92806, 1.90926, 2.105, 2.5143, 2.36379, 1.67409, 1.75675, 2.03866, 1.34541, 1.2315, 1.73396, 1.3989, 2.15724, 2.08239, 1.22202, 2.26176, 2.11429, 1.52923, 2.45824, 1.50574, 1.6679, 2.06524, 2.09037, 2.50292, 1.98472, 2.21131, 2.05521, 1.65789, 2.81702, 2.42066, 2.42674, 2.0752, 1.86146, 2.41087, 1.74974, 2.2573, 1.75318, 2.65095, 1.80465, 1.7463, 2.17277, 1.96248, 2.70261, 1.87206, 2.55361, 2.45589, 1.50897, 2.3219, 2.54797, 1.67841, 2.12503, 2.88308, 2.01422, 2.56263, 2.21856, 2.75494, 1.54845, 2.66502, 2.32528, 2.50722, 2.31132, 2.17405, 2.92849, 2.08195, 2.30124, 1.91203, 2.89603, 2.50109, 2.85638, 2.70351, 1.79744, 2.35705, 2.45254, 3.29743, 1.72162, 2.20033, 3.52913, 1.99255, 2.37093, 3.28358, 2.0802, 2.13319, 3.0058, 2.38572, 2.95665, 2.2921, 2.26679, 3.43585, 2.00134, 2.26506, 2.78171, 2.8182, 2.61036, 2.36508, 2.72906, 3.2006, 1.61878, 2.79596, 2.85635, 2.79019, 2.56774, 2.58403, 2.54675, 3.29072, 3.17618, 2.91162, 2.52081, 2.51031, 2.73306, 3.05992, 2.33521, 2.65057, 2.34243, 3.22292, 7.2447, 0.0, 4.13896, NaN, 4.6835, 0.0, 4.61057, NaN, 1.93086, 1.59272]"
UDE-NN,91809,300,1,10,1,191.056,0.17115,0.46936,0.95833,0.83436,0.82192,0.87154,0.9041,0.71605,0,0,0.23868,0.71605,0.16158,0.97535,2.16811,3.64934,4.48272,0.16158,0.88078,1.62862,2.60367,3.45328,1.38162,7.20418,12.41083,17.54751,22.45858,"[11.53332, 11.39151, 11.21244, 11.03353, 10.85769, 10.68507, 10.51553, 10.34891, 10.18506, 10.02381, 9.86499, 9.70845, 9.55401, 9.40151, 9.25077, 9.10161, 8.95387, 8.80734, 8.66182, 8.51712]","[-0.2846, -0.31695, -0.33509, -0.11264, -0.06945, -0.11214, -0.19891, -0.09846, -0.11177, 0.06605, 0.03627, 0.02006, -0.08543, -0.04522, 0.04763, 0.31334, 0.41904, 0.10855, -0.1281, -0.26194, -0.20748, 0.06393, 0.15777, 0.25636, 0.31629, 0.14069, 0.17109, 0.20458, 0.14362, 0.19308, 0.33673, 0.236, 0.22339, 0.40021, 0.3732, 0.42934, 0.43859, 0.62491, 0.80697, 0.63907, 0.47526, 0.57194, 0.52043, 0.50323, 0.43444, 0.08027, 0.20704, 0.34026, 0.56486, 0.63499, 0.83773, 0.85034, 0.67969, 0.53573, 0.58265, 0.39869, 0.4795, 0.58968, 0.53536, 0.54261, 0.44394, 0.42747, 0.63916, 0.71145, 0.86846, 0.94691, 0.97973, 0.83886, 0.84059, 0.71367, 0.85443, 0.69898, 0.64786, 0.81133, 0.77766, 0.80379, 0.86485, 0.87816, 0.9397, 1.07375, 1.0748, 0.89675, 0.89436, 0.8265, 0.86997, 0.71823, 0.7914, 0.86903, 0.69041, 0.7724, 0.76911, 0.67191, 0.89885, 0.79949, 0.81563, 0.82562, 0.88713, 1.17588, 1.29009, 1.29433, 1.12614, 0.90511, 0.99197, 1.10008, 1.13992, 1.19024, 1.09598, 1.22908, 1.06631, 0.97802, 0.87225, 0.88758, 0.9077, 0.961, 1.11863, 1.23715, 1.18915, 1.2248, 1.02241, 1.15753, 1.11987, 1.22574, 1.22902, 1.0799, 1.04838, 1.01135, 1.12791, 1.27205, 1.30866, 1.127, 1.11129, 1.29254, 1.49174, 1.46582, 1.42396, 1.20423, 1.19046, 1.13678, 1.15221, 1.20968, 1.45583, 1.5634, 1.56475, 1.53636, 1.45221, 1.36001, 1.43136, 1.40705, 1.44255, 1.65695, 1.60961, 1.53771, 1.6027, 1.7359, 1.71658, 1.59774, 1.63086, 1.75772, 1.49113, 1.38062, 1.32924, 1.40097, 1.62964, 1.54206, 1.51114, 1.51448, 1.63303, 1.7175, 1.86578, 1.92657, 1.94305, 1.76627, 1.6396, 1.72515, 1.84116, 1.77089, 1.73925, 1.49146, 1.35858, 1.37976, 1.66849, 1.7783, 1.70146, 1.70022, 1.6254, 1.62843, 1.64053, 1.98749, 2.21586, 2.23371, 1.99984, 1.92849, 2.09708, 1.91603, 1.83319, 1.65239, 1.82946, 2.01033, 2.17384, 2.20098, 2.07098, 2.05759, 1.84899, 1.68466, 1.95665, 2.21468, 2.07013, 2.01166, 2.16923, 2.26088, 2.24888, 2.26196, 2.24427, 2.25184, 2.3311, 2.33041, 2.09906, 2.24413, 2.29819, 2.34182, 2.45092, 2.5872, 2.31701, 2.21731, 2.18503, 1.99986, 1.94385, 2.03708, 2.32865, 2.36878, 2.4804, 2.53051, 2.33552, 2.19899, 2.37427, 2.4594, 2.3519, 2.11735, 2.15374, 2.13018, 2.13132, 2.1822, 2.33484, 2.34738, 2.51678, 2.43371, 2.45115, 2.33506, 2.31503, 2.30945, 2.2809, 2.16097, 2.29201, 2.41343, 2.42012, 2.57733, 2.46694, 2.66897, 2.73682, 2.74235, 2.67605, 2.48435, 2.58811, 2.81406, 2.88665, 2.91007, 2.81942, 2.72971, 2.81008, 2.7046, 2.72214, 2.54223, 2.52748, 2.53052, 2.63167, 2.59258, 2.4896, 2.56119, 2.6777, 2.85202, 2.78498, 2.75951, 2.77559, 2.75306, 2.43271, 2.52149, 2.51823, 2.75282, 2.71552, 2.80306, 2.96257, 3.05136, 3.25217, 3.09881, 2.812, 2.62996, 2.69935, 2.85911, 3.02025, 3.03129]"
GP,91809,300,1,10,1,1276.981,0.06222,0.46936,0.98072,0.89024,0.84507,0.90534,0.93791,0.71921,0,0,0.23974,0.71921,0.00906,0.82266,2.04171,3.50869,4.31428,0.00906,0.71137,1.51944,2.4745,3.29972,0.07747,5.80122,11.63383,16.67873,21.45433,"[11.68583, 11.55716, 11.38287, 11.20968, 11.03996, 10.87373, 10.71085, 10.55117, 10.39456, 10.24086, 10.08995, 9.94167, 9.7959, 9.6525, 9.51133, 9.37225, 9.23512, 9.09982, 8.9662, 8.83412]","[0.03044, 0.03997, 0.04949, 0.05901, 0.06854, 0.07806, 0.08758, 0.09711, 0.10663, 0.11615, 0.12568, 0.1352, 0.14472, 0.15425, 0.16377, 0.1733, 0.18282, 0.19234, 0.20187, 0.21139, 0.22091, 0.23044, 0.23996, 0.24949, 0.25901, 0.26853, 0.27806, 0.28758, 0.29711, 0.30663, 0.31616, 0.32568, 0.3352, 0.34473, 0.35425, 0.36378, 0.3733, 0.38283, 0.39235, 0.40188, 0.4114, 0.42092, 0.43045, 0.43997, 0.4495, 0.45902, 0.46855, 0.47807, 0.4876, 0.49712, 0.50665, 0.51617, 0.52569, 0.53522, 0.54474, 0.55427, 0.56379, 0.57332, 0.58284, 0.59237, 0.60189, 0.61142, 0.62094, 0.63047, 0.63999, 0.64952, 0.65904, 0.66857, 0.67809, 0.68762, 0.69714, 0.70667, 0.71619, 0.72572, 0.73524, 0.74477, 0.75429, 0.76382, 0.77334, 0.78287, 0.79239, 0.80192, 0.81144, 0.82097, 0.83049, 0.84001, 0.84954, 0.85906, 0.86859, 0.87811, 0.88764, 0.89716, 0.90669, 0.91621, 0.92574, 0.93526, 0.94479, 0.95431, 0.96384, 0.97336, 0.98289, 0.99241, 1.00194, 1.01146, 1.02098, 1.03051, 1.04003, 1.04956, 1.05908, 1.06861, 1.07813, 1.08766, 1.09718, 1.1067, 1.11623, 1.12575, 1.13528, 1.1448, 1.15433, 1.16385, 1.17337, 1.1829, 1.19242, 1.20195, 1.21147, 1.22099, 1.23052, 1.24004, 1.24957, 1.25909, 1.26861, 1.27814, 1.28766, 1.29719, 1.30671, 1.31623, 1.32576, 1.33528, 1.3448, 1.35433, 1.36385, 1.37338, 1.3829, 1.39242, 1.40195, 1.41147, 1.42099, 1.43052, 1.44004, 1.44956, 1.45909, 1.46861, 1.47813, 1.48766, 1.49718, 1.5067, 1.51622, 1.52575, 1.53527, 1.54479, 1.55432, 1.56384, 1.57336, 1.58288, 1.59241, 1.60193, 1.61145, 1.62097, 1.6305, 1.64002, 1.64954, 1.65906, 1.66859, 1.67811, 1.68763, 1.69715, 1.70668, 1.7162, 1.72572, 1.73524, 1.74476, 1.75429, 1.76381, 1.77333, 1.78285, 1.79238, 1.8019, 1.81142, 1.82094, 1.83046, 1.83998, 1.84951, 1.85903, 1.86855, 1.87807, 1.88759, 1.89712, 1.90664, 1.91616, 1.92568, 1.9352, 1.94472, 1.95425, 1.96377, 1.97329, 1.98281, 1.99233, 2.00185, 2.01138, 2.0209, 2.03042, 2.03994, 2.04946, 2.05898, 2.0685, 2.07803, 2.08755, 2.09707, 2.10659, 2.11611, 2.12563, 2.13515, 2.14467, 2.15419, 2.16372, 2.17324, 2.18276, 2.19228, 2.2018, 2.21132, 2.22084, 2.23036, 2.23988, 2.24941, 2.25893, 2.26845, 2.27797, 2.28749, 2.29701, 2.30653, 2.31605, 2.32557, 2.33509, 2.34462, 2.35414, 2.36366, 2.37318, 2.3827, 2.39222, 2.40174, 2.41126, 2.42079, 2.43031, 2.43983, 2.44935, 2.45887, 2.46839, 2.47792, 2.48744, 2.49696, 2.50648, 2.516, 2.52552, 2.53505, 2.54457, 2.55409, 2.56361, 2.57313, 2.58266, 2.59218, 2.6017, 2.61122, 2.62074, 2.63026, 2.63979, 2.64931, 2.65883, 2.66835, 2.67787, 2.6874, 2.69692, 2.70644, 2.71596, 2.72549, 2.73501, 2.74453, 2.75405, 2.76357, 2.7731, 2.78262, 2.79214, 2.80166, 2.81119, 2.82071, 2.83023, 2.83975, 2.84928, 2.8588, 2.86832, 2.87785]"
ARIMA,91809,300,1,10,1,22.34,,,,,,,,,,,,,0.77683,0.555,1.46802,2.37954,2.68608,0.77683,0.46836,1.12562,1.73321,2.1133,6.64249,3.95231,9.79028,12.74752,14.65712,"[12.47173, 12.46589, 12.81545, 12.62938, 12.39173, 12.70292, 12.76318, 12.42769, 12.55315, 12.81038, 12.54736, 12.44164, 12.75525, 12.68597, 12.41919, 12.63286, 12.77492, 12.48934, 12.50793, 12.77528]",
RandomWalk,91809,300,1,10,1,1.12,,,,,,,,,,,,,1.13322,0.83698,1.53814,2.30537,2.57728,1.13322,0.74164,1.21196,1.74956,2.08478,9.68989,6.24419,10.60268,13.10386,14.68553,"[12.82812, 12.82812, 12.82812, 12.82812, 12.82812, 12.82812, 12.82812, 12.82812, 12.82812, 12.82812, 12.82812, 12.82812, 12.82812, 12.82812, 12.82812, 12.82812, 12.82812, 12.82812, 12.82812, 12.82812]",
LSTM,91809,300,1,10,1,250.742,,,,,,,,,,,,,0.7842,1.1436,1.80664,2.28239,2.41647,0.7842,0.99269,1.39148,1.79552,2.00692,6.70546,8.32927,12.43789,14.032,14.72201,"[12.47909, 12.83197, 13.10968, 13.40848, 13.56659, 13.50415, 13.50424, 13.51747, 13.48156, 13.46268, 13.45733, 13.44247, 13.42112, 13.39853, 13.38425, 13.37843, 13.37623, 13.379, 13.38564, 13.39223]",
Alg_c,91809,300,1,10,1,0,0.46936,0.46936,0.88125,0.54054,0.58537,0.66905,0.7391,0.72081,0,0,0.24027,0.72081,,,,,,,,,,,,,,,,,"[0.0, 0.0, 0.0, 0.29013, 0.11452, 0.0, 0.0, 0.09658, 0.0, 0.48362, 0.0, 0.20009, 0.0, 0.0, 0.0, 0.77113, 1.37174, 0.0, 0.0, 0.0, 0.0, 0.36857, 0.24288, 0.37537, 0.74738, 0.0, 0.19991, 0.37121, 0.0, 0.05035, 0.79252, 0.09496, 0.0, 0.74121, 0.27851, 0.42678, 0.07079, 0.61824, 1.53048, 0.66393, 0.0, 0.83093, 0.5146, 0.74489, 0.90445, 0.0, 0.0, 0.19359, 0.79764, 0.44986, 1.24638, 1.26654, 0.59216, 0.18815, 0.93411, 0.0, 0.33676, 0.93526, 0.40761, 0.73259, 0.21091, 0.0, 0.89066, 0.54177, 1.0111, 0.94493, 1.36337, 0.49608, 1.14466, 0.17976, 1.44136, 0.47155, 0.21828, 1.19954, 0.67832, 0.74743, 0.95498, 0.79395, 0.80009, 1.34981, 1.48921, 0.45982, 1.09832, 0.47119, 1.44564, 0.13844, 0.71413, 1.56665, 0.0, 1.00001, 1.0662, 0.0, 1.6925, 0.39279, 0.89758, 0.84004, 0.27315, 1.64317, 1.36881, 1.60442, 1.32162, 0.12662, 1.03534, 1.27369, 1.0322, 1.58791, 0.44832, 1.94927, 0.76627, 1.04074, 0.62333, 0.88358, 0.87909, 0.72143, 1.18111, 1.61141, 0.90966, 1.72295, 0.32733, 1.56301, 0.78391, 1.40654, 1.57474, 0.74612, 1.20406, 0.64184, 1.10264, 1.44775, 1.81429, 0.75731, 0.74272, 1.18959, 2.0664, 1.20034, 1.96401, 0.67448, 1.25433, 1.00203, 1.02781, 0.83558, 1.66577, 1.73595, 1.57725, 1.64484, 1.48773, 0.99513, 1.6831, 1.28284, 1.05387, 2.20237, 1.63565, 1.24906, 1.42925, 2.05237, 1.90963, 1.26675, 1.30487, 2.66401, 1.07007, 1.32117, 1.09989, 0.99492, 2.34416, 1.42782, 1.474, 1.26944, 1.75698, 1.5624, 2.05323, 1.99885, 2.35437, 1.6307, 1.21228, 1.69405, 2.21711, 1.65605, 2.19383, 1.24569, 0.99589, 0.79714, 2.02626, 2.1451, 1.53113, 1.82859, 1.47957, 1.50318, 0.97381, 2.21203, 2.72717, 2.70516, 1.65268, 1.39108, 2.81554, 1.63555, 2.03079, 0.92725, 1.77048, 2.00426, 2.40374, 2.53183, 1.70688, 2.52053, 1.82928, 0.74435, 1.79598, 3.22365, 1.70342, 1.52678, 2.3341, 2.49394, 2.07114, 2.38524, 2.20512, 2.05973, 2.42982, 2.94313, 1.18162, 2.44015, 2.31327, 2.21062, 2.32425, 3.5385, 1.65662, 2.10144, 2.53002, 1.7391, 1.65823, 1.65889, 2.81154, 2.23923, 2.65941, 3.05778, 2.15202, 1.57668, 2.49989, 2.8731, 2.56815, 1.59704, 2.19901, 2.06901, 1.95568, 1.96664, 2.60196, 2.075, 2.96784, 2.32217, 2.71206, 2.13588, 2.28752, 2.33857, 2.55501, 1.57463, 2.34442, 2.77743, 1.85798, 3.40934, 1.47381, 3.11449, 2.80995, 2.85884, 3.02954, 1.80392, 2.33052, 3.1353, 2.89713, 3.13942, 2.87926, 2.24404, 3.39854, 2.14658, 3.34166, 2.08723, 2.5202, 2.29242, 2.93569, 2.70744, 2.13387, 2.48714, 2.63805, 3.34728, 2.67736, 2.66494, 2.82259, 3.31026, 1.65147, 2.54833, 2.16752, 3.21657, 2.48212, 2.60427, 3.06373, 2.90249, 3.94683, 3.31618, 2.56615, 2.05663, 2.39005, 2.85401, 3.32449]"
UDE-NN,49858,300,1,10,1,189.534,0.1699,0.72877,0.9621,0.76087,0.45614,0.72637,0.83593,0.74184,0.37576,0,0.37253,0.65024,0.59601,0.3064,0.2359,0.21535,0.19734,0.59601,0.20065,0.15095,0.1258,0.11421,100,8741.09311,4420.53871,386376.6522,896760.5233,"[0.0, 0.0, 0.0, 0.0, 0.0, 0.0, 0.0, 0.0, 0.0, 0.0, 0.0, 0.0, 1.0e-5, 1.0e-5, 2.0e-5, 3.0e-5, 5.0e-5, 9.0e-5, 0.00015, 0.00027]","[-0.14434, -0.16323, -0.19877, -0.19319, -0.20937, -0.16019, -0.08731, -0.07094, 0.10514, 0.06646, 0.25834, 0.16652, 0.11804, 0.19266, 0.0988, 0.05538, 0.14794, 0.20347, 0.13602, 0.15289, 0.21434, 0.26629, 0.30109, 0.2668, 0.34308, 0.3045, 0.25395, 0.15197, 0.27941, 0.29662, 0.17957, 0.26298, 0.4205, 0.49735, 0.39132, 0.43177, 0.44362, 0.48636, 0.55945, 0.59071, 0.56614, 0.42915, 0.56689, 0.57525, 0.41568, 0.24784, 0.32323, 0.2808, 0.23747, 0.38288, 0.56732, 0.61047, 0.72576, 0.62505, 0.64109, 0.64343, 0.72691, 0.84363, 0.63879, 0.66778, 0.53595, 0.52158, 0.5043, 0.52161, 0.39488, 0.34334, 0.52232, 0.63519, 0.74506, 0.74412, 0.69127, 0.589, 0.71801, 0.73485, 0.83362, 0.81841, 0.68497, 0.75119, 0.67685, 0.69428, 0.8974, 0.87232, 0.92111, 0.98334, 1.01279, 0.8392, 0.92645, 0.92549, 0.84764, 0.90616, 0.97975, 1.06882, 1.05223, 0.9273, 0.87976, 0.92437, 1.05773, 1.06935, 1.08167, 1.05847, 1.06155, 1.10769, 1.17168, 1.14989, 1.09607, 0.97813, 0.99956, 0.97204, 1.00085, 0.84147, 0.89443, 1.00419, 1.12623, 1.1788, 1.1311, 1.15676, 1.01831, 0.78746, 0.94448, 1.10663, 1.26852, 1.33525, 1.23199, 1.23673, 1.22483, 1.25766, 1.25833, 1.22349, 1.10755, 1.13257, 1.07222, 1.25579, 1.28268, 1.31164, 1.38828, 1.33238, 1.42612, 1.70215, 1.67726, 1.58621, 1.58554, 1.68351, 1.51875, 1.4279, 1.31328, 1.30832, 1.42226, 1.58169, 1.56188, 1.44682, 1.51846, 1.48648, 1.4043, 1.43725, 1.49782, 1.54552, 1.43244, 1.36062, 1.38892, 1.57264, 1.58163, 1.54245, 1.52714, 1.59916, 1.53483, 1.63534, 1.74394, 1.60187, 1.61581, 1.73339, 1.83092, 1.76608, 1.81876, 1.82063, 1.90337, 1.81926, 1.73143, 1.83182, 1.7444, 1.58234, 1.49356, 1.4323, 1.57507, 1.65479, 1.69825, 1.67572, 1.79697, 1.97093, 2.06714, 2.06767, 2.06448, 2.03314, 1.93101, 1.84231, 1.86019, 1.95863, 1.97599, 1.93959, 1.86474, 1.94441, 2.04478, 2.19833, 2.2467, 2.17239, 2.29113, 2.29608, 2.29757, 2.20324, 2.06715, 2.00049, 1.88272, 1.82008, 1.8899, 1.95207, 1.85898, 2.01609, 1.87934, 2.00315, 2.11187, 2.08411, 2.14363, 2.19939, 2.29534, 2.27985, 2.20407, 2.25872, 2.30459, 2.397, 2.41577, 2.39621, 2.40312, 2.48947, 2.47784, 2.40039, 2.37828, 2.34021, 2.24283, 2.14446, 2.22032, 2.25574, 2.23752, 2.32617, 2.30112, 2.21429, 2.29132, 2.46374, 2.3738, 2.34562, 2.38642, 2.58094, 2.66142, 2.56463, 2.5427, 2.47807, 2.3874, 2.51341, 2.53621, 2.66225, 2.66351, 2.4934, 2.38472, 2.50837, 2.58315, 2.53191, 2.63279, 2.66337, 2.76141, 2.76869, 2.73796, 2.61223, 2.67418, 2.77326, 2.78496, 2.71402, 2.72049, 2.77453, 2.61412, 2.50666, 2.47084, 2.49759, 2.48153, 2.46696, 2.46456, 2.4679, 2.46249, 2.45638, 2.45022, 2.45417, 2.44892, 2.45686, 2.44991, 2.44265, 2.45433, 2.44454, 2.45294, 2.47533, 2.49834, 2.51478, 2.52436, 2.53341]"
GP,49858,300,1,10,1,1288.471,0.36842,0.72877,0.93801,0.81988,0.44828,0.73539,0.83791,0.74652,0.25352,0,0.33335,0.62511,0.59601,0.3064,0.2359,0.21535,0.19734,0.59601,0.20065,0.15095,0.1258,0.11421,100,8741.0933,4420.5388,386378.48,896772.7006,"[0.0, 0.0, 0.0, 0.0, 0.0, 0.0, 0.0, 0.0, 0.0, 0.0, 0.0, 0.0, 1.0e-5, 1.0e-5, 2.0e-5, 3.0e-5, 5.0e-5, 9.0e-5, 0.00015, 0.00027]","[-0.05935, -0.04451, -0.03006, -0.01547, -0.00218, 0.01128, 0.02406, 0.03698, 0.05176, 0.06648, 0.08128, 0.09601, 0.11073, 0.12518, 0.13815, 0.14727, 0.15637, 0.16642, 0.17574, 0.18745, 0.19908, 0.21064, 0.22293, 0.23613, 0.25026, 0.26314, 0.27754, 0.29239, 0.30724, 0.32091, 0.33485, 0.34734, 0.35681, 0.3663, 0.37904, 0.39174, 0.40153, 0.41033, 0.41954, 0.42806, 0.43599, 0.44578, 0.45562, 0.46626, 0.47998, 0.48913, 0.50166, 0.51319, 0.52534, 0.5323, 0.54157, 0.5457, 0.55282, 0.56323, 0.57591, 0.5898, 0.6033, 0.61765, 0.63176, 0.64592, 0.65856, 0.67155, 0.68335, 0.69355, 0.70262, 0.71334, 0.72418, 0.73583, 0.74727, 0.75745, 0.76364, 0.7677, 0.77179, 0.77435, 0.77589, 0.77691, 0.77943, 0.78078, 0.78571, 0.79041, 0.79477, 0.79705, 0.80447, 0.81198, 0.82075, 0.83185, 0.84224, 0.85499, 0.86873, 0.88297, 0.89714, 0.9119, 0.92669, 0.94113, 0.95568, 0.97052, 0.98514, 0.99815, 1.01159, 1.02441, 1.03682, 1.05156, 1.06606, 1.08043, 1.09489, 1.10909, 1.12357, 1.13832, 1.15317, 1.16628, 1.17983, 1.19409, 1.20893, 1.22371, 1.23818, 1.25174, 1.26317, 1.27201, 1.28063, 1.29144, 1.30133, 1.30722, 1.30784, 1.3025, 1.2953, 1.28926, 1.28335, 1.27807, 1.27011, 1.26422, 1.26369, 1.26977, 1.28208, 1.29382, 1.30674, 1.32089, 1.33427, 1.34884, 1.36363, 1.37715, 1.39016, 1.40294, 1.41124, 1.4153, 1.41654, 1.40993, 1.40267, 1.3968, 1.38815, 1.38276, 1.37886, 1.38093, 1.38541, 1.39242, 1.40478, 1.41875, 1.4328, 1.44512, 1.45603, 1.4638, 1.4664, 1.46501, 1.46208, 1.46207, 1.46814, 1.48104, 1.49587, 1.51012, 1.52198, 1.53383, 1.5468, 1.56094, 1.57573, 1.59009, 1.60226, 1.61428, 1.62555, 1.63832, 1.65248, 1.66658, 1.6809, 1.69498, 1.70842, 1.72084, 1.73351, 1.7448, 1.75598, 1.76816, 1.78262, 1.79716, 1.81173, 1.82301, 1.83326, 1.84392, 1.85531, 1.86526, 1.87656, 1.88566, 1.89734, 1.90973, 1.91836, 1.9305, 1.94245, 1.95391, 1.96381, 1.97156, 1.98231, 1.99001, 1.99697, 2.00563, 2.01245, 2.01853, 2.02605, 2.03582, 2.04606, 2.05619, 2.06493, 2.07868, 2.09053, 2.1017, 2.11311, 2.12648, 2.14012, 2.15453, 2.16937, 2.18385, 2.19744, 2.21162, 2.22645, 2.24123, 2.25601, 2.2707, 2.2845, 2.29677, 2.30836, 2.32162, 2.3364, 2.35115, 2.36599, 2.37948, 2.39362, 2.40763, 2.42246, 2.43729, 2.45136, 2.46605, 2.48088, 2.49564, 2.51049, 2.52533, 2.54013, 2.55427, 2.56662, 2.57814, 2.59177, 2.60633, 2.62088, 2.63525, 2.6482, 2.66024, 2.67184, 2.68547, 2.70007, 2.70768, 2.70966, 2.7078, 2.7027, 2.69073, 2.67439, 2.65408, 2.63042, 2.61092, 2.59331, 2.57555, 2.55837, 2.54222, 2.52276, 2.48759, 2.44428, 2.38746, 2.31786, 2.24001, 2.16348, 2.08952, 2.01357, 1.93556, 1.85788, 1.78054, 1.70782, 1.632, 1.55919, 1.48359, 1.40846, 1.33712, 1.26301, 1.19183, 1.11937, 1.04501, 0.96914, 0.89141]"
ARIMA,49858,300,1,10,1,22.146,,,,,,,,,,,,,0.25082,0.18772,0.20221,0.20113,0.20098,0.25082,0.15801,0.18029,0.17879,0.17716,42.08351,5.82E+10,2.91E+10,5.28E+10,4.55E+10,"[0.34519, 0.12625, 0.18414, 0.29077, 0.04671, 0.37691, 0.02547, 0.33224, 0.12484, 0.19899, 0.26582, 0.07669, 0.34766, 0.04861, 0.31921, 0.12581, 0.20973, 0.24589, 0.10172, 0.3224]",
RandomWalk,49858,300,1,10,1,1.12,,,,,,,,,,,,,0.59601,0.3064,0.2359,0.21535,0.19734,0.59601,0.20065,0.15095,0.1258,0.11421,100,80,90,75,73.33333,"[0.0, 0.0, 0.0, 0.0, 0.0, 0.0, 0.0, 0.0, 0.0, 0.0, 0.0, 0.0, 0.0, 0.0, 0.0, 0.0, 0.0, 0.0, 0.0, 0.0]",
LSTM,49858,300,1,10,1,297.966,,,,,,,,,,,,,1.02533,2.85066,4.61271,5.37815,6.02894,1.02533,2.67187,4.2198,4.88202,5.52977,172.03332,6.92E+11,3.46E+11,1.65E+12,1.87E+12,"[1.62133, 2.45497, 2.89599, 3.45963, 3.93065, 4.49059, 5.1101, 5.80737, 6.57344, 7.36342, 8.01016, 8.37614, 8.45491, 8.25802, 7.85296, 7.35363, 6.88293, 6.51112, 6.2187, 5.94613]",
Alg_c,49858,300,1,10,1,0,0.72877,0.72877,0.90343,0.66667,0.59016,0.72009,0.79694,0.7439,0.25185,0,0.33192,0.63789,,,,,,,,,,,,,,,,,"[0.0, 0.0, 0.0, 0.0, 0.0, 0.0, 0.03063, 0.0, 0.56112, 0.0, 0.85812, 0.05425, 0.0, 0.53306, 0.0, 0.0, 0.23599, 0.46525, 0.0, 0.04865, 0.22802, 0.31052, 0.4522, 0.05355, 0.56151, 0.32655, 0.41036, 0.0, 0.47545, 0.56128, 0.0, 0.07782, 0.57637, 0.87924, 0.08669, 0.45308, 0.37999, 0.42672, 0.65848, 0.74613, 0.73683, 0.0, 0.71317, 0.89802, 0.47222, 0.0, 0.51699, 0.18171, 0.0, 0.3687, 0.84547, 0.56393, 1.14402, 0.40797, 0.66695, 0.4815, 0.63792, 1.53443, 0.11241, 0.97579, 0.29443, 0.51343, 0.47766, 0.80117, 0.20936, 0.0, 0.62145, 0.65007, 0.98479, 0.90731, 0.721, 0.15569, 0.80001, 0.69168, 1.12213, 0.98038, 0.31125, 0.93337, 0.45827, 0.41353, 1.31968, 0.77583, 0.87691, 1.06059, 1.3595, 0.35111, 1.07748, 1.08941, 0.56306, 0.87377, 0.92912, 1.25809, 1.27794, 0.74299, 0.72408, 0.76204, 1.30236, 1.0585, 1.14881, 1.01243, 0.9791, 1.0539, 1.35296, 1.1716, 1.27878, 0.63932, 1.11373, 0.78087, 1.51219, 0.32741, 0.84773, 0.98538, 1.24601, 1.39222, 0.88715, 1.49801, 1.34384, 0.0, 1.06447, 1.06383, 1.38467, 1.7827, 0.78681, 1.41634, 1.05652, 1.35998, 1.25449, 1.56579, 0.52535, 1.69776, 0.27975, 1.69739, 1.21938, 1.16219, 1.7581, 0.98329, 1.01754, 2.33623, 1.73115, 1.38222, 1.25643, 2.40308, 1.14327, 1.62002, 1.08573, 1.09575, 1.20413, 2.10453, 1.85752, 0.69302, 1.91135, 1.63243, 1.06564, 1.42904, 1.48744, 1.90375, 1.31154, 1.22044, 0.96595, 2.06724, 1.59657, 1.50981, 1.16547, 2.17335, 1.04962, 1.60074, 2.28052, 1.27336, 1.39034, 1.75515, 2.19725, 1.44455, 1.96648, 1.64267, 2.24758, 1.82841, 1.31506, 2.23768, 1.87991, 1.42129, 1.46567, 1.01913, 1.69144, 1.72508, 1.81824, 1.38207, 1.65374, 2.11916, 2.24733, 2.03071, 2.12536, 2.17686, 1.91046, 1.61345, 1.67082, 2.13909, 2.1033, 2.04587, 1.53187, 1.85478, 1.9298, 2.40266, 2.48684, 1.8077, 2.47547, 2.30091, 2.50387, 2.30867, 1.93999, 2.0722, 1.74089, 1.52235, 1.89707, 2.25335, 1.45528, 2.61107, 1.26333, 2.03725, 2.3805, 1.91685, 2.16305, 2.10017, 2.51344, 2.41983, 1.8953, 2.3724, 2.16396, 2.5581, 2.483, 2.3552, 2.21171, 2.70913, 2.59747, 2.28864, 2.39681, 2.46078, 2.29708, 1.74958, 2.30365, 2.36492, 1.98274, 2.58076, 2.48348, 1.84293, 2.05109, 3.08914, 2.14109, 2.2688, 2.05548, 2.77127, 3.04999, 2.25257, 2.69093, 2.60129, 1.85417, 2.86015, 2.20599, 2.90148, 3.04829, 2.33747, 1.86257, 2.56089, 2.98006, 1.95675, 3.03016, 2.30087, 3.09366, 2.66619, 3.33722, 1.68747, 2.67455, 3.042, 3.09257, 2.36303, 2.40923, 3.61207, 2.15931, 2.34078, 2.23275, 3.19598, NaN, 0.0, 1.99985, 4.33806, 0.0, 9.51815, 0.0, 2.92976, 0.0, 2.92625, 4.98519, 0.0, 3.18297, 0.0, 2.12868, 2.32226, 3.07361, 7.25288, NaN]"
UDE-NN,60467,300,1,10,1,203.977,0.18777,3.72352,0.99717,0.83598,0.42308,0.75207,0.8745,0.9396,0.59355,0.32836,0.6205,0.74672,0.55349,0.27884,0.29146,0.30431,0.29596,0.55349,0.22406,0.2507,0.26583,0.25569,5.53E+11,1.11E+11,5.53E+10,8.45E+10,6.76E+10,"[0.55349, 0.52653, 0.51371, 0.50494, 0.4975, 0.49066, 0.48418, 0.478, 0.4721, 0.46643, 0.461, 0.45579, 0.45077, 0.44594, 0.4413, 0.43682, 0.43249, 0.42832, 0.42429, 0.4204]","[0.00585, 0.04382, 0.04149, 0.00063, -0.05456, 0.03242, 0.11946, 0.07257, 0.05238, 0.08736, 0.00908, 0.03597, -0.00485, 0.01378, 0.02702, 0.10239, 0.11363, 0.18832, 0.23484, 0.23276, 0.20096, 0.09716, 0.11919, 0.09257, 0.23372, 0.20267, 0.14382, 0.19147, 0.28914, 0.30277, 0.30256, 0.43297, 0.57509, 0.61766, 0.60252, 0.56426, 0.41266, 0.37751, 0.27311, 0.27911, 0.37288, 0.39666, 0.46145, 0.52218, 0.58159, 0.58456, 0.56159, 0.63632, 0.64462, 0.65554, 0.55124, 0.60254, 0.70845, 0.74607, 0.75636, 0.71268, 0.5338, 0.41706, 0.62181, 0.61412, 0.60429, 0.62674, 0.66576, 0.64524, 0.70328, 0.67873, 0.59952, 0.54968, 0.60795, 0.57376, 0.55764, 0.66426, 0.75359, 0.90202, 0.83876, 0.80673, 0.72492, 0.64457, 0.6923, 0.69108, 0.65868, 0.70921, 0.77712, 0.84447, 0.89745, 0.96048, 0.91959, 0.92334, 0.79669, 0.6906, 0.77775, 0.79057, 0.79626, 0.87441, 0.9663, 0.88554, 0.91025, 0.92705, 0.93164, 0.89085, 0.8763, 0.90682, 0.90229, 0.86018, 0.92353, 0.81989, 0.83569, 0.91771, 1.0245, 1.01419, 1.06416, 1.14291, 1.11134, 1.1312, 1.16256, 1.13926, 1.1145, 1.07745, 1.05987, 1.14876, 1.12883, 1.15687, 1.13484, 1.02391, 1.0689, 1.21646, 1.30268, 1.34616, 1.3448, 1.26892, 1.37487, 1.44873, 1.41416, 1.52882, 1.60371, 1.7322, 1.74264, 1.64525, 1.47774, 1.33495, 1.24201, 1.2438, 1.35176, 1.38043, 1.26662, 1.18109, 1.26876, 1.34475, 1.35983, 1.57153, 1.62319, 1.60806, 1.58462, 1.65966, 1.67476, 1.58264, 1.47374, 1.47006, 1.49614, 1.60981, 1.62756, 1.55721, 1.48989, 1.50731, 1.53088, 1.54112, 1.5223, 1.53809, 1.68876, 1.72253, 1.67231, 1.65379, 1.72646, 1.73353, 1.72016, 1.73211, 1.75304, 1.73882, 1.69548, 1.76984, 1.81508, 1.79887, 1.85728, 1.86504, 1.83254, 1.86433, 1.86384, 1.93122, 2.00189, 1.98059, 1.95997, 1.8417, 1.84157, 1.88532, 1.89878, 1.92242, 1.91619, 1.97917, 1.98324, 1.95523, 1.96126, 2.02673, 2.16462, 2.20038, 2.19832, 2.07316, 2.07244, 2.12454, 2.14557, 2.17686, 2.21821, 2.21297, 2.23593, 2.14588, 2.1276, 2.17664, 2.15413, 2.14672, 2.21186, 2.26733, 2.30095, 2.19939, 2.13736, 2.13027, 2.10092, 2.07849, 2.07374, 2.05709, 2.09501, 2.1513, 2.22826, 2.25462, 2.25575, 2.24893, 2.22559, 2.19243, 2.17996, 2.18782, 2.19913, 2.19706, 2.20845, 2.20469, 2.21443, 2.18758, 2.17024, 2.16531, 2.16931, 2.2089, 2.18877, 2.14416, 2.09003, 2.02569, 1.96763, 1.92271, 1.90871, 1.95983, 2.04007, 2.0736, 2.1083, 2.14264, 2.18634, 2.20972, 2.23602, 2.26024, 2.28461, 2.29663, 2.30792, 2.31943, 2.33099, 2.34254, 2.35646, 2.37667, 2.39558, 2.43271, 2.45378, 2.47341, 2.48098, 2.48183, 2.48012, 2.4807, 2.49268, 2.47517, 2.46576, 2.47155, 2.48369, 2.46771, 2.4522, 2.47144, 2.52699, 2.62099, 2.6778, 2.73162, 2.75474, 2.77708, 2.79316, 2.79527, 2.79912, 2.80733, 2.8113, 2.82061]"
GP,60467,300,1,10,1,1276.503,0.55235,3.72352,0.84051,0.8625,0,0.56767,0.73077,0.7574,0.73016,0,0.49585,0.58945,1.01299,2.73448,7.01866,7.59514,8.10189,1.01299,2.3645,5.91911,6.59651,7.25138,1.01E+12,2.03E+11,1.01E+11,9.47E+11,7.58E+11,"[1.01299, 1.52376, 2.28583, 3.49551, 5.33055, 7.64254, 9.61472, 10.42846, 10.49101, 10.42697, 10.35677, 10.28787, 10.22065, 10.15508, 10.09112, 10.0287, 9.96779, 9.90834, 9.85031, 9.79365]","[-0.01755, -0.00637, 0.0047, 0.01588, 0.02773, 0.03811, 0.04943, 0.05888, 0.06762, 0.07703, 0.08627, 0.09508, 0.10443, 0.11563, 0.12586, 0.13623, 0.14664, 0.15753, 0.16896, 0.17917, 0.18843, 0.1977, 0.20799, 0.21962, 0.2312, 0.24219, 0.25001, 0.25831, 0.26746, 0.27676, 0.28526, 0.29592, 0.30838, 0.31899, 0.32871, 0.33897, 0.34929, 0.36097, 0.37295, 0.38363, 0.39315, 0.40421, 0.41474, 0.42331, 0.43237, 0.44344, 0.45437, 0.46522, 0.47651, 0.48969, 0.50201, 0.51513, 0.52791, 0.53851, 0.55063, 0.56155, 0.57123, 0.57988, 0.58644, 0.59513, 0.60046, 0.60595, 0.61244, 0.6185, 0.62489, 0.63111, 0.638, 0.64438, 0.65198, 0.66127, 0.67211, 0.6838, 0.69509, 0.70711, 0.71858, 0.72715, 0.73412, 0.74028, 0.74673, 0.75613, 0.76551, 0.77617, 0.78826, 0.79997, 0.81175, 0.82294, 0.83304, 0.84186, 0.85254, 0.86263, 0.8731, 0.88498, 0.89751, 0.9117, 0.92691, 0.94213, 0.95508, 0.96832, 0.98, 0.99076, 1.00183, 1.01239, 1.02487, 1.03778, 1.04991, 1.06158, 1.07245, 1.08084, 1.08782, 1.09388, 1.10044, 1.10888, 1.11817, 1.12703, 1.13554, 1.14307, 1.14917, 1.15559, 1.16008, 1.16387, 1.16912, 1.17644, 1.18582, 1.19473, 1.20268, 1.21284, 1.22351, 1.23206, 1.24346, 1.25562, 1.26784, 1.28103, 1.29448, 1.31023, 1.32458, 1.33938, 1.35497, 1.37039, 1.38763, 1.40362, 1.42131, 1.43883, 1.45564, 1.47321, 1.48923, 1.50348, 1.51929, 1.53612, 1.54982, 1.56438, 1.58034, 1.59593, 1.61113, 1.62522, 1.6383, 1.65024, 1.66244, 1.67463, 1.68758, 1.69987, 1.71181, 1.72377, 1.73454, 1.74625, 1.75823, 1.77072, 1.78227, 1.79192, 1.80015, 1.80863, 1.81641, 1.82302, 1.83091, 1.83869, 1.84511, 1.85255, 1.85927, 1.86455, 1.87053, 1.87687, 1.88337, 1.88885, 1.89262, 1.89539, 1.89705, 1.89856, 1.9003, 1.90248, 1.90523, 1.90771, 1.90922, 1.91053, 1.9113, 1.91141, 1.9122, 1.91447, 1.91756, 1.92254, 1.93084, 1.94113, 1.95142, 1.96181, 1.97287, 1.98427, 1.99508, 2.00559, 2.01537, 2.02362, 2.03061, 2.03484, 2.038, 2.04095, 2.0438, 2.04584, 2.04752, 2.04854, 2.04921, 2.05021, 2.05093, 2.05004, 2.04842, 2.04609, 2.04304, 2.03947, 2.03449, 2.02778, 2.01909, 2.00926, 1.99886, 1.98879, 1.97853, 1.96839, 1.95766, 1.94669, 1.93583, 1.92482, 1.91392, 1.90348, 1.89314, 1.88286, 1.87259, 1.86244, 1.85203, 1.84155, 1.83058, 1.8199, 1.80939, 1.79889, 1.78861, 1.77763, 1.76634, 1.75497, 1.74346, 1.73242, 1.72157, 1.71096, 1.70065, 1.68994, 1.6783, 1.66678, 1.65524, 1.64396, 1.63223, 1.6207, 1.60907, 1.59738, 1.58534, 1.57319, 1.56108, 1.54903, 1.53707, 1.52556, 1.51435, 1.5032, 1.49232, 1.48098, 1.46951, 1.45777, 1.44587, 1.43396, 1.42239, 1.41109, 1.39955, 1.38847, 1.37768, 1.36688, 1.35575, 1.34475, 1.33424, 1.32384, 1.3131, 1.3018, 1.29036, 1.27863, 1.26704, 1.25552, 1.24398, 1.23267, 1.22163, 1.21093]"
ARIMA,60467,300,1,10,1,18.967,,,,,,,,,,,,,0.63206,0.34235,0.39089,0.40099,0.40173,0.63206,0.28306,0.33405,0.33485,0.33734,6.32E+11,1.26E+11,6.32E+10,1.05E+11,8.43E+10,"[0.63206, 0.63206, 0.63206, 0.63206, 0.63206, 0.63206, 0.63206, 0.63206, 0.63206, 0.63206, 0.63206, 0.63206, 0.63206, 0.63206, 0.63206, 0.63206, 0.63206, 0.63206, 0.63206, 0.63206]",
RandomWalk,60467,300,1,10,1,1.179,,,,,,,,,,,,,0.63206,0.34235,0.39089,0.40099,0.40173,0.63206,0.28306,0.33405,0.33485,0.33734,6.32E+11,1.26E+11,6.32E+10,1.05E+11,8.43E+10,"[0.63206, 0.63206, 0.63206, 0.63206, 0.63206, 0.63206, 0.63206, 0.63206, 0.63206, 0.63206, 0.63206, 0.63206, 0.63206, 0.63206, 0.63206, 0.63206, 0.63206, 0.63206, 0.63206, 0.63206]",
LSTM,60467,300,1,10,1,377.284,,,,,,,,,,,,,0.60289,0.32096,0.373,0.38432,0.38535,0.60289,0.26538,0.31645,0.32016,0.32202,6.03E+11,1.21E+11,6.03E+10,1.01E+11,8.11E+10,"[0.60289, 0.59816, 0.60868, 0.60985, 0.61179, 0.61507, 0.61505, 0.61385, 0.61467, 0.61398, 0.61412, 0.6143, 0.61421, 0.61418, 0.61415, 0.6141, 0.61407, 0.61408, 0.61406, 0.61406]",
Alg_c,60467,300,1,10,1,0,3.72352,3.72352,0.90323,0.67133,0.6129,0.72915,0.80676,0.86755,0.59459,0.66667,0.7096,0.78293,,,,,,,,,,,,,,,,,"[0.0, 0.12453, 0.12014, 0.04751, 0.0, 0.00034, 0.39974, 0.0, 0.0, 0.34313, 0.0, 0.19699, 0.0, 0.02988, 0.0, 0.24121, 0.0, 0.23905, 0.32936, 0.27202, 0.36311, 0.0, 0.19848, 0.0, 0.55353, 0.23949, 0.0, 0.09387, 0.46136, 0.32526, 0.02785, 0.38008, 0.7675, 0.71436, 0.61688, 0.7995, 0.17752, 0.50328, 0.06794, 0.11843, 0.51236, 0.31507, 0.4788, 0.52065, 0.69503, 0.64266, 0.34661, 0.79003, 0.64272, 0.87138, 0.235, 0.44127, 0.86337, 0.80481, 0.84954, 0.99019, 0.53068, 0.0, 1.05041, 0.54024, 0.53432, 0.57688, 0.83158, 0.41785, 0.90437, 0.784, 0.54971, 0.29674, 0.83536, 0.52016, 0.30537, 0.70609, 0.65399, 1.33431, 0.72209, 0.92362, 0.77291, 0.33216, 0.80605, 0.75862, 0.48042, 0.66962, 0.77891, 0.87379, 0.86734, 1.19118, 0.76959, 1.19839, 0.76487, 0.2893, 0.9347, 0.79107, 0.64578, 0.89099, 1.32991, 0.67659, 0.90712, 0.94602, 1.02467, 0.84585, 0.78783, 0.98191, 0.97826, 0.6469, 1.25359, 0.59471, 0.72109, 0.82914, 1.33232, 0.82102, 0.99835, 1.39126, 0.9786, 1.10382, 1.28109, 1.11365, 1.14959, 1.09713, 0.73287, 1.50926, 0.95286, 1.25238, 1.38044, 0.64802, 0.88131, 1.32002, 1.36271, 1.42673, 1.5104, 0.88966, 1.41911, 1.61237, 1.13495, 1.58886, 1.52292, 1.9678, 1.99663, 1.84865, 1.40989, 1.15596, 0.9569, 1.03027, 1.53346, 1.72113, 1.16984, 0.82181, 1.18907, 1.45258, 1.01453, 1.86404, 1.80194, 1.62611, 1.3874, 1.76053, 1.88529, 1.61838, 1.2546, 1.40244, 1.31016, 1.81038, 1.80505, 1.53766, 1.31741, 1.50219, 1.55818, 1.60526, 1.49191, 1.22317, 1.9482, 1.88298, 1.58225, 1.44557, 1.88297, 1.75438, 1.66002, 1.69968, 1.82864, 1.84632, 1.39652, 1.85453, 1.98618, 1.54401, 2.00269, 1.99167, 1.58306, 2.07274, 1.64604, 1.90414, 2.2492, 1.81167, 2.34117, 1.46161, 1.79161, 2.03946, 1.81406, 2.08008, 1.66074, 2.14535, 2.04403, 1.89206, 1.86047, 1.87258, 2.37709, 2.22676, 2.47329, 1.80211, 1.98727, 2.21561, 2.10778, 2.11958, 2.37643, 2.00034, 2.64576, 1.90541, 1.92094, 2.48457, 2.10237, 1.94405, 2.29437, 2.16102, 2.82209, 1.93507, 1.95247, 2.30021, 2.06667, 1.93787, 2.46672, 0.13913, 2.16083, 1.59763, 2.8981, 3.2398, 2.23851, 2.91846, 3.42784, 0.0, 1.90829, 2.16306, 2.5607, 1.71445, 2.56033, 1.5079, 3.17673, 0.0, 1.89551, 2.20924, 0.83921, 3.02801, 3.73135, 2.84294, 5.09232, 0.0, 1.55304, 0.90466, 0.40777, 1.67588, 3.35475, 0.0, 3.0091, 0.0, 3.70965, 0.0, 2.8689, 0.0, 4.83899, 62.28739, NaN, 8.09614, 17.72776, NaN, 1.61243, 2.76717, 0.05587, 2.91502, 1.6505, 3.71633, 5.79737, 14.08551, NaN, 0.0, 4.05276, 0.0, 2.03551, 2.294, 3.34115, 2.61554, 0.0, 2.16106, 1.8594, 3.43628, 1.05225, 4.83715, 0.0, 3.28305, 4.07554, 1.48969, 2.52746, 3.01538, 2.58394]"
UDE-NN,44769,300,1,10,1,200.857,0.16212,1.17783,0.96359,0.6281,0.7193,0.77033,0.83908,0.97241,0.78351,0.90226,0.88606,0.91554,0.12924,0.17513,0.18677,0.26405,0.27486,0.12924,0.1568,0.13384,0.17967,0.20606,21.38167,64.92131,40.56167,41.08978,54.08713,"[0.4752, 0.44631, 0.43732, 0.43219, 0.42797, 0.42405, 0.42029, 0.41666, 0.41314, 0.40973, 0.40642, 0.40321, 0.40009, 0.39706, 0.39411, 0.39125, 0.38846, 0.38574, 0.3831, 0.38052]","[0.091, -0.02892, -0.00441, 0.04644, 0.13386, 0.12329, 0.07989, 0.06056, 0.09804, 0.08312, 0.05354, 0.03241, 0.10203, 0.1532, 0.0707, 0.02607, -7.0e-5, 0.13159, 0.17987, 0.1913, 0.22582, 0.28773, 0.29523, 0.401, 0.4085, 0.26327, 0.30377, 0.32545, 0.44135, 0.44476, 0.42196, 0.44015, 0.31015, 0.347, 0.38512, 0.34568, 0.31716, 0.28049, 0.1641, 0.16666, 0.21912, 0.42501, 0.35839, 0.324, 0.387, 0.45348, 0.48829, 0.55775, 0.53653, 0.51508, 0.53764, 0.53935, 0.55196, 0.60011, 0.52238, 0.51809, 0.45387, 0.55692, 0.76853, 0.59774, 0.51504, 0.4311, 0.45865, 0.64874, 0.68302, 0.76075, 0.78297, 0.93703, 0.89331, 0.91748, 0.83257, 0.78808, 0.82158, 0.74042, 0.62962, 0.70281, 0.67575, 0.72285, 0.78185, 0.8244, 0.96539, 1.06231, 1.05716, 0.90084, 0.91315, 0.82959, 0.92572, 0.87982, 0.82745, 0.79231, 0.75594, 0.72285, 0.75662, 0.84881, 1.0313, 1.06162, 1.05435, 1.00254, 0.96193, 0.88843, 0.7881, 0.90131, 0.85254, 0.71399, 0.73669, 0.7757, 0.93808, 1.06192, 1.098, 1.1877, 1.17189, 1.10127, 1.00905, 0.99192, 1.02285, 1.09889, 1.12151, 1.11795, 1.09705, 1.14141, 1.07709, 0.98381, 1.0617, 1.03665, 1.0788, 1.12195, 1.09692, 1.05586, 1.14449, 1.31238, 1.27686, 1.30881, 1.24112, 1.11718, 1.22995, 1.21124, 1.34766, 1.42752, 1.3113, 1.27543, 1.32124, 1.39194, 1.4824, 1.35501, 1.35967, 1.48141, 1.54871, 1.42235, 1.46836, 1.54607, 1.59443, 1.59737, 1.60887, 1.51278, 1.58149, 1.6843, 1.63712, 1.67977, 1.59639, 1.55691, 1.69957, 1.71785, 1.61327, 1.48653, 1.57833, 1.63509, 1.83369, 1.79001, 1.81075, 1.78939, 1.78314, 1.79081, 1.74153, 1.61697, 1.58865, 1.7161, 1.76538, 1.80941, 1.79039, 1.77544, 1.75858, 1.64844, 1.67962, 1.60647, 1.63145, 1.62957, 1.75976, 1.80357, 1.71905, 1.77477, 1.82251, 1.98687, 2.0453, 2.11608, 2.07757, 1.95753, 1.98509, 2.0073, 1.94017, 1.97508, 2.06635, 2.1736, 2.23926, 2.18925, 2.09936, 2.05559, 2.05044, 1.97249, 2.06188, 2.09198, 2.11047, 2.19898, 2.2656, 2.26118, 2.19546, 2.10858, 2.07929, 2.16227, 2.19344, 2.24536, 2.2253, 2.30999, 2.37942, 2.42985, 2.48781, 2.53141, 2.58523, 2.67327, 2.71062, 2.74749, 2.78358, 2.83378, 2.86559, 2.92352, 2.91817, 2.91467, 2.89801, 2.87351, 2.85843, 2.84048, 2.82541, 2.81251, 2.81152, 2.78915, 2.77492, 2.76879, 2.75558, 2.73867, 2.7281, 2.73408, 2.73903, 2.72955, 2.7182, 2.72067, 2.72012, 2.72762, 2.71895, 2.71449, 2.69556, 2.67871, 2.67491, 2.68916, 2.68658, 2.6833, 2.67815, 2.67291, 2.66847, 2.66362, 2.65993, 2.65538, 2.65122, 2.64703, 2.64497, 2.65715, 2.65057, 2.64363, 2.63662, 2.62997, 2.62993, 2.64221, 2.66189, 2.68751, 2.72889, 2.75849, 2.7831, 2.80674, 2.82035, 2.83749, 2.84511, 2.85625, 2.88636, 2.90414, 2.9297, 2.92639, 2.92242, 2.9178, 2.91335, 2.90985, 2.90637, 2.91551]"
GP,44769,300,1,10,1,1225.043,0.75411,1.17783,0.84615,0.83688,0,0.56101,0.72764,0.79883,0.92308,0,0.57397,0.64125,0.61589,4.87956,7.85656,8.16979,8.51484,0.61589,3.97206,6.97577,7.40964,7.88149,101.89426,1702.81228,1964.0497,1860.64438,2222.72753,"[1.22033, 2.15009, 3.7053, 6.03245, 8.64768, 10.28465, 10.58597, 10.54389, 10.49929, 10.45582, 10.41338, 10.37195, 10.33148, 10.29194, 10.25332, 10.21557, 10.17867, 10.1426, 10.10732, 10.07281]","[0.09435, 0.1048, 0.11471, 0.12448, 0.13382, 0.14356, 0.15291, 0.16231, 0.17008, 0.17929, 0.18703, 0.19523, 0.20348, 0.21242, 0.22234, 0.2322, 0.24131, 0.24997, 0.25813, 0.26515, 0.27351, 0.28094, 0.2887, 0.29711, 0.30573, 0.3138, 0.3215, 0.33063, 0.33858, 0.34718, 0.35433, 0.36071, 0.36694, 0.37274, 0.38102, 0.3896, 0.39789, 0.40475, 0.41079, 0.41752, 0.42268, 0.42891, 0.43606, 0.44233, 0.4499, 0.45763, 0.46467, 0.47126, 0.47645, 0.48099, 0.48562, 0.48958, 0.49321, 0.496, 0.49656, 0.49658, 0.49603, 0.49687, 0.50093, 0.50822, 0.51721, 0.52704, 0.53715, 0.547, 0.55776, 0.5686, 0.57982, 0.59019, 0.5999, 0.61017, 0.62044, 0.62989, 0.63976, 0.64936, 0.65855, 0.66708, 0.67707, 0.68778, 0.69902, 0.71056, 0.72152, 0.73269, 0.74371, 0.75451, 0.76364, 0.77333, 0.78409, 0.79409, 0.80494, 0.81672, 0.82834, 0.84003, 0.85119, 0.86175, 0.87228, 0.88218, 0.89154, 0.90205, 0.91216, 0.92231, 0.93268, 0.94276, 0.95322, 0.96289, 0.97265, 0.98321, 0.99348, 1.00351, 1.01366, 1.02373, 1.0353, 1.04712, 1.05894, 1.07073, 1.08255, 1.09411, 1.10593, 1.1176, 1.12941, 1.14111, 1.15145, 1.16178, 1.17244, 1.18396, 1.19566, 1.20655, 1.21732, 1.22704, 1.23729, 1.24756, 1.25804, 1.26822, 1.27907, 1.29038, 1.30114, 1.312, 1.32315, 1.33455, 1.34567, 1.35673, 1.36836, 1.38015, 1.39196, 1.40374, 1.41539, 1.4272, 1.43891, 1.44966, 1.45993, 1.4702, 1.48073, 1.49101, 1.50237, 1.51417, 1.52599, 1.53774, 1.54945, 1.56118, 1.57294, 1.58455, 1.59636, 1.60815, 1.61997, 1.63169, 1.64351, 1.65518, 1.66697, 1.67876, 1.69058, 1.70223, 1.71406, 1.72583, 1.73749, 1.7493, 1.76101, 1.77278, 1.78457, 1.79637, 1.80789, 1.81953, 1.83077, 1.84217, 1.85342, 1.86498, 1.87596, 1.8876, 1.89914, 1.91088, 1.92153, 1.9325, 1.94403, 1.95558, 1.96707, 1.97842, 1.98975, 2.0011, 2.01268, 2.02423, 2.03451, 2.04477, 2.05501, 2.06555, 2.07615, 2.08572, 2.09619, 2.10743, 2.11807, 2.12539, 2.13125, 2.13819, 2.14466, 2.15207, 2.1586, 2.16358, 2.16671, 2.16749, 2.1653, 2.15946, 2.15163, 2.14152, 2.12921, 2.11518, 2.09919, 2.08095, 2.0613, 2.04138, 2.02085, 2.00089, 1.98119, 1.96016, 1.9393, 1.9187, 1.89864, 1.87816, 1.85854, 1.83775, 1.81718, 1.79639, 1.77545, 1.75535, 1.73511, 1.7149, 1.6947, 1.67455, 1.65376, 1.63354, 1.61343, 1.59297, 1.57234, 1.55203, 1.53193, 1.51138, 1.49044, 1.46961, 1.44969, 1.42916, 1.40871, 1.38757, 1.36677, 1.34559, 1.32486, 1.3048, 1.28448, 1.26324, 1.24179, 1.22007, 1.19839, 1.17709, 1.15583, 1.13471, 1.11343, 1.09213, 1.07085, 1.04999, 1.02957, 1.00807, 0.98631, 0.9646, 0.94329, 0.92308, 0.90264, 0.88209, 0.86144, 0.84098, 0.81991, 0.79863, 0.7774, 0.75598, 0.73499, 0.71373, 0.69304, 0.67243, 0.65124, 0.63034, 0.60882, 0.58716, 0.56538, 0.54372, 0.52248, 0.50183]"
ARIMA,44769,300,1,10,1,19.119,,,,,,,,,,,,,0.01786,0.30369,0.26618,0.27843,0.28368,0.01786,0.24675,0.23355,0.24054,0.23906,2.95488,112.9882,81.20358,72.5783,87.38827,"[0.6223, 0.6271, 0.6266, 0.62665, 0.62665, 0.62665, 0.62665, 0.62665, 0.62665, 0.62665, 0.62665, 0.62665, 0.62665, 0.62665, 0.62665, 0.62665, 0.62665, 0.62665, 0.62665, 0.62665]",
RandomWalk,44769,300,1,10,1,1.152,,,,,,,,,,,,,0.06382,0.33852,0.29732,0.29973,0.30396,0.06382,0.28915,0.26724,0.26861,0.25874,10.55892,127.27324,91.9793,81.88404,96.33762,"[0.66826, 0.66826, 0.66826, 0.66826, 0.66826, 0.66826, 0.66826, 0.66826, 0.66826, 0.66826, 0.66826, 0.66826, 0.66826, 0.66826, 0.66826, 0.66826, 0.66826, 0.66826, 0.66826, 0.66826]",
LSTM,44769,300,1,10,1,445.029,,,,,,,,,,,,,0.3355,0.20678,0.22765,0.30819,0.31665,0.3355,0.17936,0.1707,0.22304,0.24539,55.5064,50.9364,38.4601,41.1084,51.51115,"[0.26894, 0.29362, 0.2852, 0.31859, 0.33535, 0.35024, 0.34515, 0.33026, 0.321, 0.31534, 0.32874, 0.3291, 0.32886, 0.32627, 0.32414, 0.32309, 0.32352, 0.32435, 0.32467, 0.32434]",
Alg_c,44769,300,1,10,1,0,1.17783,1.17783,0.89021,0.53782,0.5,0.64267,0.76307,0.87413,0.57426,0.69565,0.71468,0.78097,,,,,,,,,,,,,,,,,"[0.35449, 0.0, 0.0, 0.0, 0.33191, 0.18075, 0.04672, 0.0, 0.20111, 0.10435, 0.04914, 0.0, 0.15009, 0.42451, 0.0, 0.0, 0.0, 0.30063, 0.23507, 0.14655, 0.16017, 0.42454, 0.06987, 0.58606, 0.76233, 0.0, 0.36508, 0.11439, 0.67346, 0.48686, 0.28369, 0.84597, 0.0, 0.36203, 0.54678, 0.31449, 0.30972, 0.46684, 0.0, 0.14279, 0.0, 1.03455, 0.20075, 0.12675, 0.38702, 0.52777, 0.37907, 0.76656, 0.5153, 0.40998, 0.60583, 0.51916, 0.40701, 0.96341, 0.23049, 0.84656, 0.03469, 0.22775, 1.68399, 0.30728, 0.52891, 0.22563, 0.1368, 0.96633, 0.59242, 0.86833, 0.47407, 1.37875, 0.7275, 1.15021, 0.73288, 0.61819, 1.06216, 0.83999, 0.21142, 0.94003, 0.51581, 0.6999, 0.81461, 0.62558, 1.05068, 1.2795, 1.40793, 0.48631, 1.14379, 0.43914, 1.2513, 0.86014, 0.79328, 0.7921, 0.74169, 0.5867, 0.63592, 0.64919, 1.33952, 1.09441, 1.14465, 0.97004, 1.02954, 0.96274, 0.34797, 1.21302, 1.03892, 0.36414, 0.7011, 0.5206, 1.01933, 1.25405, 0.95544, 1.40929, 1.3027, 1.15289, 0.84946, 0.85728, 0.91622, 1.19931, 1.18131, 1.14065, 0.95339, 1.36619, 1.14662, 0.6319, 1.24256, 0.92211, 1.07953, 1.25781, 1.12703, 0.79698, 0.97842, 1.74533, 1.08222, 1.52416, 1.37053, 0.62292, 1.5121, 0.89595, 1.4423, 1.83363, 1.1161, 1.10149, 1.25313, 1.38241, 1.92897, 1.05295, 1.0963, 1.65559, 1.89709, 1.10981, 1.30262, 1.62536, 1.71901, 1.62347, 1.79889, 1.18411, 1.50537, 1.96397, 1.53575, 1.91858, 1.47274, 1.18417, 1.94972, 1.98786, 1.63262, 1.03314, 1.62449, 1.40498, 2.29502, 1.69835, 1.87606, 1.76001, 1.76992, 1.91996, 1.87595, 1.39401, 1.25395, 1.83875, 1.80846, 1.94389, 1.81233, 1.78041, 1.95722, 1.36688, 1.88868, 1.39022, 1.67462, 1.38411, 1.88415, 2.07278, 1.41165, 1.77747, 1.58853, 2.19882, 2.00874, 2.33099, 2.22787, 1.66071, 1.95431, 2.20848, 1.72343, 1.88019, 2.0387, 2.21759, 2.46448, 2.23983, 2.00227, 1.94817, 2.31472, 1.50662, 2.25511, 2.11207, 1.94381, 2.2395, 2.38323, 2.35436, 2.25122, 2.05074, 1.71297, 2.50348, 1.92459, 2.78314, 1.52903, 2.5456, 2.60497, 1.85246, 3.50069, 0.0, 0.72123, 3.80399, NaN, 3.80398, 0.0, 3.90329, 0.0, 4.01832, 0.0, 3.99499, 7.47071, 0.0, 2.99593, 2.45888, 2.75402, 1.48627, 4.26176, 0.0, 2.40798, 3.14322, 3.9157, 0.0, 1.15816, 2.63874, 4.51018, 7.33042, 0.0, 2.84106, 0.0, 4.22877, NaN, 4.4022, NaN, 0.0, 1.89199, 3.72688, 0.0, 8.75318, NaN, NaN, 3.52088, 0.0, 3.35051, 1.29182, 4.43971, 0.0, 0.0, 3.05221, NaN, NaN, NaN, NaN, 2.09378, 1.47914, 2.22463, 0.07062, 2.96366, 5.00798, 0.57738, 6.1323, NaN, 4.29597, NaN, 0.94355, 3.7902, NaN, 3.82739, NaN, 12.89138, NaN, 0.0, 4.68593, 0.0]"
UDE-NN,69686,300,1,10,1,202.652,0.21375,3.42603,0.98171,0.84656,0.61017,0.81281,0.89127,0.67451,0.5283,0.67925,0.62735,0.61723,0,0.19328,0.24704,0.22551,0.20452,0,0.08644,0.167,0.13917,0.12006,9999.99994,32995.26181,56983.32632,541494.2203,2.64E+06,"[0.0, 0.0, 0.0, 0.0, 0.0, 0.0, 0.0, 0.0, 0.0, 0.0, 0.0, 0.0, 1.0e-5, 1.0e-5, 2.0e-5, 4.0e-5, 7.0e-5, 0.00012, 0.00022, 0.00041]","[-0.03551, 0.00374, -0.04539, -0.08142, -0.08254, -0.12228, -0.14679, -0.09954, 0.0208, -0.05506, -0.06929, -0.16413, -0.21464, -0.08831, 0.05296, 0.17793, 0.34406, 0.2988, 0.24355, 0.24418, 0.22836, 0.27593, 0.46195, 0.47348, 0.56519, 0.34198, 0.25138, 0.20912, 0.20433, 0.12226, 0.0851, 0.08387, 0.17559, 0.17481, 0.20744, 0.32466, 0.30701, 0.28841, 0.31947, 0.32572, 0.33095, 0.34498, 0.42532, 0.5039, 0.43774, 0.39082, 0.37322, 0.49681, 0.49841, 0.43533, 0.46478, 0.64833, 0.58024, 0.46323, 0.43789, 0.49253, 0.65208, 0.61783, 0.71591, 0.67488, 0.69028, 0.71804, 0.64437, 0.68676, 0.64756, 0.66612, 0.74284, 0.87819, 0.8648, 0.81915, 0.84878, 0.796, 0.82926, 0.88525, 0.85444, 0.69129, 0.83456, 0.98933, 0.90582, 0.93088, 0.97259, 0.92972, 0.92053, 0.88481, 0.70344, 0.78837, 0.91112, 0.92654, 0.93579, 0.91354, 0.87903, 0.81303, 0.99176, 1.00417, 0.84739, 0.90542, 0.8708, 0.90543, 0.92581, 1.0587, 1.0122, 1.02754, 1.07035, 1.13007, 1.14804, 0.96055, 0.98063, 1.05284, 1.08338, 1.05679, 1.08759, 0.98643, 0.99225, 1.03814, 1.02851, 1.02494, 1.23172, 1.45066, 1.30562, 1.22625, 1.23785, 1.28503, 1.25812, 1.26131, 1.16387, 1.10394, 1.10518, 1.21781, 1.21649, 1.27717, 1.35661, 1.33386, 1.29612, 1.33138, 1.36624, 1.28203, 1.25858, 1.29104, 1.3379, 1.40742, 1.39892, 1.4171, 1.43281, 1.37223, 1.37757, 1.44108, 1.45983, 1.51255, 1.52721, 1.53982, 1.53124, 1.54301, 1.55653, 1.5546, 1.56613, 1.45176, 1.50861, 1.6078, 1.65989, 1.64767, 1.61553, 1.57577, 1.71936, 1.69341, 1.6898, 1.55884, 1.59359, 1.60231, 1.71365, 1.64671, 1.68662, 1.83895, 1.85822, 1.90657, 1.89037, 1.75004, 1.65901, 1.80061, 1.90402, 1.93633, 1.96962, 1.90362, 1.84955, 1.8563, 1.81911, 1.84778, 1.87646, 1.85458, 1.89083, 1.94008, 2.01152, 2.09336, 2.06646, 2.09975, 2.12226, 2.18198, 2.12951, 2.13279, 2.12596, 2.14066, 2.15421, 2.08283, 2.05423, 1.90461, 1.92227, 1.91322, 1.92918, 1.94058, 2.0478, 2.14768, 2.08705, 2.12931, 2.12481, 2.19996, 2.19429, 2.13474, 2.136, 2.27164, 2.28699, 2.17421, 2.17596, 2.26468, 2.34039, 2.39192, 2.41612, 2.35622, 2.33397, 2.33036, 2.39187, 2.35437, 2.33672, 2.29284, 2.40002, 2.3556, 2.37063, 2.38842, 2.327, 2.40508, 2.42643, 2.39551, 2.40579, 2.39238, 2.40091, 2.48024, 2.51763, 2.51932, 2.47466, 2.42776, 2.36742, 2.31099, 2.26051, 2.23954, 2.24575, 2.21157, 2.17084, 2.13841, 2.08488, 2.03887, 2.01175, 1.98886, 1.94842, 1.92142, 1.91913, 1.9175, 1.88526, 1.85241, 1.82019, 1.80789, 1.85131, 1.94784, 1.99178, 2.0349, 2.07819, 2.12947, 2.18085, 2.26385, 2.32252, 2.38509, 2.42938, 2.47239, 2.51541, 2.55834, 2.6053, 2.64719, 2.68052, 2.71113, 2.73173, 2.75499, 2.76745, 2.77987, 2.78849, 2.80185, 2.8207, 2.84905, 2.8719, 2.89704, 2.91271, 2.92833, 2.94602, 2.95545]"
GP,69686,300,1,10,1,1259.469,0.65961,3.42603,0.88421,0.94268,0,0.60896,0.77495,0.57705,0.47778,0,0.35161,0.46004,0,0.19328,0.24704,0.22551,0.20452,0,0.08644,0.167,0.13917,0.12006,10000,32995.26358,56983.36072,541497.8914,2.64E+06,"[0.0, 0.0, 0.0, 0.0, 0.0, 0.0, 0.0, 0.0, 0.0, 0.0, 0.0, 0.0, 1.0e-5, 1.0e-5, 2.0e-5, 4.0e-5, 7.0e-5, 0.00012, 0.00022, 0.00041]","[-0.13664, -0.12396, -0.11135, -0.09914, -0.08626, -0.0738, -0.06207, -0.04875, -0.03506, -0.02111, -0.00725, 0.00662, 0.02068, 0.03476, 0.04875, 0.06283, 0.07678, 0.09081, 0.10446, 0.11598, 0.12772, 0.13958, 0.15045, 0.16181, 0.17545, 0.18937, 0.20307, 0.21634, 0.22937, 0.24272, 0.25657, 0.27005, 0.28336, 0.29695, 0.31056, 0.32389, 0.33562, 0.34788, 0.35844, 0.37017, 0.38272, 0.39395, 0.40712, 0.42016, 0.43421, 0.44825, 0.4623, 0.47637, 0.49013, 0.50421, 0.51822, 0.53227, 0.54626, 0.56032, 0.57432, 0.58837, 0.60178, 0.6145, 0.62855, 0.64244, 0.65628, 0.66983, 0.68213, 0.69313, 0.7018, 0.71265, 0.72189, 0.72995, 0.73821, 0.74675, 0.7576, 0.76895, 0.78128, 0.79508, 0.80909, 0.82231, 0.83459, 0.84804, 0.86153, 0.87526, 0.88868, 0.90016, 0.90895, 0.91811, 0.93049, 0.94346, 0.95754, 0.97134, 0.98527, 0.99923, 1.01331, 1.02696, 1.04037, 1.05382, 1.06617, 1.07783, 1.08708, 1.09674, 1.1056, 1.11235, 1.11982, 1.12463, 1.13089, 1.13416, 1.1403, 1.14311, 1.14644, 1.15046, 1.1568, 1.16162, 1.16996, 1.17891, 1.18927, 1.19939, 1.20966, 1.21479, 1.22303, 1.22803, 1.23557, 1.24321, 1.25025, 1.25548, 1.26186, 1.2719, 1.28352, 1.29531, 1.30691, 1.31982, 1.3339, 1.34677, 1.3601, 1.37324, 1.3851, 1.39546, 1.40603, 1.41746, 1.42904, 1.44005, 1.45232, 1.46317, 1.47399, 1.48337, 1.49181, 1.49904, 1.50586, 1.5125, 1.51957, 1.52427, 1.52639, 1.5262, 1.52515, 1.52028, 1.51434, 1.50533, 1.49606, 1.48802, 1.48342, 1.48658, 1.49387, 1.50401, 1.51302, 1.52205, 1.53049, 1.54003, 1.54861, 1.55568, 1.56536, 1.57746, 1.59026, 1.60238, 1.61449, 1.62779, 1.64185, 1.65563, 1.66954, 1.68316, 1.69513, 1.70634, 1.71954, 1.73223, 1.74333, 1.75271, 1.76239, 1.77119, 1.78214, 1.79481, 1.80879, 1.82288, 1.83692, 1.85072, 1.86459, 1.87774, 1.89018, 1.90293, 1.91539, 1.92834, 1.94101, 1.95439, 1.96754, 1.98149, 1.99484, 2.00739, 2.02053, 2.03294, 2.0446, 2.05592, 2.06767, 2.07903, 2.09012, 2.10005, 2.10805, 2.11961, 2.13069, 2.14242, 2.15568, 2.16945, 2.18308, 2.19588, 2.20756, 2.22051, 2.23225, 2.24244, 2.25199, 2.2605, 2.26997, 2.27974, 2.2898, 2.29936, 2.31014, 2.31836, 2.3256, 2.33384, 2.34528, 2.35447, 2.36733, 2.38093, 2.39498, 2.40825, 2.41928, 2.42793, 2.42867, 2.42594, 2.41803, 2.40758, 2.39479, 2.37814, 2.35608, 2.32688, 2.29223, 2.25502, 2.21779, 2.18074, 2.1457, 2.11058, 2.07245, 2.03349, 1.99653, 1.95769, 1.92099, 1.88539, 1.84931, 1.81172, 1.77585, 1.74023, 1.70348, 1.66389, 1.62468, 1.58628, 1.55156, 1.51713, 1.48231, 1.44341, 1.40465, 1.36608, 1.32929, 1.29236, 1.25691, 1.21863, 1.1802, 1.14019, 1.09977, 1.0596, 1.01963, 0.98098, 0.94235, 0.90303, 0.86362, 0.82378, 0.78488, 0.74564, 0.70683, 0.6684, 0.63086, 0.59322, 0.5555, 0.5162, 0.4774, 0.43753, 0.39781, 0.35879]"
ARIMA,69686,300,1,10,1,20.713,,,,,,,,,,,,,0.05164,0.19781,0.26171,0.23929,0.21864,0.05164,0.10537,0.18941,0.16334,0.14649,5.16E+10,1.76E+10,1.16E+10,1.51E+10,1.69E+10,"[0.05164, -0.00659, 0.01328, -0.01502, -0.00814, -0.02225, -0.02042, -0.02766, -0.02762, -0.03146, -0.03193, -0.03403, -0.03455, -0.03572, -0.03615, -0.03683, -0.03714, -0.03754, -0.03776, -0.038]",
RandomWalk,69686,300,1,10,1,1.165,,,,,,,,,,,,,0,0.19328,0.24704,0.22551,0.20452,0,0.08644,0.167,0.13917,0.12006,0,20,50,41.66667,40,"[0.0, 0.0, 0.0, 0.0, 0.0, 0.0, 0.0, 0.0, 0.0, 0.0, 0.0, 0.0, 0.0, 0.0, 0.0, 0.0, 0.0, 0.0, 0.0, 0.0]",
LSTM,69686,300,1,10,1,357.067,,,,,,,,,,,,,0.57656,1.66296,2.67979,3.1197,3.67026,0.57656,1.49463,2.42678,2.81234,3.31505,5.77E+11,1.34E+12,1.03E+12,1.65E+12,2.05E+12,"[0.57656, 1.19315, 1.61453, 2.04965, 2.47143, 2.87433, 3.26028, 3.62749, 3.97209, 4.29824, 4.6008, 4.87957, 5.13761, 5.37568, 5.59531, 5.79846, 5.98723, 6.16382, 6.3305, 6.48942]",
Alg_c,69686,300,1,10,1,0,3.42603,3.42603,0.92771,0.7947,0.66667,0.79636,0.86491,0.67181,0.45349,0.6383,0.58787,0.57935,,,,,,,,,,,,,,,,,"[0.0, 0.18369, 0.0, 0.0, 0.0, 0.0, 0.0, 0.0, 0.46363, 0.0, 0.12919, 0.0, 0.0, 0.0, 0.09528, 0.03497, 0.79994, 0.25105, 0.13088, 0.27603, 0.0821, 0.01459, 0.8038, 0.20897, 1.27391, 2.0e-5, 0.1635, 0.13192, 0.37007, 0.01822, 0.01491, 0.0, 0.37558, 0.10902, 0.04651, 0.59351, 0.28698, 0.18852, 0.36553, 0.32389, 0.31721, 0.20995, 0.40151, 0.8106, 0.35161, 0.36878, 0.07586, 0.7371, 0.63091, 0.26883, 0.11393, 1.19014, 0.66739, 0.26955, 0.30808, 0.31195, 1.08438, 0.2222, 1.04333, 0.52741, 0.66544, 0.93335, 0.42197, 0.82816, 0.5226, 0.52933, 0.63433, 1.18125, 0.95906, 0.67228, 1.00569, 0.62699, 0.76778, 1.02552, 1.27165, 0.0, 0.80762, 1.56853, 0.58926, 0.88878, 1.19166, 0.76891, 0.94054, 1.36276, 0.0, 0.78007, 1.13817, 0.91, 0.99595, 0.92292, 0.96725, 0.2663, 1.37237, 1.35235, 0.39906, 1.05508, 0.73782, 0.89774, 0.71166, 1.38934, 0.93689, 0.95315, 1.02498, 1.29552, 1.52276, 0.5678, 0.77921, 1.15224, 1.21556, 0.971, 1.34339, 0.77087, 0.89252, 1.15475, 1.02328, 0.59261, 1.16852, 2.18438, 1.19216, 1.01919, 1.15767, 1.42772, 1.20069, 1.46944, 1.07709, 0.96908, 0.8552, 1.5017, 1.01962, 1.22028, 1.58454, 1.36418, 1.10458, 1.30762, 1.69016, 1.10915, 1.16426, 1.29634, 1.24768, 1.62374, 1.28012, 1.38286, 1.68592, 1.18092, 1.23989, 1.62128, 1.30117, 1.64961, 1.47618, 1.62503, 1.43862, 1.53905, 1.63885, 1.2805, 2.38889, 0.55041, 1.51742, 1.7447, 1.77611, 1.64633, 1.76416, 0.94903, 2.2962, 1.38745, 2.23418, 0.96583, 1.81335, 1.24061, 2.28463, 1.31739, 1.42891, 2.18377, 1.69315, 2.01325, 2.17065, 1.73403, 1.05542, 1.96339, 2.051, 1.80952, 2.25066, 1.85279, 1.64872, 2.07437, 1.61366, 1.85834, 2.01339, 1.70963, 1.8888, 1.89885, 1.97677, 2.33359, 1.91212, 2.14106, 2.02209, 2.43732, 1.97326, 2.17279, 2.07268, 2.13565, 2.34286, 1.93609, 2.33694, 1.54376, 1.98681, 1.858, 1.95174, 1.74365, 2.10269, 2.49525, 1.84775, 2.23165, 1.94437, 2.36531, 2.30507, 2.01798, 1.86047, 2.48148, 2.54601, 1.91141, 2.00386, 2.29655, 2.39058, 2.4443, 2.58926, 2.27204, 2.30819, 2.19972, 2.58981, 2.33003, 2.42052, 1.99633, 2.69676, 2.2038, 2.34647, 2.62591, 1.93563, 2.60295, 2.56478, 2.18116, 2.56139, 2.37503, 2.06322, 2.7193, 2.54747, 2.70463, 2.4178, 2.82304, 1.67503, 2.17373, 0.0, 1.73494, 3.10262, 7.87076, 0.0, 3.6982, NaN, 1.12814, 1.9068, 3.14976, 0.0, 1.09384, 1.82363, 3.84794, NaN, 7.81947, 0.0, 1.04541, 0.89235, 3.00188, 0.0, 3.34939, 0.0, 2.56064, 0.0, 2.88511, 0.0, 4.28134, 58.47536, NaN, 13.58889, NaN, 3.0543, 3.83425, 1.16256, 6.70631, 0.0, 4.02559, 0.0, 4.06573, 0.0, 2.03353, 0.43273, 3.83733, NaN, 4.39793, NaN, 0.0, 4.84462]"
UDE-NN,27272,300,1,10,1,207.975,0.22039,1.14503,0.98837,0.77833,0,0.5889,0.79338,0.92549,0.32941,0,0.4183,0.47958,0.19516,0.1052,0.2153,0.24285,0.25723,0.19516,0.07857,0.1487,0.17826,0.1981,99.99999,99.99987,7422.56502,6202.1375,4981.70993,"[0.0, 0.0, 0.0, 0.0, 0.0, 0.0, 0.0, 0.0, 0.0, 0.0, 0.0, 0.0, 0.0, 0.0, 0.0, 0.0, 0.0, 0.0, 1.0e-5, 1.0e-5]","[-0.28677, -0.19516, -0.18722, -0.07726, 0.00864, 0.03186, -0.03645, -0.03749, 0.02327, 0.11083, 0.24827, 0.23999, 0.2344, 0.22384, 0.22275, 0.19948, 0.13292, 0.13819, 0.11572, 0.15015, 0.21894, 0.19923, 0.22662, 0.21914, 0.23767, 0.25452, 0.22758, 0.28787, 0.24524, 0.30831, 0.32765, 0.38184, 0.4111, 0.38882, 0.4351, 0.39864, 0.42643, 0.46203, 0.52791, 0.54643, 0.57525, 0.52641, 0.44302, 0.38404, 0.406, 0.50462, 0.49195, 0.52344, 0.51327, 0.47408, 0.39956, 0.36414, 0.41221, 0.53675, 0.64723, 0.71812, 0.66089, 0.63674, 0.57586, 0.54127, 0.66389, 0.65636, 0.66673, 0.67369, 0.76383, 0.75415, 0.72007, 0.70336, 0.77118, 0.76326, 0.76743, 0.7262, 0.65554, 0.64886, 0.61151, 0.67572, 0.73351, 0.77365, 0.7178, 0.69711, 0.68709, 0.73457, 0.72549, 0.68679, 0.68686, 0.73587, 0.79303, 0.83596, 0.87097, 0.9717, 0.92943, 0.95679, 0.87984, 0.98694, 1.04292, 1.09305, 1.04824, 1.04299, 1.13963, 1.12009, 1.16071, 1.16226, 1.12116, 1.07845, 1.11406, 1.12217, 1.0385, 1.05413, 1.15354, 1.07418, 1.08866, 1.19479, 1.0885, 1.10174, 1.10583, 1.10529, 1.08229, 1.11374, 1.17469, 1.18787, 1.13477, 1.14605, 1.18639, 1.1699, 1.25625, 1.31696, 1.35953, 1.32443, 1.25931, 1.26552, 1.34137, 1.42139, 1.33181, 1.35738, 1.35673, 1.39673, 1.38743, 1.42405, 1.37083, 1.3832, 1.40816, 1.40561, 1.37721, 1.31444, 1.33853, 1.35447, 1.44236, 1.48615, 1.53434, 1.4797, 1.43964, 1.47626, 1.4868, 1.52495, 1.62515, 1.64168, 1.63286, 1.57448, 1.63435, 1.56587, 1.56549, 1.6331, 1.69801, 1.66172, 1.60839, 1.54029, 1.53919, 1.56722, 1.6111, 1.60493, 1.62048, 1.67224, 1.80318, 1.7623, 1.71471, 1.72773, 1.71748, 1.81686, 1.80602, 1.77859, 1.81093, 1.86331, 1.90003, 1.82218, 1.84269, 1.87856, 1.89754, 1.87273, 1.8616, 1.85069, 1.84454, 1.83791, 1.83889, 1.84725, 1.86141, 1.88626, 1.92712, 1.94411, 1.9812, 2.03966, 2.12896, 2.18782, 2.21533, 2.27401, 2.302, 2.32088, 2.35357, 2.36479, 2.36681, 2.36145, 2.36278, 2.3694, 2.39743, 2.40254, 2.4051, 2.41028, 2.40111, 2.39548, 2.39899, 2.39766, 2.40242, 2.41071, 2.43942, 2.45067, 2.45536, 2.4573, 2.4679, 2.45533, 2.44478, 2.44308, 2.45761, 2.45064, 2.44799, 2.42763, 2.41278, 2.41408, 2.41784, 2.40958, 2.38461, 2.36131, 2.31412, 2.29688, 2.29628, 2.29755, 2.29719, 2.33948, 2.38361, 2.45021, 2.45918, 2.45996, 2.45364, 2.44793, 2.44576, 2.42202, 2.39955, 2.39587, 2.3922, 2.40148, 2.40971, 2.40177, 2.39379, 2.37174, 2.34519, 2.31976, 2.31125, 2.29416, 2.2687, 2.24766, 2.23723, 2.23328, 2.22038, 2.20187, 2.1862, 2.17775, 2.18022, 2.1695, 2.16265, 2.16146, 2.15262, 2.14798, 2.14344, 2.16399, 2.1875, 2.21417, 2.23125, 2.24823, 2.26521, 2.2853, 2.30337, 2.32763, 2.34004, 2.3526, 2.36705, 2.38416, 2.39758, 2.41102, 2.42426, 2.43778, 2.45343, 2.46248]"
GP,27272,300,1,10,1,1276.321,0.6233,1.14503,0.75955,0.4,0,0.38652,0.55852,0.67816,0.77922,0,0.48579,0.44864,0.19516,0.1052,0.2153,0.24285,0.25723,0.19516,0.07857,0.1487,0.17826,0.1981,99.99999,99.99987,7422.56306,6202.13587,4981.70862,"[0.0, 0.0, 0.0, 0.0, 0.0, 0.0, 0.0, 0.0, 0.0, 0.0, 0.0, 0.0, 0.0, 0.0, 0.0, 0.0, 0.0, 0.0, 1.0e-5, 1.0e-5]","[-0.01338, -0.00161, 0.01021, 0.02197, 0.03371, 0.04548, 0.05566, 0.06466, 0.07343, 0.08236, 0.09128, 0.1009, 0.11048, 0.11927, 0.12831, 0.13767, 0.14676, 0.15623, 0.1661, 0.17559, 0.18425, 0.19151, 0.19928, 0.20599, 0.21235, 0.21915, 0.22606, 0.23427, 0.24397, 0.25391, 0.26465, 0.27571, 0.28682, 0.2972, 0.30752, 0.3185, 0.32942, 0.34036, 0.35189, 0.36347, 0.37526, 0.38708, 0.39889, 0.4107, 0.42244, 0.43389, 0.44512, 0.45637, 0.46786, 0.47902, 0.48992, 0.50099, 0.51235, 0.52409, 0.53584, 0.54766, 0.55948, 0.5712, 0.58301, 0.59478, 0.60657, 0.61826, 0.63007, 0.64165, 0.65324, 0.66487, 0.67637, 0.68812, 0.69993, 0.71174, 0.72345, 0.73523, 0.74703, 0.75885, 0.77052, 0.78233, 0.79397, 0.80579, 0.81755, 0.82893, 0.83948, 0.85015, 0.86176, 0.87301, 0.88386, 0.89527, 0.90676, 0.91849, 0.93018, 0.94199, 0.95355, 0.96527, 0.97693, 0.98867, 1.0004, 1.01205, 1.02318, 1.03439, 1.04602, 1.05711, 1.06849, 1.07965, 1.09053, 1.10122, 1.11183, 1.12261, 1.1338, 1.14464, 1.15591, 1.16736, 1.17879, 1.18931, 1.19968, 1.20939, 1.21885, 1.22717, 1.23519, 1.24323, 1.25156, 1.25935, 1.26732, 1.27501, 1.28237, 1.29054, 1.29971, 1.31028, 1.32169, 1.33305, 1.34468, 1.3565, 1.36828, 1.38011, 1.39177, 1.40252, 1.4136, 1.42406, 1.4344, 1.44515, 1.4559, 1.46635, 1.47659, 1.48648, 1.49627, 1.50678, 1.51719, 1.52727, 1.537, 1.54667, 1.55694, 1.56627, 1.57633, 1.58725, 1.5982, 1.60912, 1.61875, 1.62769, 1.63614, 1.64504, 1.65538, 1.6665, 1.67751, 1.68864, 1.70007, 1.71152, 1.72314, 1.73457, 1.74558, 1.75709, 1.76885, 1.77988, 1.78977, 1.79962, 1.80967, 1.81964, 1.82892, 1.83761, 1.84602, 1.85317, 1.85896, 1.86344, 1.86635, 1.86848, 1.86986, 1.87019, 1.86955, 1.86871, 1.86668, 1.86316, 1.85813, 1.85289, 1.84759, 1.84224, 1.83681, 1.83153, 1.82632, 1.82126, 1.81624, 1.81126, 1.80591, 1.80081, 1.79578, 1.791, 1.78582, 1.78018, 1.77536, 1.77038, 1.76528, 1.76028, 1.75489, 1.74941, 1.74382, 1.73848, 1.7333, 1.72807, 1.72223, 1.71636, 1.71062, 1.70472, 1.69909, 1.69365, 1.68822, 1.68296, 1.67771, 1.67246, 1.66671, 1.66075, 1.65477, 1.64911, 1.64309, 1.63727, 1.63178, 1.62635, 1.62055, 1.61503, 1.60941, 1.60398, 1.59885, 1.59358, 1.58829, 1.58299, 1.57779, 1.57248, 1.56764, 1.56281, 1.55787, 1.55277, 1.54795, 1.54303, 1.53808, 1.53244, 1.52659, 1.52057, 1.51472, 1.50896, 1.50288, 1.49709, 1.49184, 1.48643, 1.481, 1.47546, 1.46966, 1.46382, 1.45769, 1.45158, 1.44563, 1.44026, 1.43451, 1.4286, 1.42295, 1.41736, 1.41158, 1.4056, 1.39951, 1.39367, 1.38803, 1.3824, 1.3764, 1.37061, 1.36502, 1.35934, 1.35373, 1.34812, 1.34286, 1.3372, 1.33132, 1.32489, 1.31846, 1.31207, 1.30619, 1.29999, 1.29423, 1.28798, 1.2817, 1.27561, 1.26949, 1.26306, 1.25658, 1.25001, 1.24355, 1.23752]"
ARIMA,27272,300,1,10,1,19.358,,,,,,,,,,,,,0.19516,0.1052,0.2153,0.24285,0.25723,0.19516,0.07857,0.1487,0.17826,0.1981,100,100,90,91.66667,93.33333,"[0.0, 0.0, 0.0, 0.0, 0.0, 0.0, 0.0, 0.0, 0.0, 0.0, 0.0, 0.0, 0.0, 0.0, 0.0, 0.0, 0.0, 0.0, 0.0, 0.0]",
RandomWalk,27272,300,1,10,1,1.201,,,,,,,,,,,,,0.19516,0.1052,0.2153,0.24285,0.25723,0.19516,0.07857,0.1487,0.17826,0.1981,100,100,90,91.66667,93.33333,"[0.0, 0.0, 0.0, 0.0, 0.0, 0.0, 0.0, 0.0, 0.0, 0.0, 0.0, 0.0, 0.0, 0.0, 0.0, 0.0, 0.0, 0.0, 0.0, 0.0]",
LSTM,27272,300,1,10,1,385.676,,,,,,,,,,,,,0.20022,0.33727,0.31991,0.30262,0.29181,0.20022,0.32883,0.28684,0.2639,0.2517,102.59276,3677.69203,4.61E+10,3.84E+10,3.07E+10,"[0.39539, 0.39932, 0.40374, 0.41229, 0.42628, 0.43879, 0.44852, 0.46083, 0.46376, 0.47306, 0.474, 0.47644, 0.47866, 0.48052, 0.48199, 0.48308, 0.48394, 0.4845, 0.485, 0.48532]",
Alg_c,27272,300,1,10,1,0,1.14503,1.14503,0.87052,0.33663,0.44118,0.54944,0.68444,0.80282,0.34667,0.64348,0.59765,0.66645,,,,,,,,,,,,,,,,,"[0.0, 0.0, 0.0, 0.0, 0.13097, 0.23621, 0.0, 0.0, 0.00915, 0.0, 0.58898, 0.18742, 0.25137, 0.1918, 0.25562, 0.31821, 0.0, 0.23275, 0.0, 0.03855, 0.47506, 0.03828, 0.35235, 0.12973, 0.22538, 0.42428, 0.0, 0.59804, 0.0, 0.44191, 0.24113, 0.42138, 0.54322, 0.19317, 0.64267, 0.24303, 0.43747, 0.38946, 0.63536, 0.51475, 0.73604, 0.59909, 0.39278, 0.22607, 0.23092, 0.76597, 0.36368, 0.60807, 0.55562, 0.55229, 0.32914, 0.20216, 0.25848, 0.57434, 0.73594, 0.98944, 0.56003, 0.70835, 0.52779, 0.18825, 0.97463, 0.60599, 0.66004, 0.50962, 0.9665, 0.82302, 0.68186, 0.52915, 0.9278, 0.72017, 0.85943, 0.79224, 0.5243, 0.70724, 0.40371, 0.66578, 0.76178, 0.96639, 0.64617, 0.63384, 0.55442, 0.8516, 0.77901, 0.60443, 0.57608, 0.70859, 0.82271, 0.86165, 0.75629, 1.25303, 0.81383, 1.17504, 0.48534, 1.10787, 1.02095, 1.31117, 0.93057, 0.79319, 1.44293, 0.95724, 1.2447, 1.24139, 1.13973, 0.8924, 1.18497, 1.34968, 0.80353, 0.85892, 1.55811, 0.89397, 0.8452, 1.74179, 0.71454, 1.16346, 1.09776, 1.19355, 0.94648, 1.04013, 1.27499, 1.36279, 0.95455, 1.07483, 1.43103, 0.8488, 1.36737, 1.3206, 1.51181, 1.37241, 1.1045, 1.11894, 1.32188, 1.81792, 0.98909, 1.45742, 1.22993, 1.54896, 1.23395, 1.66292, 1.19304, 1.36753, 1.46227, 1.43691, 1.47616, 1.1057, 1.4273, 1.15809, 1.59382, 1.3919, 1.80575, 1.40684, 1.26756, 1.56522, 1.45163, 1.34668, 1.84413, 1.60513, 1.81985, 1.21245, 1.97984, 1.39069, 1.44069, 1.62229, 1.91344, 1.67239, 1.66681, 1.39225, 1.49873, 1.52268, 1.73234, 1.54721, 1.58538, 1.42567, 2.22803, 1.7198, 1.54451, 1.89163, 1.33009, 2.19854, 1.82434, 1.5759, 1.78981, 1.78309, 2.53868, 1.12523, 1.89757, 1.9287, 2.2355, 1.12879, 2.00442, 1.56932, 2.04547, 1.28497, 1.6445, 1.76928, 1.66383, 1.33674, 2.73552, 0.0, 1.68144, 1.09859, 2.64204, 4.37131, 0.0, 3.01819, 2.56737, 1.48386, 2.86391, 2.85958, 3.20797, 0.68515, 2.25109, 1.36826, 3.13037, 2.43042, 0.1291, 3.96208, 0.0, 1.48169, 2.80111, 1.89026, 2.40759, 1.2786, 2.95438, 3.67779, 4.55163, 0.0, 3.73309, 0.0, 0.79862, 1.54886, 3.40298, 0.0, 3.35221, 1.34389, 1.63432, 2.36208, 2.70667, 2.94751, 1.90377, 3.3064, 0.0, 2.21596, 2.32834, 2.60205, 0.38078, 2.60897, 1.68695, 3.36382, 2.69254, 3.86947, 0.9302, 1.71162, 3.95902, 0.0, 0.0, 2.55206, 1.5245, 2.42235, 3.31555, 1.26513, 3.61588, 4.75175, 2.77027, 0.0, 2.50807, 3.71568, 0.0, 1.33004, 1.67457, 3.03522, 4.33433, 0.0, 1.30962, 1.29107, 3.22818, 0.0, 1.53419, 2.70637, 1.23167, 2.58468, 0.0, 2.15805, 1.57338, 4.27014, NaN, 12.5526, NaN, 2.91997, 0.0, 2.94328, 0.0, 0.0, 1.01863, 4.21244, 0.0, 11.61838, NaN, NaN, 3.13398]"
UDE-NN,16782,300,1,10,1,187.573,0.1769,0.47067,0.95044,0.78431,0.80488,0.84654,0.8838,0.60843,0,0,0.20281,0.43526,0.71057,0.77905,1.7494,1.74663,1.79304,0.71057,0.74501,1.44769,1.4932,1.54886,7.2195,7.95975,14.07117,14.77055,15.57358,"[9.13176, 9.06004, 8.9402, 8.802, 8.65694, 8.50937, 8.36087, 8.21193, 8.0626, 7.9127, 7.76194, 7.60996, 7.4563, 7.30046, 7.14182, 6.97967, 6.81314, 6.64119, 6.46254, 6.27558]","[-0.00158, 0.00435, -0.03336, 0.10248, 0.09257, 0.04249, -0.07614, -0.04495, -0.12229, -0.13608, -0.04939, 0.0466, -0.10477, 0.32732, 0.38262, 0.37464, 0.36938, 0.49586, 0.48424, 0.1777, 0.16449, 0.08802, 0.09689, 0.04427, -0.00832, -0.16305, -0.04251, 0.12233, 0.09515, 0.28657, 0.32659, 0.45052, 0.51234, 0.51278, 0.32857, 0.39416, 0.30983, 0.38781, 0.29561, 0.25642, 0.42979, 0.23744, 0.08209, 0.11367, 0.24197, 0.35462, 0.30991, 0.2256, 0.05857, 0.15641, 0.45323, 0.43041, 0.4405, 0.52872, 0.51234, 0.43548, 0.43448, 0.38994, 0.61159, 0.62343, 0.51247, 0.64996, 0.74969, 0.86285, 0.91402, 0.76996, 0.53515, 0.49348, 0.70158, 0.47223, 0.56199, 0.7452, 0.77494, 0.58481, 0.55257, 0.6582, 0.61008, 0.69858, 0.72322, 0.89549, 0.88812, 0.67356, 0.71544, 0.70617, 0.858, 0.82334, 0.88872, 0.86231, 0.84625, 0.98948, 1.06231, 1.15504, 0.93528, 0.79555, 0.86814, 0.84149, 0.97028, 1.00326, 0.8577, 0.89905, 0.88463, 0.92775, 0.85937, 0.9229, 0.85169, 0.80452, 0.92564, 0.94541, 0.9392, 0.91088, 1.00529, 1.00086, 1.09984, 1.12546, 1.1398, 1.09379, 1.04801, 1.0756, 1.10786, 1.18305, 1.28796, 1.22476, 1.10813, 1.20052, 1.28759, 1.32898, 1.21474, 1.15811, 1.2165, 1.22766, 1.4933, 1.595, 1.42652, 1.4091, 1.36764, 1.34023, 1.53563, 1.48266, 1.47611, 1.34049, 1.21501, 1.26257, 1.26001, 1.34036, 1.57822, 1.50952, 1.53184, 1.56901, 1.52293, 1.46518, 1.42127, 1.52649, 1.53967, 1.40018, 1.35083, 1.39969, 1.51375, 1.41086, 1.25684, 1.34165, 1.29745, 1.05562, 1.23106, 1.34825, 1.62574, 1.68852, 1.60658, 1.73134, 1.93064, 2.03783, 2.07891, 2.10774, 2.01168, 1.68859, 1.58423, 1.49829, 1.61037, 1.64359, 1.53778, 1.42173, 1.50553, 1.45067, 1.4119, 1.45996, 1.56525, 1.65922, 1.7, 1.87134, 1.9171, 1.8828, 1.9369, 2.00143, 2.04259, 2.03479, 1.91976, 2.0528, 2.0888, 2.10729, 2.07911, 1.95286, 1.97428, 1.9461, 1.80254, 1.79155, 1.80614, 1.87148, 2.06627, 2.21288, 2.34165, 2.32684, 2.30446, 2.25975, 2.23066, 2.05991, 1.91273, 1.70143, 1.62876, 1.64317, 1.85007, 1.96572, 1.90954, 2.04628, 2.15499, 2.04675, 2.19622, 2.29841, 2.2907, 2.33713, 2.23687, 2.29527, 2.27543, 2.3192, 2.43907, 2.39124, 2.42405, 2.39834, 2.51154, 2.50741, 2.28744, 2.14485, 2.19332, 2.47787, 2.41801, 2.43029, 2.66774, 2.76083, 2.77154, 2.699, 2.59435, 2.49688, 2.33807, 2.51223, 2.63225, 2.54069, 2.79527, 2.79133, 2.60865, 2.5912, 2.49575, 2.67369, 2.68222, 2.79922, 2.63217, 2.51274, 2.51546, 2.46117, 2.36338, 2.34556, 2.23119, 2.31769, 2.54963, 2.75003, 3.02056, 3.1307, 2.99948, 2.85456, 2.84089, 2.90378, 2.89805, 2.98774, 2.85216, 2.69601, 2.65196, 2.75162, 2.96097, 2.91053, 2.8997, 2.82371, 2.92467, 3.07053, 2.97933, 3.02353, 3.0098, 3.02846, 3.00688, 3.03728, 2.90822, 2.99779, 3.2442, 3.25573]"
GP,16782,300,1,10,1,1262.808,0.05454,0.47067,0.98305,0.91925,0.90667,0.93632,0.95513,0.60423,0,0,0.20141,0.43226,0.39168,0.71381,1.37427,1.32619,1.32763,0.39168,0.65814,1.1053,1.09381,1.07639,3.9795,7.35799,10.87156,10.89166,10.76276,"[9.45065, 9.50534, 9.43299, 9.31919, 9.19331, 9.0646, 8.93597, 8.80828, 8.68175, 8.55638, 8.43207, 8.30869, 8.1861, 8.06413, 7.94261, 7.82136, 7.70019, 7.57888, 7.4572, 7.33489]","[-0.0431, -0.03314, -0.02319, -0.01324, -0.00328, 0.00667, 0.01662, 0.02657, 0.03652, 0.04647, 0.05642, 0.06638, 0.07633, 0.08628, 0.09624, 0.10619, 0.11614, 0.1261, 0.13605, 0.146, 0.15595, 0.16591, 0.17586, 0.18581, 0.19577, 0.20572, 0.21567, 0.22562, 0.23557, 0.24553, 0.25548, 0.26543, 0.27538, 0.28533, 0.29528, 0.30523, 0.31518, 0.32512, 0.33507, 0.34502, 0.35497, 0.36492, 0.37486, 0.38481, 0.39476, 0.40471, 0.41466, 0.42461, 0.43456, 0.4445, 0.45445, 0.4644, 0.47435, 0.4843, 0.49424, 0.50419, 0.51414, 0.52408, 0.53403, 0.54397, 0.55392, 0.56387, 0.57381, 0.58376, 0.5937, 0.60365, 0.61359, 0.62354, 0.63348, 0.64343, 0.65338, 0.66332, 0.67327, 0.68321, 0.69316, 0.7031, 0.71305, 0.72299, 0.73294, 0.74288, 0.75283, 0.76277, 0.77272, 0.78266, 0.79261, 0.80255, 0.8125, 0.82244, 0.83239, 0.84233, 0.85227, 0.86222, 0.87216, 0.8821, 0.89205, 0.90199, 0.91194, 0.92188, 0.93183, 0.94178, 0.95173, 0.96167, 0.97162, 0.98157, 0.99152, 1.00147, 1.01142, 1.02136, 1.03131, 1.04126, 1.05121, 1.06116, 1.07111, 1.08105, 1.091, 1.10095, 1.1109, 1.12085, 1.1308, 1.14075, 1.1507, 1.16065, 1.17059, 1.18054, 1.19049, 1.20044, 1.21038, 1.22033, 1.23028, 1.24022, 1.25017, 1.26012, 1.27006, 1.28001, 1.28996, 1.2999, 1.30985, 1.3198, 1.32974, 1.33969, 1.34964, 1.35959, 1.36953, 1.37948, 1.38943, 1.39938, 1.40933, 1.41928, 1.42923, 1.43918, 1.44913, 1.45908, 1.46903, 1.47899, 1.48894, 1.49889, 1.50884, 1.5188, 1.52875, 1.5387, 1.54866, 1.55861, 1.56857, 1.57852, 1.58848, 1.59843, 1.60839, 1.61834, 1.6283, 1.63825, 1.64821, 1.65817, 1.66812, 1.67808, 1.68804, 1.69799, 1.70795, 1.71791, 1.72787, 1.73782, 1.74778, 1.75774, 1.76769, 1.77765, 1.78761, 1.79757, 1.80753, 1.81748, 1.82744, 1.8374, 1.84736, 1.85732, 1.86728, 1.87723, 1.88719, 1.89715, 1.90711, 1.91707, 1.92703, 1.93699, 1.94695, 1.95691, 1.96687, 1.97684, 1.9868, 1.99676, 2.00672, 2.01668, 2.02664, 2.03661, 2.04657, 2.05653, 2.06649, 2.07645, 2.08641, 2.09638, 2.10634, 2.1163, 2.12626, 2.13622, 2.14619, 2.15615, 2.16611, 2.17607, 2.18603, 2.19599, 2.20596, 2.21592, 2.22588, 2.23585, 2.24581, 2.25577, 2.26573, 2.2757, 2.28566, 2.29562, 2.30558, 2.31555, 2.32551, 2.33547, 2.34543, 2.3554, 2.36536, 2.37532, 2.38528, 2.39524, 2.4052, 2.41517, 2.42513, 2.43509, 2.44505, 2.45501, 2.46497, 2.47493, 2.48489, 2.49485, 2.50481, 2.51477, 2.52473, 2.53469, 2.54466, 2.55462, 2.56458, 2.57454, 2.58449, 2.59445, 2.60441, 2.61437, 2.62433, 2.63429, 2.64425, 2.65421, 2.66417, 2.67413, 2.68409, 2.69404, 2.704, 2.71396, 2.72392, 2.73388, 2.74383, 2.75379, 2.76375, 2.77371, 2.78366, 2.79362, 2.80357, 2.81353, 2.82348, 2.83344, 2.84339, 2.85335, 2.8633, 2.87326, 2.88321, 2.89316, 2.90312, 2.91307, 2.92302, 2.93297]"
ARIMA,16782,300,1,10,1,19.146,,,,,,,,,,,,,0.589,0.62881,1.09722,1.00597,0.99535,0.589,0.61105,0.8784,0.76377,0.79124,5.98439,6.71716,8.60541,7.50596,7.99659,"[9.25332, 9.20557, 9.2191, 9.21527, 9.21636, 9.21605, 9.21614, 9.21611, 9.21612, 9.21612, 9.21612, 9.21612, 9.21612, 9.21612, 9.21612, 9.21612, 9.21612, 9.21612, 9.21612, 9.21612]",
RandomWalk,16782,300,1,10,1,1.155,,,,,,,,,,,,,0.75749,0.65794,1.17544,1.08228,1.05548,0.75749,0.64613,0.96158,0.85497,0.85545,7.69622,6.99662,9.38258,8.38624,8.57748,"[9.08484, 9.08484, 9.08484, 9.08484, 9.08484, 9.08484, 9.08484, 9.08484, 9.08484, 9.08484, 9.08484, 9.08484, 9.08484, 9.08484, 9.08484, 9.08484, 9.08484, 9.08484, 9.08484, 9.08484]",
LSTM,16782,300,1,10,1,351.007,,,,,,,,,,,,,0.0291,0.97293,0.96192,0.90882,1.01872,0.0291,0.72603,0.72517,0.69812,0.79888,0.29569,8.38075,7.49784,7.2483,8.62285,"[9.81322, 9.9565, 10.01113, 10.03896, 10.02463, 9.99337, 9.95658, 9.93195, 9.92262, 9.93041, 9.95403, 9.98518, 10.02018, 10.05433, 10.08437, 10.10888, 10.12787, 10.14228, 10.15353, 10.1631]",
Alg_c,16782,300,1,10,1,0,0.47067,0.47067,0.86624,0.56,0.64286,0.6897,0.74422,0.64309,0.1958,0,0.27963,0.51196,,,,,,,,,,,,,,,,,"[0.01011, 0.09453, 0.0, 0.3941, 0.15537, 0.23276, 0.0, 0.24581, 0.0, 0.0, 0.0, 0.37977, 0.0, 0.90962, 0.53471, 0.37289, 0.1378, 0.73877, 1.05085, 0.0, 0.15797, 0.0, 0.19461, 0.09642, 0.17449, 0.0, 0.0, 0.4775, 0.0, 0.53657, 0.19384, 0.57313, 0.61532, 0.99437, 0.0, 0.75849, 0.0, 0.86795, 0.14573, 0.0, 1.29219, 0.0582, 0.0, 0.0, 0.26833, 0.66373, 0.3286, 0.42016, 0.0, 0.0, 1.1553, 0.26346, 0.2441, 0.76362, 0.63814, 0.21967, 0.68148, 0.0, 1.18672, 0.96374, 0.0, 0.90506, 0.6583, 0.92065, 1.28427, 1.01757, 0.08644, 0.0, 1.90552, 0.0, 0.4004, 1.0414, 1.33066, 0.13369, 0.19452, 1.25135, 0.0745, 1.01585, 0.25684, 1.25355, 1.48075, 0.0, 1.05739, 0.10189, 1.55669, 0.23784, 1.28317, 0.89211, 0.24805, 1.44269, 0.43791, 2.56942, 0.39427, 0.0, 1.54966, 0.21144, 1.23121, 1.42281, 0.39161, 1.06413, 0.7321, 1.22457, 0.4832, 1.23366, 0.79312, 0.46572, 1.12316, 0.99504, 1.00101, 0.61613, 1.28157, 0.73305, 1.30681, 1.10978, 1.26226, 1.09753, 0.89839, 1.06756, 1.02213, 1.04031, 1.67185, 1.36933, 0.59428, 1.32091, 1.28893, 1.76868, 1.02886, 0.79, 1.77635, 0.13687, 1.88668, 2.51359, 0.63612, 1.62265, 1.51375, 0.37689, 2.62477, 0.80639, 2.04356, 1.39129, 0.36452, 1.82707, 1.04184, 0.67346, 2.62355, 1.04973, 1.50595, 1.76902, 1.50967, 1.52702, 1.0245, 1.75587, 1.8609, 1.19136, 1.18084, 1.24045, 1.97054, 1.49701, 0.76008, 1.68019, 1.74749, 0.22407, 1.24912, 1.06444, 1.98232, 2.00284, 1.09323, 1.57218, 2.13637, 2.18361, 2.11314, 2.4525, 2.50316, 1.274, 1.39282, 1.06671, 1.72024, 1.92849, 1.61429, 1.04687, 1.74107, 1.39284, 1.20831, 1.3068, 1.59831, 1.7521, 1.46235, 2.10958, 2.09528, 1.68921, 1.90174, 2.05507, 2.17822, 2.20958, 1.45196, 2.19721, 2.17278, 2.21637, 2.22835, 1.69007, 2.06144, 2.14785, 1.54316, 1.61043, 1.58143, 1.52686, 2.14887, 2.34469, 2.66189, 2.40848, 2.3423, 2.26805, 2.50936, 2.12109, 2.00245, 1.37714, 1.2129, 1.13997, 2.08016, 2.41717, 1.56673, 1.98693, 2.48972, 1.59181, 2.21242, 2.51076, 2.28143, 2.50507, 2.00832, 2.35539, 2.11227, 2.14006, 2.72538, 2.33356, 2.45124, 2.19589, 2.78152, 2.9338, 2.19119, 1.57002, 1.73968, 3.11671, 2.34889, 1.97649, 2.90936, 2.99518, 2.99681, 2.78682, 2.6044, 2.60446, 1.69892, 2.4883, 3.06673, 1.92538, 3.33486, 3.25518, 2.34136, 2.67431, 2.04642, 2.88392, 2.5982, 3.35242, 2.60229, 2.26517, 2.61205, 2.54017, 2.21168, 2.47711, 1.74432, 1.83947, 2.55223, 2.63786, 3.36908, 3.64254, 3.05687, 2.57192, 2.65752, 3.00383, 2.73692, 3.44359, 2.9638, 2.41606, 2.28491, 2.49128, 3.51113, 2.69237, 3.08557, 2.45108, 2.80619, 3.61335, 2.61661, 3.17591, 2.92153, 3.14344, 2.77214, 3.5933, 2.32721, 2.64941, 3.82305]"
UDE-NN,93091,300,1,10,1,208.838,0.11051,2.1492,0.97983,0.87719,0.79412,0.88371,0.92582,0.9562,0.5931,0.53465,0.69465,0.76081,0.25477,0.18382,0.19971,0.18465,0.18893,0.25477,0.16045,0.15467,0.14012,0.15025,112.78309,45.18967,34.95249,32.11459,38.03649,"[0.48067, 0.48379, 0.47937, 0.47339, 0.46726, 0.46131, 0.4556, 0.45011, 0.44484, 0.43978, 0.43491, 0.43022, 0.4257, 0.42134, 0.41714, 0.41308, 0.40916, 0.40537, 0.4017, 0.39815]","[-0.0076, -0.0063, -0.07564, 0.08265, 0.06366, 0.00764, 0.08008, -0.01392, 0.01632, 0.0074, -0.06234, -0.02974, -0.08426, 0.00177, 0.03158, 0.01785, 0.07268, 0.11184, 0.16098, 0.22979, 0.26709, 0.16342, 0.05204, 0.10282, 0.27069, 0.3091, 0.33501, 0.36863, 0.27288, 0.24977, 0.2248, 0.28514, 0.2758, 0.27656, 0.22639, 0.33468, 0.43282, 0.39951, 0.34997, 0.44656, 0.49524, 0.39334, 0.37049, 0.33101, 0.25883, 0.33324, 0.3721, 0.46932, 0.54936, 0.60915, 0.55524, 0.59218, 0.55662, 0.54964, 0.61394, 0.6079, 0.47461, 0.57488, 0.65081, 0.66466, 0.63331, 0.53252, 0.62015, 0.68608, 0.68773, 0.66435, 0.64215, 0.6654, 0.61728, 0.61328, 0.74876, 0.77072, 0.67838, 0.7723, 0.64804, 0.71997, 0.75449, 0.8353, 0.89347, 0.86313, 0.79031, 0.74857, 0.7492, 0.83639, 0.85944, 0.86434, 0.86126, 0.90827, 0.86058, 0.90282, 0.91868, 0.90085, 0.82792, 0.78969, 0.90693, 0.9462, 0.97463, 1.00006, 1.04814, 1.03948, 1.02108, 1.11822, 1.10265, 1.11048, 0.98186, 1.05201, 1.1378, 1.1194, 1.18543, 1.23666, 1.2074, 1.0936, 1.14382, 1.06792, 1.05431, 1.06338, 1.14898, 1.19165, 1.24633, 1.35683, 1.41012, 1.38595, 1.37831, 1.29504, 1.27017, 1.35515, 1.39094, 1.41413, 1.38318, 1.38436, 1.48358, 1.42608, 1.41129, 1.37245, 1.3298, 1.26246, 1.2468, 1.33683, 1.39607, 1.41717, 1.29423, 1.38296, 1.4119, 1.40974, 1.48328, 1.52865, 1.42787, 1.38992, 1.38788, 1.43342, 1.51654, 1.66224, 1.59236, 1.63517, 1.60581, 1.65067, 1.65156, 1.577, 1.63468, 1.6727, 1.55665, 1.4203, 1.466, 1.69437, 1.75533, 1.83205, 1.72835, 1.6151, 1.69291, 1.73906, 1.75718, 1.70616, 1.68837, 1.74227, 1.66765, 1.67061, 1.78766, 1.80649, 1.73893, 1.68676, 1.65152, 1.66987, 1.72357, 1.74334, 1.84836, 1.85598, 1.85651, 1.8655, 1.83902, 1.91332, 1.87644, 1.97689, 1.94369, 1.95745, 1.9745, 1.94072, 1.98973, 1.87204, 1.97328, 2.08422, 2.03446, 1.9968, 2.02707, 2.03367, 2.00902, 2.05876, 2.07638, 2.16539, 2.22043, 2.2482, 2.27238, 2.2982, 2.32741, 2.35071, 2.36805, 2.38473, 2.40178, 2.42055, 2.44807, 2.46169, 2.47513, 2.49095, 2.50161, 2.50845, 2.51375, 2.51974, 2.52318, 2.52481, 2.52664, 2.52772, 2.52993, 2.5281, 2.526, 2.52378, 2.52058, 2.51872, 2.51564, 2.50744, 2.49902, 2.4905, 2.4831, 2.47534, 2.48351, 2.47935, 2.46766, 2.45706, 2.45345, 2.44466, 2.43955, 2.43478, 2.43309, 2.42169, 2.41366, 2.40303, 2.41043, 2.38608, 2.35891, 2.34244, 2.34489, 2.36929, 2.42437, 2.45267, 2.47028, 2.48696, 2.49606, 2.52406, 2.51384, 2.49274, 2.47619, 2.46679, 2.46684, 2.4811, 2.53624, 2.60146, 2.65131, 2.64119, 2.6469, 2.64528, 2.72811, 2.80776, 2.82249, 2.83795, 2.85397, 2.85955, 2.85886, 2.86956, 2.8828, 2.90913, 2.91982, 2.92216, 2.92373, 2.92881, 2.92731, 2.92571, 2.92019, 2.92362, 2.92149, 2.91534, 2.9234, 2.93343]"
GP,93091,300,1,10,1,1224.136,0.41833,2.1492,0.97207,0.79581,0,0.58929,0.78917,0.9395,0.52121,0,0.4869,0.58523,0.44795,0.67978,2.16347,3.51247,5.05827,0.44795,0.64525,1.68702,2.58685,3.84189,198.29782,162.79165,378.18014,607.86491,1065.23165,"[0.67385, 0.88201, 1.07918, 1.28777, 1.53449, 1.85533, 2.30426, 2.96029, 3.91883, 5.23421, 6.78901, 8.19909, 9.05234, 9.35105, 9.38599, 9.34379, 9.28372, 9.22046, 9.15746, 9.09553]","[-0.04214, -0.03145, -0.02046, -0.01109, -0.00195, 0.00816, 0.0198, 0.03128, 0.04215, 0.05463, 0.06585, 0.07714, 0.08946, 0.10073, 0.11454, 0.12681, 0.13968, 0.15112, 0.16246, 0.17345, 0.18388, 0.19477, 0.20443, 0.21464, 0.22602, 0.23783, 0.25208, 0.26779, 0.28232, 0.29683, 0.31097, 0.3263, 0.34301, 0.35829, 0.37392, 0.38592, 0.39851, 0.41024, 0.4229, 0.4352, 0.44718, 0.45847, 0.46981, 0.48157, 0.49412, 0.50614, 0.51759, 0.5278, 0.53835, 0.54868, 0.55917, 0.56913, 0.57843, 0.58737, 0.59558, 0.60259, 0.60934, 0.61657, 0.62466, 0.6331, 0.64194, 0.65063, 0.65966, 0.66798, 0.67583, 0.683, 0.68947, 0.69439, 0.70029, 0.70689, 0.71386, 0.72153, 0.72885, 0.73639, 0.74507, 0.75216, 0.75893, 0.76518, 0.77033, 0.77522, 0.78012, 0.78467, 0.7908, 0.79868, 0.80677, 0.81476, 0.82244, 0.8308, 0.83949, 0.8483, 0.85918, 0.87094, 0.88184, 0.89356, 0.90563, 0.91823, 0.93071, 0.94273, 0.95437, 0.96606, 0.97902, 0.99218, 1.00437, 1.0175, 1.02835, 1.04017, 1.05265, 1.06409, 1.07494, 1.08537, 1.09566, 1.10591, 1.11558, 1.12494, 1.13332, 1.1423, 1.15044, 1.15949, 1.16889, 1.17876, 1.18864, 1.19838, 1.2075, 1.21791, 1.22863, 1.23912, 1.24944, 1.26046, 1.27171, 1.28357, 1.29334, 1.30126, 1.30919, 1.31814, 1.3289, 1.33975, 1.34966, 1.35986, 1.37008, 1.38081, 1.39058, 1.39954, 1.40846, 1.41711, 1.42667, 1.43721, 1.44746, 1.45693, 1.46588, 1.47455, 1.48325, 1.49185, 1.49991, 1.5079, 1.51667, 1.52621, 1.53723, 1.54902, 1.55789, 1.56842, 1.58014, 1.59152, 1.603, 1.61566, 1.62684, 1.63767, 1.64687, 1.65555, 1.66465, 1.67326, 1.68295, 1.69221, 1.70072, 1.70986, 1.72017, 1.73059, 1.7415, 1.75188, 1.76049, 1.76845, 1.77595, 1.78293, 1.79028, 1.79778, 1.8053, 1.81312, 1.82188, 1.83147, 1.84038, 1.84995, 1.85902, 1.86679, 1.87323, 1.87873, 1.88412, 1.88955, 1.89453, 1.89965, 1.90404, 1.90885, 1.9135, 1.9175, 1.92097, 1.92373, 1.9259, 1.92751, 1.92853, 1.92869, 1.92805, 1.92669, 1.92498, 1.92318, 1.92153, 1.91991, 1.91821, 1.91639, 1.9146, 1.91288, 1.91122, 1.90964, 1.90781, 1.90602, 1.90434, 1.90258, 1.90074, 1.89887, 1.8971, 1.89528, 1.89339, 1.89158, 1.88974, 1.88795, 1.88606, 1.88417, 1.88232, 1.88047, 1.87879, 1.87705, 1.87515, 1.87324, 1.87138, 1.86968, 1.86804, 1.86669, 1.86509, 1.86334, 1.86166, 1.86015, 1.85852, 1.85696, 1.85533, 1.85372, 1.85196, 1.85035, 1.84873, 1.84743, 1.84579, 1.8441, 1.84274, 1.84147, 1.84028, 1.83907, 1.8376, 1.83603, 1.83454, 1.83311, 1.83187, 1.83049, 1.82906, 1.8277, 1.82639, 1.82517, 1.82407, 1.82315, 1.82222, 1.8212, 1.82003, 1.81886, 1.81775, 1.81687, 1.81576, 1.81417, 1.81258, 1.81108, 1.8095, 1.80791, 1.80658, 1.80513, 1.80374, 1.80211, 1.80037, 1.79866, 1.79706, 1.79545, 1.79391, 1.79241, 1.79099, 1.78956, 1.78822, 1.78702]"
ARIMA,93091,300,1,10,1,19.306,,,,,,,,,,,,,0.24761,0.18009,0.19396,0.18088,0.18787,0.24761,0.15446,0.15484,0.13987,0.15278,109.61306,43.33061,35.29676,32.55963,40.48903,"[0.47351, 0.47063, 0.47099, 0.47094, 0.47095, 0.47095, 0.47095, 0.47095, 0.47095, 0.47095, 0.47095, 0.47095, 0.47095, 0.47095, 0.47095, 0.47095, 0.47095, 0.47095, 0.47095, 0.47095]",
RandomWalk,93091,300,1,10,1,1.112,,,,,,,,,,,,,0.22427,0.17773,0.19635,0.18202,0.18744,0.22427,0.14985,0.15046,0.13622,0.14848,99.28022,40.3313,32.75451,30.30229,37.7519,"[0.45017, 0.45017, 0.45017, 0.45017, 0.45017, 0.45017, 0.45017, 0.45017, 0.45017, 0.45017, 0.45017, 0.45017, 0.45017, 0.45017, 0.45017, 0.45017, 0.45017, 0.45017, 0.45017, 0.45017]",
LSTM,93091,300,1,10,1,419.679,,,,,,,,,,,,,0.1008,0.28339,0.34251,0.32676,0.32062,0.1008,0.22972,0.2838,0.27372,0.26199,44.62078,46.22063,52.94495,53.04747,50.42044,"[0.3267, 0.2785, 0.2457, 0.2244, 0.20874, 0.19625, 0.18967, 0.18638, 0.18356, 0.18375, 0.18445, 0.18498, 0.18553, 0.186, 0.1864, 0.18673, 0.18696, 0.18711, 0.18721, 0.18727]",
Alg_c,93091,300,1,10,1,0,2.1492,2.1492,0.89796,0.40404,0.525,0.609,0.73583,0.85507,0.3908,0.70707,0.65098,0.72464,,,,,,,,,,,,,,,,,"[0.0185, 0.157, 0.0, 0.49976, 0.09117, 0.0, 0.42607, 0.0, 0.07094, 0.13558, 0.0, 0.15153, 0.0, 0.0757, 0.10506, 0.0, 0.10071, 0.09162, 0.11731, 0.30327, 0.55514, 0.17716, 0.0, 0.0, 0.55244, 0.34775, 0.35407, 0.61561, 0.15538, 0.22004, 0.08298, 0.39671, 0.30307, 0.38427, 0.0, 0.3186, 0.70219, 0.43054, 0.0574, 0.52258, 0.80355, 0.2229, 0.41069, 0.383, 0.0, 0.39408, 0.24691, 0.5049, 0.58139, 0.84779, 0.34544, 0.76238, 0.49629, 0.37856, 0.73208, 0.97289, 0.0, 0.67898, 0.76634, 0.72409, 0.79421, 0.12628, 0.68907, 0.80965, 0.72148, 0.68917, 0.47606, 0.89108, 0.54466, 0.27647, 0.98859, 1.0679, 0.16136, 1.31486, 0.11762, 0.88898, 0.62546, 0.85757, 1.07927, 0.9438, 0.68777, 0.69193, 0.55369, 0.99653, 0.8743, 0.89154, 0.71952, 1.16954, 0.60572, 0.97297, 0.97883, 1.01089, 0.75552, 0.47838, 1.05447, 0.97289, 0.98192, 0.94574, 1.16868, 1.04371, 0.7763, 1.35068, 1.04853, 1.41296, 0.56334, 0.99201, 1.35785, 0.93403, 1.21336, 1.38836, 1.40054, 0.71138, 1.45698, 0.88191, 1.05238, 0.8874, 1.26823, 1.16511, 1.1193, 1.47287, 1.56718, 1.2969, 1.54901, 1.1797, 1.03941, 1.48302, 1.39976, 1.52147, 1.33003, 1.11535, 1.90264, 1.22572, 1.48794, 1.37431, 1.39228, 1.1667, 1.02933, 1.42228, 1.44381, 1.7717, 0.77704, 1.55472, 1.48196, 1.23037, 1.52827, 1.8414, 1.26911, 1.34813, 1.30922, 1.38659, 1.29606, 2.23401, 1.17752, 1.87998, 1.39938, 1.7673, 1.87698, 1.22694, 1.70163, 1.98327, 1.60748, 1.01581, 1.04348, 2.05689, 1.65394, 2.2213, 1.7215, 1.18804, 1.84906, 1.77104, 1.91233, 1.62919, 1.50822, 2.04966, 1.48207, 1.43795, 1.96723, 1.96694, 1.67471, 1.68793, 1.54983, 1.59779, 1.86441, 1.46743, 2.12684, 1.8268, 1.82102, 1.97517, 1.58786, 2.2214, 1.45995, 2.40574, 1.71674, 1.95043, 2.1788, 1.53844, 2.69474, 1.04697, 1.99197, 2.54952, 1.91326, 1.77628, 2.14294, 2.21318, 1.63632, 2.3795, 1.62785, 2.44105, 3.83215, 12.81555, 0.0, 1.27712, 2.98803, 5.41982, 5.21237, 0.0, 1.46751, 0.0, 3.74655, NaN, 0.0, 3.35118, 5.51791, 14.77528, NaN, 3.66266, 10.29294, NaN, 5.4476, 0.0, 5.50055, NaN, 0.0, 8.12715, NaN, 2.38968, 6.08674, NaN, 27.01056, NaN, 4.07356, 0.0, 2.72142, 5.72317, 0.0, 0.0, 2.97761, 0.0, 2.57424, 0.4459, 4.76995, NaN, 4.09298, 0.0, 3.03229, 12.07449, 0.0, 1.98214, 1.82208, 1.55372, 2.97501, 3.85506, 1.22212, 3.49489, 0.0, 3.34899, 3.28285, 1.74226, 2.2209, 2.30037, 2.39624, 1.78256, 2.55937, 2.63808, 3.52911, 1.22169, 3.2569, 0.0, 3.0468, 4.19962, 0.0, 2.67059, 3.61426, 5.50117, 0.0, 2.86274, 0.92947, 3.31961, 6.6862, 0.0, 0.0, 3.79368, 2.28475, 3.48437, 1.38261, 3.1674, 3.3183, 1.94348, 2.87779]"
UDE-NN,24415,300,1,10,1,199.974,0.22284,1.48183,0.98567,0.76768,0.16327,0.63887,0.814,0.85079,0.56818,0,0.47299,0.71903,0.23717,0.19916,0.23151,0.21473,0.20573,0.23717,0.19057,0.21226,0.19223,0.18345,62.51332,5.45E+10,2.72E+10,2.27E+10,1.82E+10,"[0.14222, 0.13483, 0.13313, 0.13499, 0.13932, 0.14548, 0.15299, 0.16146, 0.17058, 0.18006, 0.18965, 0.19917, 0.20848, 0.21749, 0.22616, 0.23446, 0.2424, 0.24998, 0.25723, 0.26417]","[0.02037, 0.01353, 0.17179, 0.28435, 0.33119, 0.24943, 0.28192, 0.3049, 0.1791, 0.1658, 0.13737, -0.00219, 0.03001, 0.21137, 0.24646, 0.25656, 0.29806, 0.25926, 0.31393, 0.35898, 0.22489, 0.2578, 0.25854, 0.21229, 0.13814, 0.12062, 0.08819, 0.16529, 0.2189, 0.31139, 0.32948, 0.38342, 0.41907, 0.36607, 0.28986, 0.41664, 0.42088, 0.36744, 0.461, 0.45046, 0.42434, 0.38417, 0.24346, 0.23842, 0.28721, 0.40397, 0.51699, 0.59238, 0.66962, 0.665, 0.61204, 0.47017, 0.57373, 0.65636, 0.65709, 0.73263, 0.77447, 0.76541, 0.58391, 0.52248, 0.39179, 0.48677, 0.55489, 0.61337, 0.70036, 0.6856, 0.58638, 0.56056, 0.50604, 0.44182, 0.54655, 0.54905, 0.69225, 0.64751, 0.66791, 0.62861, 0.70173, 0.77439, 0.75482, 0.75509, 0.75491, 0.77783, 0.72235, 0.7602, 0.73142, 0.85015, 0.96184, 0.92735, 0.85418, 0.83289, 0.90123, 1.02555, 1.01547, 0.77113, 0.84694, 0.92745, 0.90759, 0.8482, 0.90588, 1.02397, 1.11882, 1.16806, 1.05158, 0.98315, 1.01241, 0.94368, 1.01438, 0.98624, 1.11823, 0.98139, 1.07693, 1.21082, 1.19388, 1.04432, 1.14054, 1.15283, 1.07433, 1.15955, 1.24954, 1.29677, 1.39701, 1.35625, 1.36862, 1.35418, 1.41404, 1.36034, 1.35874, 1.28139, 1.25859, 1.2457, 1.34279, 1.27508, 1.27726, 1.25741, 1.34826, 1.32515, 1.41712, 1.49944, 1.43814, 1.41225, 1.40498, 1.40464, 1.46725, 1.53379, 1.4816, 1.60789, 1.4685, 1.55454, 1.54957, 1.41875, 1.44917, 1.45871, 1.47955, 1.57899, 1.62558, 1.55602, 1.51128, 1.44704, 1.34379, 1.45197, 1.47942, 1.59104, 1.70184, 1.6498, 1.57775, 1.50953, 1.49995, 1.46205, 1.38977, 1.53166, 1.58415, 1.68893, 1.72939, 1.74796, 1.83635, 1.96955, 1.86247, 1.91077, 1.93281, 1.95319, 1.85724, 1.81087, 1.84422, 1.84218, 1.85728, 1.80408, 1.90171, 1.92232, 1.97275, 2.04465, 1.94785, 1.98804, 1.99835, 2.01472, 2.0041, 1.93905, 1.88079, 1.90571, 2.01069, 1.95315, 1.90098, 1.96843, 2.04831, 1.95394, 1.97149, 1.99448, 1.96089, 2.08293, 2.19601, 2.17335, 2.18026, 2.12046, 2.12462, 2.20633, 2.12966, 2.11356, 2.22318, 2.19326, 2.2598, 2.29194, 2.05516, 2.12797, 2.22062, 2.20258, 2.04657, 2.10508, 2.17898, 2.25214, 2.15544, 2.15901, 2.35772, 2.37169, 2.27536, 2.29487, 2.50858, 2.52741, 2.61391, 2.55418, 2.54654, 2.40344, 2.39644, 2.46557, 2.51973, 2.4143, 2.54893, 2.45011, 2.40404, 2.40299, 2.4548, 2.48723, 2.61518, 2.58717, 2.56735, 2.55805, 2.53078, 2.54954, 2.56218, 2.6998, 2.67409, 2.59169, 2.63039, 2.62235, 2.61326, 2.6059, 2.59601, 2.58258, 2.56173, 2.54088, 2.51732, 2.49726, 2.4719, 2.44909, 2.43487, 2.41094, 2.37658, 2.34533, 2.30945, 2.28993, 2.28916, 2.28149, 2.26272, 2.24143, 2.21899, 2.19679, 2.18538, 2.20644, 2.21444, 2.22959, 2.2211, 2.21114, 2.2008, 2.19176, 2.17666, 2.16184, 2.14909, 2.13961, 2.12906, 2.12137, 2.11775, 2.12493]"
GP,24415,300,1,10,1,1273.845,0.68661,1.48183,0.9199,0.91667,0,0.61219,0.79823,0.80912,0.67123,0,0.49345,0.71853,0.35601,1.27961,2.71705,3.26075,3.85054,0.35601,1.11977,2.33627,2.81037,3.37119,93.83693,6.77E+11,3.39E+11,2.82E+11,2.26E+11,"[0.7354, 0.9364, 1.22739, 1.63277, 2.15937, 2.77998, 3.43238, 4.04051, 4.54858, 4.94269, 5.24293, 5.47994, 5.67874, 5.85494, 6.01696, 6.16903, 6.31324, 6.45071, 6.58207, 6.70778]","[0.00431, 0.01829, 0.03231, 0.0463, 0.05998, 0.074, 0.08747, 0.10149, 0.11476, 0.12877, 0.14248, 0.15413, 0.16666, 0.17961, 0.19302, 0.20699, 0.2207, 0.23174, 0.24435, 0.25384, 0.26533, 0.27684, 0.28912, 0.29923, 0.30423, 0.3112, 0.31473, 0.3221, 0.32939, 0.33999, 0.34987, 0.36288, 0.37229, 0.38446, 0.39711, 0.4068, 0.41707, 0.42394, 0.42548, 0.43129, 0.43722, 0.43364, 0.43521, 0.43741, 0.43251, 0.43369, 0.43644, 0.43819, 0.43966, 0.44095, 0.45302, 0.46299, 0.47493, 0.48567, 0.49685, 0.51056, 0.52438, 0.53821, 0.5519, 0.56517, 0.57856, 0.59133, 0.60444, 0.61504, 0.62609, 0.63596, 0.64796, 0.65921, 0.6718, 0.68399, 0.69635, 0.70981, 0.72198, 0.73583, 0.74985, 0.76382, 0.77751, 0.79132, 0.80409, 0.81485, 0.82691, 0.83777, 0.84948, 0.86211, 0.87517, 0.88672, 0.89982, 0.91317, 0.92538, 0.93831, 0.951, 0.96493, 0.97884, 0.99284, 1.00561, 1.01917, 1.03291, 1.04599, 1.05897, 1.06999, 1.07967, 1.0913, 1.10228, 1.11471, 1.1276, 1.14154, 1.15555, 1.16891, 1.18135, 1.19366, 1.20342, 1.21634, 1.23033, 1.24436, 1.25824, 1.27218, 1.28598, 1.3, 1.31381, 1.32721, 1.34, 1.34731, 1.35362, 1.35923, 1.36316, 1.36991, 1.36992, 1.36561, 1.35452, 1.34241, 1.33369, 1.32612, 1.3194, 1.3147, 1.31315, 1.31591, 1.31504, 1.318, 1.32119, 1.32024, 1.32067, 1.32247, 1.32268, 1.32731, 1.33393, 1.33897, 1.34898, 1.35952, 1.37313, 1.38687, 1.39867, 1.41138, 1.42528, 1.43919, 1.45262, 1.46597, 1.47801, 1.4917, 1.50546, 1.5191, 1.53175, 1.54476, 1.55543, 1.56501, 1.5773, 1.58873, 1.60118, 1.61263, 1.62371, 1.63643, 1.6496, 1.66344, 1.67737, 1.69006, 1.7031, 1.7162, 1.72683, 1.73982, 1.75228, 1.76456, 1.77841, 1.79244, 1.80586, 1.81982, 1.83007, 1.84074, 1.85124, 1.85986, 1.86332, 1.86467, 1.866, 1.86872, 1.87928, 1.89328, 1.90667, 1.9199, 1.93376, 1.9473, 1.96036, 1.9736, 1.98726, 2.00098, 2.01429, 2.02796, 2.04197, 2.05593, 2.06685, 2.07823, 2.0897, 2.10255, 2.1145, 2.12668, 2.13592, 2.14433, 2.15412, 2.15934, 2.16703, 2.17824, 2.19145, 2.20487, 2.21858, 2.23187, 2.24433, 2.25118, 2.25795, 2.26812, 2.28159, 2.29522, 2.30863, 2.32265, 2.33572, 2.34966, 2.36366, 2.37768, 2.39161, 2.40535, 2.41902, 2.43252, 2.44505, 2.45825, 2.47103, 2.47975, 2.48721, 2.49556, 2.50133, 2.50455, 2.50552, 2.50751, 2.50897, 2.50838, 2.50643, 2.50488, 2.50364, 2.50471, 2.50303, 2.50052, 2.49429, 2.48369, 2.4648, 2.43404, 2.39199, 2.33664, 2.27105, 2.2051, 2.1404, 2.07551, 2.01022, 1.94382, 1.87819, 1.81253, 1.74848, 1.68371, 1.61943, 1.55581, 1.49103, 1.42553, 1.36145, 1.29716, 1.23599, 1.17357, 1.10938, 1.04356, 0.9772, 0.91083, 0.84569, 0.78438, 0.72221, 0.65755, 0.59394, 0.528, 0.46148, 0.39516, 0.33006, 0.26394, 0.19806, 0.13345, 0.06877, 0.00348, -0.0602, -0.12343]"
ARIMA,24415,300,1,10,1,19.802,,,,,,,,,,,,,0.16202,0.37691,0.29996,0.31444,0.32203,0.16202,0.32921,0.25323,0.27243,0.2806,42.70471,2.20E+11,1.10E+11,9.15E+10,7.32E+10,"[0.54141, 0.55019, 0.54884, 0.54905, 0.54902, 0.54902, 0.54902, 0.54902, 0.54902, 0.54902, 0.54902, 0.54902, 0.54902, 0.54902, 0.54902, 0.54902, 0.54902, 0.54902, 0.54902, 0.54902]",
RandomWalk,24415,300,1,10,1,1.261,,,,,,,,,,,,,0.21926,0.42162,0.34154,0.35722,0.36524,0.21926,0.38016,0.2936,0.31434,0.32405,57.79135,2.39E+11,1.20E+11,9.98E+10,7.98E+10,"[0.59865, 0.59865, 0.59865, 0.59865, 0.59865, 0.59865, 0.59865, 0.59865, 0.59865, 0.59865, 0.59865, 0.59865, 0.59865, 0.59865, 0.59865, 0.59865, 0.59865, 0.59865, 0.59865, 0.59865]",
LSTM,24415,300,1,10,1,396.28,,,,,,,,,,,,,0.20622,0.51035,0.47152,0.5091,0.53583,0.20622,0.46072,0.43763,0.47467,0.50198,54.35628,2.89E+11,1.45E+11,1.20E+11,9.64E+10,"[0.58562, 0.63775, 0.69152, 0.72691, 0.75427, 0.78009, 0.80032, 0.81426, 0.82579, 0.83246, 0.83848, 0.84252, 0.84527, 0.84719, 0.84844, 0.84919, 0.8496, 0.84979, 0.84984, 0.8498]",
Alg_c,24415,300,1,10,1,0,1.48183,1.48183,0.90855,0.66197,0.57627,0.7156,0.80596,0.84639,0.42105,0.31111,0.52619,0.73146,,,,,,,,,,,,,,,,,"[0.04616, 0.0, 0.28912, 0.42503, 0.61836, 0.0, 0.33363, 0.61826, 0.0, 0.2237, 0.33973, 0.0, 0.0, 0.48922, 0.29248, 0.20782, 0.456, 0.07273, 0.33203, 0.69412, 0.0, 0.31465, 0.36778, 0.27504, 0.03347, 0.0926, 0.0, 0.16573, 0.16663, 0.45827, 0.25877, 0.42291, 0.60278, 0.3605, 0.0, 0.65028, 0.49133, 0.09729, 0.63675, 0.50563, 0.50699, 0.56686, 0.0, 0.0, 0.1125, 0.40071, 0.59945, 0.64979, 0.86171, 0.78461, 0.78218, 0.0, 0.58638, 0.83122, 0.50762, 0.78933, 0.85017, 1.13618, 0.29033, 0.71715, 0.0, 0.54311, 0.57401, 0.50944, 0.9196, 0.86371, 0.39394, 0.63102, 0.56151, 0.07591, 0.80815, 0.17752, 1.10882, 0.49928, 0.80076, 0.38825, 0.69371, 0.97203, 0.67823, 0.76734, 0.68007, 0.9754, 0.4985, 0.95606, 0.3877, 0.87278, 1.25111, 0.97395, 0.7667, 0.66272, 0.76777, 1.26448, 1.43367, 0.141, 0.83099, 1.12484, 0.98102, 0.61691, 0.79499, 1.08899, 1.13942, 1.53338, 0.92818, 0.76961, 1.22637, 0.64855, 1.27268, 0.57307, 1.81771, 0.31717, 1.04346, 1.5054, 1.44742, 0.53897, 1.28135, 1.3505, 0.71912, 1.12327, 1.34328, 1.1189, 1.76821, 1.14954, 1.50313, 1.11208, 1.7168, 1.12672, 1.62126, 1.07207, 1.37243, 0.80352, 1.95448, 0.92015, 1.48142, 0.88245, 1.75665, 0.924, 1.43345, 1.85832, 1.25142, 1.39305, 1.44779, 1.24342, 1.4367, 1.9365, 0.80322, 2.42062, 0.74508, 1.78508, 1.85762, 1.00422, 1.56036, 1.4403, 1.31601, 1.67537, 1.85427, 1.51494, 1.54921, 1.54582, 0.91, 1.61258, 1.29972, 1.61634, 2.03656, 1.68271, 1.57352, 1.39217, 1.55935, 1.52404, 0.95876, 1.70193, 1.45128, 1.84894, 1.77563, 1.61098, 1.78076, 2.46521, 1.51947, 1.9662, 1.92426, 2.20416, 1.71642, 1.64547, 1.92588, 1.75715, 2.07206, 1.41839, 2.14305, 1.81798, 1.80497, 2.64062, 1.3579, 2.16714, 1.97437, 2.06815, 2.11392, 1.94386, 1.73276, 1.70078, 2.39403, 1.88612, 1.65611, 1.93306, 2.4202, 1.69668, 1.93957, 2.18639, 1.58745, 2.13238, 2.49707, 2.02702, 2.36447, 1.98337, 1.91306, 2.62993, 1.94255, 1.75925, 2.65554, 1.91922, 2.28739, 2.9337, 1.32354, 2.06906, 2.39966, 2.61737, 1.42855, 2.13492, 2.11063, 2.66349, 1.87833, 1.7328, 2.72965, 2.57956, 2.03744, 1.87652, 2.95499, 2.35372, 2.93289, 2.312, 2.89646, 2.11903, 2.27861, 2.46351, 3.02499, 1.56656, 3.35215, 2.13961, 2.36178, 2.28292, 2.63196, 2.05871, 3.15141, 2.42537, 2.52796, 2.65673, 2.38477, 2.71521, 2.02407, 3.278, 2.84175, 1.96081, 2.9772, 12.76979, 0.0, 3.20096, 2.79878, 6.84173, NaN, 6.09144, 0.0, 3.33321, 0.42726, 0.0, 2.77895, 6.83134, NaN, 4.12315, 0.0, 1.86911, 2.44801, 4.90612, 7.51223, 21.70595, NaN, NaN, 1.45159, 3.30416, NaN, 3.20363, NaN, NaN, 0.0, 3.88931, NaN, 0.0, 1.17788, 4.56463, NaN, 1.75259, 0.0]"
UDE-NN,22918,300,1,10,1,206.48,0.09862,0.76359,0.95652,0.82353,0.8,0.86002,0.8987,0.88372,0.65,0.35484,0.62952,0.72788,0.04891,0.14694,0.23701,0.22012,0.20788,0.04891,0.13822,0.16921,0.1573,0.15193,15.49443,47.43936,37.91279,36.64049,36.08277,"[0.26676, 0.30705, 0.32083, 0.32357, 0.32343, 0.32267, 0.32176, 0.32083, 0.31989, 0.31894, 0.31799, 0.31704, 0.31608, 0.31512, 0.31416, 0.3132, 0.31223, 0.31127, 0.3103, 0.30934]","[-0.16808, -0.06116, 0.08548, 0.0639, 0.13496, 0.19956, 0.18161, 0.12786, 0.05835, 0.14573, 0.06298, 0.15313, 0.15887, 0.1343, 0.15533, 0.10377, -0.05766, -0.06174, -0.07362, 0.02927, 0.17202, 0.21931, 0.31524, 0.28272, 0.14668, 0.16111, 0.17416, 0.20269, 0.2608, 0.35314, 0.43708, 0.4752, 0.39852, 0.37488, 0.49804, 0.43014, 0.38872, 0.41772, 0.41946, 0.3642, 0.41099, 0.43748, 0.41221, 0.4538, 0.38513, 0.3361, 0.32469, 0.31222, 0.24583, 0.31388, 0.36029, 0.43479, 0.53336, 0.52791, 0.55734, 0.52172, 0.55433, 0.64301, 0.65734, 0.71526, 0.72829, 0.68656, 0.75419, 0.81563, 0.92683, 0.8783, 0.74044, 0.70291, 0.68923, 0.68139, 0.60321, 0.71553, 0.77417, 0.7622, 0.7544, 0.76726, 0.75887, 0.71895, 0.72, 0.70133, 0.76915, 0.77162, 0.84318, 0.8759, 0.88808, 0.83477, 0.81128, 0.78397, 0.87003, 0.91561, 0.88515, 0.97113, 1.0003, 0.98181, 0.9874, 0.90447, 0.83528, 0.83798, 0.89164, 1.0063, 1.08207, 1.12929, 1.11043, 1.0271, 1.02435, 1.05079, 1.05473, 1.03716, 1.06638, 1.12197, 1.20116, 1.17482, 1.10593, 1.12408, 1.19329, 1.16248, 1.1607, 1.17759, 1.14858, 1.26245, 1.30395, 1.29794, 1.30768, 1.16768, 1.08709, 1.14763, 1.20319, 1.31751, 1.32284, 1.29455, 1.30843, 1.38452, 1.25818, 1.14983, 1.3116, 1.39522, 1.52014, 1.61435, 1.55379, 1.55428, 1.53617, 1.47729, 1.31367, 1.2426, 1.30097, 1.37069, 1.27744, 1.41614, 1.48381, 1.42003, 1.39889, 1.4638, 1.54822, 1.53446, 1.61028, 1.68633, 1.77663, 1.81779, 1.79911, 1.71552, 1.616, 1.61695, 1.67865, 1.68846, 1.70039, 1.66288, 1.72679, 1.84736, 1.77299, 1.8121, 1.76316, 1.80152, 1.84705, 1.86999, 1.81199, 1.72977, 1.69451, 1.79099, 1.82456, 1.87372, 1.82865, 1.78622, 1.77937, 1.73812, 1.70035, 1.65451, 1.74819, 1.80592, 1.84288, 1.86275, 1.94305, 2.01126, 2.04411, 1.95471, 1.929, 1.87153, 1.93403, 1.99745, 1.99877, 2.0439, 2.02016, 2.0422, 2.00312, 2.02601, 2.01734, 2.05649, 2.05424, 2.05238, 2.05264, 2.08175, 2.10047, 2.11561, 2.17492, 2.19149, 2.2005, 2.24835, 2.24702, 2.29068, 2.27347, 2.27654, 2.2895, 2.29038, 2.30177, 2.35071, 2.37114, 2.3764, 2.36162, 2.35948, 2.3876, 2.41865, 2.37169, 2.3186, 2.30048, 2.33697, 2.37257, 2.4354, 2.44978, 2.47457, 2.46593, 2.39773, 2.36517, 2.4073, 2.37513, 2.27748, 2.33873, 2.40234, 2.40275, 2.49288, 2.40388, 2.37084, 2.38967, 2.39975, 2.54563, 2.54669, 2.59921, 2.575, 2.6215, 2.60739, 2.68603, 2.64754, 2.65202, 2.63393, 2.62668, 2.61062, 2.59673, 2.65003, 2.68919, 2.68737, 2.61634, 2.54744, 2.4847, 2.46877, 2.47621, 2.50746, 2.52161, 2.53486, 2.55373, 2.58023, 2.58489, 2.58986, 2.63735, 2.67079, 2.73081, 2.8179, 2.84056, 2.86039, 2.89591, 2.93196, 2.92864, 2.91078, 2.90063, 2.92978, 2.98648, 3.04253, 3.07342, 3.10689, 3.12146, 3.1346, 3.14953, 3.16065]"
GP,22918,300,1,10,1,1256.47,0.17252,0.76359,0.98507,0.7767,0,0.58726,0.789,0.92187,0.79661,0,0.57283,0.7696,0.02148,0.13405,0.19023,0.18552,0.17975,0.02148,0.08985,0.13364,0.13255,0.13302,6.80305,46.71301,39.10806,41.03906,42.49106,"[0.2942, 0.37595, 0.42397, 0.44546, 0.45406, 0.45753, 0.4591, 0.45998, 0.4606, 0.46111, 0.46158, 0.46201, 0.46243, 0.46282, 0.46319, 0.46355, 0.46389, 0.46421, 0.46452, 0.46482]","[-0.1163, -0.10249, -0.08857, -0.07498, -0.06259, -0.05056, -0.03756, -0.02487, -0.01085, 0.00283, 0.01622, 0.02911, 0.04363, 0.05661, 0.06937, 0.08207, 0.09546, 0.11006, 0.12453, 0.14002, 0.15646, 0.1719, 0.18707, 0.20188, 0.21725, 0.23074, 0.24553, 0.26032, 0.27402, 0.28797, 0.30209, 0.3156, 0.32874, 0.34101, 0.35469, 0.36865, 0.38197, 0.39541, 0.40858, 0.42191, 0.43484, 0.44616, 0.45617, 0.46614, 0.47627, 0.48553, 0.49523, 0.50601, 0.51843, 0.53181, 0.54612, 0.55994, 0.57324, 0.58599, 0.59776, 0.60949, 0.61996, 0.63029, 0.64168, 0.65304, 0.66535, 0.67749, 0.68948, 0.70331, 0.71806, 0.73385, 0.74838, 0.76306, 0.77761, 0.79311, 0.80918, 0.82317, 0.83775, 0.85267, 0.86643, 0.87896, 0.89002, 0.9012, 0.91112, 0.92076, 0.92979, 0.93796, 0.94467, 0.95093, 0.95663, 0.96215, 0.96741, 0.97325, 0.97939, 0.98596, 0.99226, 0.99808, 1.00412, 1.01075, 1.01735, 1.02445, 1.03114, 1.03863, 1.04663, 1.05471, 1.06252, 1.06967, 1.07536, 1.07999, 1.08456, 1.08926, 1.09429, 1.0996, 1.10514, 1.11089, 1.11653, 1.12238, 1.12881, 1.13573, 1.14287, 1.15034, 1.15749, 1.16316, 1.16841, 1.17301, 1.17729, 1.18106, 1.18455, 1.18816, 1.19121, 1.19477, 1.19933, 1.20531, 1.21261, 1.22068, 1.22987, 1.24105, 1.2529, 1.26346, 1.27445, 1.28581, 1.29702, 1.30916, 1.32196, 1.33652, 1.35091, 1.36553, 1.38144, 1.39749, 1.41349, 1.43025, 1.44614, 1.46273, 1.47942, 1.49409, 1.5079, 1.5212, 1.53308, 1.54468, 1.55605, 1.56837, 1.58104, 1.59365, 1.60611, 1.61809, 1.62922, 1.64011, 1.65001, 1.66077, 1.67158, 1.68292, 1.69543, 1.70864, 1.72053, 1.73168, 1.74374, 1.75666, 1.76993, 1.78304, 1.79497, 1.80622, 1.8178, 1.83019, 1.84372, 1.85735, 1.87069, 1.88344, 1.8959, 1.90741, 1.91877, 1.92992, 1.94191, 1.9558, 1.97017, 1.98563, 1.99846, 2.01099, 2.02264, 2.03442, 2.04624, 2.05749, 2.06785, 2.07766, 2.08596, 2.09284, 2.09975, 2.10589, 2.11178, 2.11668, 2.1205, 2.12345, 2.12572, 2.12708, 2.12793, 2.12855, 2.12929, 2.12991, 2.13055, 2.13154, 2.13223, 2.13291, 2.1338, 2.13441, 2.13537, 2.13605, 2.13689, 2.13765, 2.13831, 2.13907, 2.14002, 2.1407, 2.14121, 2.1416, 2.1423, 2.14316, 2.14405, 2.14469, 2.1455, 2.14662, 2.148, 2.14954, 2.15125, 2.15309, 2.15513, 2.15726, 2.15953, 2.16213, 2.16545, 2.16963, 2.1753, 2.18365, 2.19572, 2.2107, 2.22624, 2.24075, 2.2558, 2.2695, 2.28269, 2.29561, 2.30922, 2.32085, 2.33108, 2.34159, 2.35215, 2.36197, 2.37131, 2.37955, 2.38685, 2.39307, 2.39846, 2.40333, 2.40767, 2.41178, 2.41554, 2.41873, 2.42132, 2.4232, 2.42437, 2.42498, 2.42559, 2.42593, 2.42633, 2.4268, 2.42736, 2.42775, 2.42825, 2.42919, 2.42989, 2.43067, 2.43136, 2.43162, 2.43194, 2.43268, 2.43332, 2.43371, 2.43406, 2.43479, 2.43571, 2.43655, 2.43711, 2.43735, 2.43772, 2.43789, 2.43809, 2.43844]"
ARIMA,22918,300,1,10,1,20.023,,,,,,,,,,,,,0.10375,0.22923,0.32983,0.30998,0.29749,0.10375,0.20193,0.27006,0.25039,0.24057,32.86722,49.15049,54.16591,51.86827,50.59931,"[0.21192, 0.18932, 0.18793, 0.18442, 0.1837, 0.18308, 0.18288, 0.18276, 0.18271, 0.18269, 0.18268, 0.18267, 0.18267, 0.18267, 0.18267, 0.18267, 0.18267, 0.18267, 0.18267, 0.18267]",
RandomWalk,22918,300,1,10,1,1.191,,,,,,,,,,,,,0.11695,0.22127,0.31898,0.29908,0.28626,0.11695,0.19898,0.26064,0.23986,0.22894,37.04872,49.85804,52.74424,49.81095,47.99626,"[0.19872, 0.19872, 0.19872, 0.19872, 0.19872, 0.19872, 0.19872, 0.19872, 0.19872, 0.19872, 0.19872, 0.19872, 0.19872, 0.19872, 0.19872, 0.19872, 0.19872, 0.19872, 0.19872, 0.19872]",
LSTM,22918,300,1,10,1,326.796,,,,,,,,,,,,,0.12391,0.23077,0.35311,0.33815,0.33604,0.12391,0.20602,0.29368,0.28283,0.28645,39.25215,51.00734,60.03068,60.85125,63.83981,"[0.19176, 0.21361, 0.19403, 0.18145, 0.16819, 0.15993, 0.14811, 0.13843, 0.13143, 0.12054, 0.11056, 0.10159, 0.09224, 0.08302, 0.07401, 0.06519, 0.05655, 0.04811, 0.03988, 0.03181]",
Alg_c,22918,300,1,10,1,0,0.76359,0.76359,0.88889,0.53623,0.52778,0.65097,0.74988,0.8,0.49398,0.36066,0.55154,0.63258,,,,,,,,,,,,,,,,,"[0.0, 0.0, 0.43316, 0.0, 0.16316, 0.36066, 0.23869, 0.1566, 0.0, 0.52386, 0.0, 0.29593, 0.21894, 0.0272, 0.29693, 0.30481, 0.0, 0.0, 0.0, 0.0, 0.35597, 0.13241, 0.5979, 0.54062, 0.0, 0.14759, 0.14327, 0.14285, 0.1915, 0.36709, 0.52628, 0.7224, 0.26024, 0.07924, 0.88601, 0.35813, 0.24323, 0.47701, 0.53019, 0.15557, 0.44484, 0.56654, 0.22045, 0.71279, 0.30767, 0.25895, 0.33149, 0.43717, 0.0, 0.34529, 0.30395, 0.38161, 0.7539, 0.42725, 0.71413, 0.37943, 0.43909, 0.82745, 0.53042, 0.80512, 0.87255, 0.42776, 0.78218, 0.73768, 1.24301, 1.049, 0.53831, 0.65925, 0.69448, 0.83776, 0.20943, 0.83004, 0.92391, 0.75601, 0.70599, 0.81381, 0.83507, 0.61185, 0.80551, 0.48128, 0.98495, 0.53258, 0.97169, 0.84883, 1.08773, 0.66911, 0.94204, 0.43258, 0.99781, 1.18442, 0.43201, 1.20899, 1.10545, 0.81637, 1.23868, 0.83835, 0.68847, 0.78724, 0.75346, 1.11595, 1.08524, 1.21843, 1.34349, 0.71651, 0.99098, 1.13336, 1.14356, 0.89764, 1.05242, 0.96809, 1.51589, 1.27017, 0.87502, 0.98717, 1.49352, 1.05707, 1.09217, 1.46167, 0.57271, 1.5873, 1.41663, 0.97613, 1.97953, 0.85084, 0.51384, 1.44862, 0.90922, 1.64466, 1.3578, 1.1833, 1.14643, 1.82784, 1.2179, 0.5417, 1.57143, 1.25825, 1.53934, 1.94707, 1.41192, 1.59212, 1.61857, 1.68378, 1.12698, 0.97315, 1.2508, 1.67047, 0.84079, 1.50112, 1.75399, 1.32349, 1.22984, 1.41354, 1.80342, 1.29046, 1.63923, 1.64369, 1.86851, 1.91381, 1.91437, 1.75643, 1.42912, 1.50633, 1.82205, 1.63477, 1.84618, 1.43472, 1.56232, 2.33343, 1.37767, 2.07355, 1.55555, 1.79979, 1.87125, 2.02575, 1.85071, 1.6616, 1.41303, 1.94628, 1.76632, 2.07207, 1.80678, 1.70055, 1.86785, 1.7145, 1.78341, 1.33021, 1.83967, 1.84517, 1.89446, 1.7302, 1.96688, 2.03743, 2.31872, 1.76792, 2.06817, 1.58925, 1.94233, 2.18524, 1.75968, 2.31089, 1.75853, 2.32089, 1.70981, 2.28422, 1.69596, 2.33116, 1.98923, 2.16076, 0.49112, 2.44711, 2.76326, 0.0, 2.86855, 2.6567, 0.0, 3.39828, 0.0, 3.3647, 0.0, 2.13507, 2.72609, 1.92415, 1.03888, 2.83101, 2.67956, 4.76466, 0.0, 1.63036, 2.1784, 3.65838, 1.97224, 1.41538, 1.76808, 2.67762, 1.93601, 2.9589, 2.11451, 2.59345, 2.90185, 2.17878, 1.75421, 2.8868, 2.8523, 1.4247, 2.48818, 2.57219, 2.20253, 2.87025, 2.24826, 2.26466, 2.45174, 2.05548, 2.91685, 2.39464, 2.82787, 2.31686, 2.85456, 2.2895, 3.05404, 2.45454, 2.75161, 2.57591, 2.6677, 2.67631, 2.32913, 2.74511, 2.7388, 2.93657, 2.50302, 2.59332, 2.22186, 2.31464, 1.32913, 3.09861, 2.24939, 1.52315, 1.7389, 3.64505, 3.02147, 0.0, 3.1203, 1.31083, 2.04527, 4.29486, 0.0, 0.0, 2.90952, 4.12004, 9.03181, 0.0, 1.81402, 2.6074, 2.95936, 5.43025, NaN, 4.97127, 0.0, 0.0, 3.91323]"
UDE-NN,9503,300,1,10,1,210.921,0.16522,18.79803,0.96067,0.89041,0.97619,0.94243,0.94366,0.91756,0.45614,0.67717,0.68362,0.75471,0.66729,0.35205,0.29446,0.27932,0.25616,0.66729,0.27387,0.24017,0.22649,0.2025,87.25418,4.55E+10,4.82E+10,6.15E+10,4.92E+10,"[0.09748, 0.14505, 0.19309, 0.22742, 0.24406, 0.25019, 0.25244, 0.25354, 0.2543, 0.25493, 0.25549, 0.256, 0.25645, 0.25685, 0.25721, 0.25752, 0.25779, 0.25802, 0.25821, 0.25837]","[0.02049, -0.13934, -0.23679, -0.34755, -0.22309, -0.0735, -0.07881, 0.09792, 0.33531, 0.33223, 0.23115, 0.20936, 0.26486, 0.25696, 0.25049, 0.15864, 0.11731, 0.05826, 0.16703, 0.24232, 0.16937, 0.14789, 0.26391, 0.17828, 0.32099, 0.5615, 0.53576, 0.40199, 0.4021, 0.4865, 0.37539, 0.31377, 0.25452, 0.29165, 0.35668, 0.34605, 0.31358, 0.21244, 0.21382, 0.33079, 0.40111, 0.32839, 0.29864, 0.30917, 0.4012, 0.52971, 0.47621, 0.51327, 0.49243, 0.39752, 0.39762, 0.4079, 0.36606, 0.43959, 0.50912, 0.63511, 0.62292, 0.6299, 0.56525, 0.51575, 0.4108, 0.34919, 0.43646, 0.50681, 0.53554, 0.66963, 0.63177, 0.75201, 0.73459, 0.74858, 0.71232, 0.61485, 0.53741, 0.6033, 0.78299, 0.75995, 0.75334, 0.71678, 0.65086, 0.69439, 0.7281, 0.74495, 0.67386, 0.6893, 0.81232, 0.83287, 0.7884, 0.80704, 0.7686, 0.78427, 0.7181, 0.82577, 0.95164, 0.96694, 0.94602, 0.82358, 0.85189, 0.86263, 0.86791, 0.82363, 0.8424, 0.99013, 0.99517, 0.9636, 0.90078, 0.85166, 0.87915, 1.00038, 1.13058, 1.06348, 1.14897, 1.13296, 1.10872, 1.04923, 1.10909, 1.21524, 1.23301, 1.27234, 1.29625, 1.44715, 1.40034, 1.35351, 1.27098, 1.19244, 1.13589, 1.09052, 1.19292, 1.20844, 1.26477, 1.33592, 1.42451, 1.46702, 1.45739, 1.58277, 1.52658, 1.50965, 1.53851, 1.52556, 1.53515, 1.48435, 1.45354, 1.42724, 1.41195, 1.40624, 1.40653, 1.46698, 1.40079, 1.37703, 1.46105, 1.63068, 1.65955, 1.64659, 1.61906, 1.56218, 1.5816, 1.62429, 1.64052, 1.6342, 1.49028, 1.43649, 1.50494, 1.481, 1.46209, 1.50598, 1.51324, 1.6241, 1.69773, 1.65334, 1.59601, 1.75616, 1.81431, 1.74782, 1.76383, 1.70168, 1.78208, 1.78948, 1.70572, 1.67819, 1.76713, 1.83699, 1.73208, 1.74091, 1.83484, 1.75295, 1.70984, 1.67613, 1.73177, 1.69973, 1.78045, 1.92162, 1.979, 2.00463, 2.01523, 1.93737, 1.98687, 2.08142, 2.06731, 2.03482, 2.05165, 1.98807, 1.92369, 1.8741, 1.86081, 1.86149, 1.86485, 1.86276, 1.86735, 1.84594, 1.81326, 1.79991, 1.78145, 1.79828, 1.80051, 1.78995, 1.77302, 1.76937, 1.78258, 1.82895, 1.85831, 1.87745, 1.89643, 1.91334, 1.93039, 1.95135, 1.97738, 1.99847, 2.02804, 2.06287, 2.09956, 2.14614, 2.20315, 2.26842, 2.33478, 2.38648, 2.42511, 2.45558, 2.49322, 2.49359, 2.49357, 2.49559, 2.49632, 2.50358, 2.49147, 2.4734, 2.46077, 2.46234, 2.46752, 2.47502, 2.47677, 2.47411, 2.48559, 2.50714, 2.5308, 2.53984, 2.55984, 2.57143, 2.59458, 2.62104, 2.63421, 2.6388, 2.65985, 2.68638, 2.71128, 2.73715, 2.78837, 2.79534, 2.80301, 2.81661, 2.83635, 2.84645, 2.8565, 2.869, 2.89663, 2.92483, 2.95999, 3.00563, 3.01449, 3.0235, 3.03071, 3.04781, 3.06729, 3.07864, 3.09742, 3.12667, 3.13864, 3.15014, 3.16245, 3.18054, 3.22981, 3.25891, 3.28513, 3.30896, 3.33053, 3.35699, 3.38726, 3.39499, 3.40164, 3.40674, 3.41161, 3.42309]"
GP,9503,300,1,10,1,1287.684,0.48945,18.79803,0.82217,0.70968,0,0.51062,0.67933,0.74419,0.78261,0,0.50893,0.51085,0.06289,0.44101,0.46842,0.51911,0.53196,0.06289,0.3704,0.40438,0.45585,0.47754,8.22306,1.43E+11,1.50E+11,1.93E+11,1.55E+11,"[0.70187, 0.70179, 0.70637, 0.71403, 0.72376, 0.73493, 0.74715, 0.7602, 0.77393, 0.78825, 0.80315, 0.81861, 0.83465, 0.85132, 0.86866, 0.88675, 0.90569, 0.92557, 0.94652, 0.96872]","[-0.00329, 0.00452, 0.01213, 0.01896, 0.0275, 0.03659, 0.04513, 0.0533, 0.0628, 0.06974, 0.07575, 0.08201, 0.08875, 0.096, 0.10358, 0.11106, 0.11932, 0.12703, 0.13429, 0.14254, 0.15114, 0.15896, 0.16746, 0.17669, 0.18632, 0.19765, 0.20922, 0.22018, 0.23111, 0.24263, 0.2542, 0.26463, 0.27529, 0.28693, 0.29874, 0.31242, 0.32466, 0.33815, 0.35003, 0.3615, 0.37185, 0.38172, 0.3923, 0.40324, 0.41473, 0.42641, 0.4383, 0.44933, 0.4591, 0.46843, 0.47757, 0.48588, 0.49362, 0.5025, 0.51252, 0.52197, 0.53131, 0.54026, 0.55002, 0.5598, 0.57103, 0.58141, 0.59165, 0.60083, 0.61082, 0.62145, 0.63163, 0.64185, 0.65305, 0.66383, 0.67679, 0.68883, 0.70014, 0.71282, 0.72502, 0.73401, 0.74319, 0.75305, 0.76202, 0.77229, 0.78266, 0.79345, 0.80286, 0.81201, 0.82127, 0.8313, 0.84241, 0.85396, 0.86513, 0.87616, 0.88854, 0.89941, 0.91149, 0.92307, 0.93312, 0.94386, 0.95521, 0.96956, 0.98451, 0.99847, 1.01194, 1.02474, 1.03624, 1.04793, 1.06058, 1.07105, 1.08173, 1.09287, 1.10413, 1.11529, 1.12562, 1.13642, 1.14712, 1.15959, 1.17227, 1.1857, 1.19666, 1.20736, 1.21754, 1.22905, 1.23948, 1.25026, 1.26173, 1.27203, 1.28282, 1.29476, 1.30638, 1.31824, 1.33131, 1.34341, 1.3558, 1.36947, 1.38105, 1.39326, 1.40444, 1.41472, 1.42591, 1.43545, 1.44586, 1.45618, 1.46576, 1.47441, 1.48262, 1.49067, 1.49874, 1.50539, 1.51177, 1.51854, 1.52578, 1.53392, 1.54218, 1.55025, 1.55768, 1.56581, 1.57324, 1.58103, 1.5888, 1.59615, 1.60405, 1.61222, 1.62095, 1.62988, 1.63888, 1.64911, 1.65783, 1.66637, 1.6759, 1.6856, 1.69635, 1.70683, 1.71732, 1.72638, 1.73486, 1.74394, 1.75105, 1.75878, 1.76673, 1.77534, 1.78357, 1.78999, 1.79641, 1.80273, 1.80997, 1.81607, 1.8219, 1.82712, 1.83207, 1.83637, 1.84048, 1.84579, 1.85072, 1.85368, 1.85566, 1.85652, 1.85669, 1.8566, 1.85588, 1.85427, 1.85213, 1.85015, 1.84769, 1.84526, 1.84312, 1.84112, 1.83902, 1.83693, 1.83481, 1.83273, 1.83056, 1.82836, 1.82626, 1.82403, 1.82201, 1.81979, 1.81746, 1.8151, 1.81287, 1.81067, 1.8085, 1.80606, 1.80348, 1.80092, 1.79831, 1.79574, 1.79338, 1.791, 1.78849, 1.78621, 1.78381, 1.78141, 1.77915, 1.77689, 1.77463, 1.77239, 1.77007, 1.7677, 1.76533, 1.76302, 1.76053, 1.7581, 1.75573, 1.75336, 1.75106, 1.74862, 1.74614, 1.74386, 1.74169, 1.7395, 1.73726, 1.73495, 1.73265, 1.7305, 1.72833, 1.7261, 1.72376, 1.72158, 1.71936, 1.71719, 1.71493, 1.7126, 1.71029, 1.70817, 1.70594, 1.70367, 1.70139, 1.69926, 1.69683, 1.69441, 1.69211, 1.68976, 1.68722, 1.68467, 1.6823, 1.68006, 1.6777, 1.6754, 1.67309, 1.6706, 1.66816, 1.66576, 1.6635, 1.66117, 1.65876, 1.65648, 1.65413, 1.65157, 1.649, 1.64655, 1.64426, 1.64209, 1.63967, 1.63718, 1.63466, 1.63216, 1.62974, 1.62727, 1.62468, 1.62208, 1.61948, 1.61699]"
ARIMA,9503,300,1,10,1,19.029,,,,,,,,,,,,,0.19213,0.34436,0.33553,0.3647,0.35453,0.19213,0.28516,0.26841,0.30283,0.29934,25.12253,1.15E+11,1.15E+11,1.43E+11,1.15E+11,"[0.57263, 0.57263, 0.57263, 0.57263, 0.57263, 0.57263, 0.57263, 0.57263, 0.57263, 0.57263, 0.57263, 0.57263, 0.57263, 0.57263, 0.57263, 0.57263, 0.57263, 0.57263, 0.57263, 0.57263]",
RandomWalk,9503,300,1,10,1,1.179,,,,,,,,,,,,,0.05557,0.4406,0.44026,0.4748,0.46793,0.05557,0.3671,0.37688,0.41599,0.41718,7.26646,1.42E+11,1.42E+11,1.77E+11,1.42E+11,"[0.70919, 0.70919, 0.70919, 0.70919, 0.70919, 0.70919, 0.70919, 0.70919, 0.70919, 0.70919, 0.70919, 0.70919, 0.70919, 0.70919, 0.70919, 0.70919, 0.70919, 0.70919, 0.70919, 0.70919]",
LSTM,9503,300,1,10,1,433.971,,,,,,,,,,,,,0.29958,0.25509,0.23888,0.25311,0.23802,0.29958,0.23124,0.20285,0.2189,0.20313,39.17264,7.95E+10,7.94E+10,9.92E+10,7.94E+10,"[0.46518, 0.37131, 0.39706, 0.39748, 0.39686, 0.40222, 0.39955, 0.3992, 0.39786, 0.39609, 0.39667, 0.39703, 0.39687, 0.39683, 0.39681, 0.39678, 0.39679, 0.3968, 0.39681, 0.39681]",
Alg_c,9503,300,1,10,1,0,18.79803,18.79803,0.91014,0.50485,0.59375,0.66958,0.77827,0.88489,0.53659,0.72917,0.71688,0.78112,,,,,,,,,,,,,,,,,"[0.36527, 0.0, 0.0, 0.0, 0.0, 0.25191, 0.0, 0.0, 0.80409, 0.49123, 0.05249, 0.0543, 0.40476, 0.23719, 0.42361, 0.06127, 0.17752, 0.0, 0.24863, 0.55354, 0.04914, 0.0, 0.65682, 0.0, 0.12703, 1.12207, 0.78447, 0.12048, 0.25255, 0.86854, 0.30646, 0.2675, 0.04117, 0.25737, 0.52799, 0.45756, 0.44931, 0.0, 0.0, 0.41119, 0.68761, 0.25819, 0.17743, 0.10965, 0.36788, 0.87883, 0.35535, 0.62376, 0.63368, 0.21314, 0.36119, 0.51938, 0.13112, 0.41227, 0.41026, 0.9112, 0.58725, 0.7737, 0.55427, 0.61936, 0.28747, 0.02015, 0.46872, 0.56478, 0.35395, 0.98712, 0.36639, 0.99259, 0.70187, 0.87087, 0.86114, 0.51628, 0.13534, 0.24121, 1.1918, 0.72883, 0.8099, 0.75423, 0.4325, 0.70107, 0.77648, 0.92024, 0.49972, 0.47386, 1.02664, 0.96722, 0.69076, 0.9009, 0.7064, 0.91442, 0.36745, 0.75698, 1.18797, 1.06261, 1.14907, 0.53377, 0.81187, 0.91703, 0.95278, 0.63717, 0.55018, 1.26189, 1.11882, 1.05335, 0.86359, 0.66666, 0.65946, 1.01195, 1.5242, 0.79436, 1.32598, 1.1661, 1.14475, 0.77677, 0.9392, 1.38343, 1.20735, 1.25948, 1.04825, 1.83652, 1.42949, 1.42911, 1.26415, 1.14341, 1.06203, 0.79619, 1.31783, 1.15501, 1.21604, 1.32299, 1.53414, 1.53063, 1.23133, 1.92567, 1.4347, 1.39711, 1.62235, 1.49474, 1.65298, 1.45045, 1.44546, 1.40625, 1.39328, 1.40727, 1.23638, 1.77614, 1.29965, 1.16905, 1.28198, 1.92212, 1.72707, 1.66369, 1.6957, 1.39888, 1.54136, 1.67497, 1.65393, 1.93053, 1.28494, 1.18897, 1.69476, 1.44271, 1.32869, 1.59644, 1.29521, 1.68918, 1.93692, 1.66602, 1.17652, 1.91242, 2.07751, 1.5665, 1.95543, 1.35645, 1.94044, 1.96448, 1.57932, 1.43018, 1.78475, 2.26062, 1.40256, 1.51374, 2.26109, 1.61045, 1.7414, 1.42985, 2.07983, 1.34912, 1.66729, 2.09477, 1.99529, 1.92264, 2.47051, 1.34742, 1.82715, 2.60146, 2.33871, 0.0, 3.22853, NaN, 0.0, 1.15799, 1.81529, 1.82077, 2.11894, 1.30608, 2.49608, 2.53382, 0.0, 2.35446, 0.0, 2.16445, 2.36176, 3.186, 0.0, 1.30317, 0.40311, 2.12583, 5.72917, NaN, 6.70817, NaN, NaN, 1.61173, 3.9086, 0.0, 1.80564, 2.3339, 0.0, 1.69741, 1.6877, 2.15753, 2.93595, 3.56542, 4.26769, 0.0, 4.31527, NaN, 1.40678, 3.06534, 0.0, 3.50392, 9.83233, NaN, 1.68523, 2.41569, 2.28975, 2.89505, 3.59851, 0.0, 2.25833, 2.36357, 3.88748, 0.0, 2.97917, 1.03127, 2.37915, 3.39973, 4.70667, 0.0, 2.51011, 2.83313, 3.12538, 0.0, 3.67827, NaN, 0.0, 2.23325, 4.32762, 37.85932, NaN, 0.26933, 2.88449, 0.34756, 2.24036, 4.71708, NaN, 4.47832, 0.0, 2.85049, 5.09212, 0.0, 2.36418, 4.92498, NaN, NaN, 0.0, 0.26046, 3.42114, 5.30362, 4.77418, 5.71634, 0.0, 2.93536, 5.76085, 0.0, 12.56546, 318.83546, NaN]"
UDE-NN,38315,300,1,10,1,198.945,0.13835,3.72187,0.96275,0.80263,0.77922,0.8482,0.89239,0.92683,0.75,0.875,0.85061,0.88316,0.37641,0.20843,0.30577,0.28529,0.36245,0.37641,0.15914,0.25319,0.22801,0.24887,100,18984.10031,9542.05002,268477.0302,3.78E+06,"[0.0, 0.0, 0.0, 0.0, 0.0, 0.0, 0.0, 0.0, 0.0, 0.0, 0.0, 1.0e-5, 1.0e-5, 2.0e-5, 3.0e-5, 6.0e-5, 0.00012, 0.00022, 0.0004, 0.00075]","[-0.23321, -0.19177, -0.03918, -0.01923, 0.13048, 0.10346, -0.09579, -0.23482, -0.27081, -0.19276, -0.06462, 0.05852, 0.19051, 0.2074, 0.07024, 0.05272, 0.18375, 0.28228, 0.37729, 0.14849, 0.06724, 0.0958, 0.25569, 0.21806, 0.09027, 0.05305, -0.04347, -0.12946, 0.06444, 0.21663, 0.27058, 0.2698, 0.37291, 0.4238, 0.40581, 0.40189, 0.398, 0.40716, 0.42006, 0.39459, 0.45887, 0.31677, 0.43434, 0.32898, 0.34661, 0.33974, 0.53445, 0.56727, 0.56126, 0.46352, 0.50965, 0.61713, 0.64673, 0.6273, 0.58095, 0.58126, 0.47991, 0.59366, 0.61355, 0.52835, 0.54322, 0.58752, 0.57997, 0.54006, 0.42679, 0.5114, 0.64256, 0.52498, 0.57946, 0.65143, 0.78801, 0.89255, 0.95956, 0.93851, 1.06285, 1.08711, 0.96137, 0.95317, 0.91407, 0.76697, 0.77771, 0.67492, 0.67979, 0.68015, 0.87081, 0.8085, 0.67397, 0.64901, 0.72407, 0.77723, 0.84873, 0.77023, 0.81765, 0.76925, 0.89571, 1.06597, 1.038, 1.02197, 1.12003, 1.12531, 1.09405, 0.92882, 1.03383, 1.06823, 1.02433, 1.03733, 0.91708, 0.98638, 1.05575, 0.9572, 1.08745, 1.12722, 1.08095, 1.12939, 1.12396, 1.04359, 1.11959, 1.22436, 1.23998, 1.1147, 1.07152, 1.05544, 1.04389, 1.15366, 1.24388, 1.31621, 1.39528, 1.39617, 1.42122, 1.45229, 1.47485, 1.40693, 1.29308, 1.29032, 1.20647, 1.33812, 1.32778, 1.3491, 1.35927, 1.33355, 1.40334, 1.41503, 1.45271, 1.5271, 1.47468, 1.54556, 1.47978, 1.53301, 1.55433, 1.58079, 1.39384, 1.33124, 1.34055, 1.26271, 1.2154, 1.28257, 1.41341, 1.50808, 1.57597, 1.58177, 1.51118, 1.38852, 1.40214, 1.45852, 1.48451, 1.50857, 1.54853, 1.63994, 1.68361, 1.79119, 1.76548, 1.75849, 1.74203, 1.77691, 1.78761, 1.7159, 1.71252, 1.74963, 1.62421, 1.6512, 1.61027, 1.65802, 1.51555, 1.54328, 1.5999, 1.72397, 1.75848, 1.7316, 1.67119, 1.67134, 1.77008, 1.89148, 1.80981, 1.75631, 1.86617, 1.91971, 1.9952, 2.07337, 2.12955, 2.22986, 2.15908, 2.1135, 2.0165, 2.17304, 2.05336, 1.97015, 1.99268, 1.9813, 1.96224, 1.92987, 1.83148, 1.93657, 1.98549, 2.17177, 2.18676, 2.11929, 2.24562, 2.297, 2.24847, 2.40092, 2.32086, 2.36489, 2.30944, 2.35401, 2.35699, 2.32804, 2.24499, 2.32307, 2.45143, 2.4491, 2.50018, 2.34989, 2.30179, 2.36504, 2.49286, 2.40902, 2.27974, 2.30293, 2.31717, 2.46425, 2.44323, 2.49966, 2.43573, 2.41109, 2.43407, 2.51076, 2.4937, 2.40711, 2.36663, 2.46947, 2.54893, 2.51125, 2.5748, 2.60763, 2.62986, 2.63524, 2.64288, 2.63987, 2.63806, 2.64853, 2.62007, 2.59046, 2.56231, 2.52907, 2.4885, 2.44523, 2.42672, 2.42562, 2.43598, 2.44581, 2.4998, 2.59569, 2.62652, 2.66456, 2.70205, 2.7597, 2.74576, 2.72947, 2.71333, 2.69457, 2.67575, 2.65687, 2.63945, 2.62895, 2.6186, 2.63568, 2.65123, 2.69357, 2.70931, 2.73155, 2.7174, 2.70179, 2.68589, 2.67024, 2.65599, 2.64052, 2.64155, 2.6568, 2.66841, 2.67802]"
GP,38315,300,1,10,1,1265.939,0.53972,3.72187,0.91005,0.94675,0,0.61893,0.79313,0.79539,0.70345,0,0.49961,0.68993,0.37641,0.20843,0.30577,0.28529,0.36245,0.37641,0.15914,0.25319,0.22801,0.24887,100,18984.10057,9542.05015,268478.1928,3.78E+06,"[0.0, 0.0, 0.0, 0.0, 0.0, 0.0, 0.0, 0.0, 0.0, 0.0, 0.0, 1.0e-5, 1.0e-5, 2.0e-5, 3.0e-5, 6.0e-5, 0.00012, 0.00022, 0.0004, 0.00075]","[-0.05961, -0.05031, -0.03979, -0.02912, -0.0206, -0.00981, 0.00165, 0.01144, 0.02106, 0.02938, 0.04016, 0.05075, 0.06189, 0.07176, 0.08147, 0.09041, 0.10161, 0.1109, 0.11848, 0.12493, 0.13044, 0.13796, 0.14549, 0.1532, 0.16162, 0.1711, 0.1832, 0.19674, 0.21152, 0.22572, 0.23811, 0.25019, 0.26021, 0.27129, 0.28023, 0.28551, 0.29092, 0.29769, 0.30421, 0.31199, 0.32145, 0.33355, 0.3432, 0.35556, 0.36899, 0.38072, 0.39011, 0.40129, 0.41315, 0.42392, 0.43301, 0.44248, 0.45301, 0.46439, 0.47422, 0.48628, 0.49757, 0.5081, 0.52047, 0.53419, 0.5481, 0.56082, 0.57284, 0.58383, 0.59434, 0.6048, 0.61677, 0.62878, 0.64233, 0.65575, 0.66959, 0.68296, 0.6958, 0.70973, 0.72123, 0.73288, 0.74375, 0.75598, 0.76928, 0.78298, 0.79712, 0.81292, 0.82719, 0.84246, 0.85758, 0.87194, 0.88668, 0.9026, 0.91736, 0.93103, 0.94589, 0.96012, 0.97385, 0.98855, 1.00219, 1.01681, 1.02882, 1.04129, 1.05455, 1.06687, 1.07497, 1.08343, 1.09152, 1.09959, 1.10734, 1.11452, 1.11986, 1.12153, 1.12476, 1.1261, 1.12837, 1.13143, 1.13634, 1.14419, 1.15489, 1.16598, 1.17806, 1.19141, 1.20452, 1.21727, 1.22863, 1.24095, 1.25258, 1.26395, 1.27265, 1.27965, 1.28457, 1.28845, 1.2906, 1.29578, 1.30068, 1.30528, 1.31068, 1.31788, 1.32739, 1.33761, 1.34765, 1.3577, 1.36674, 1.37522, 1.38184, 1.38715, 1.39348, 1.39933, 1.40542, 1.41233, 1.42231, 1.43293, 1.44336, 1.4536, 1.46298, 1.4733, 1.48559, 1.49868, 1.51127, 1.52569, 1.54022, 1.55404, 1.56671, 1.57571, 1.58291, 1.59158, 1.60039, 1.61095, 1.6199, 1.62837, 1.63865, 1.64948, 1.6615, 1.6746, 1.68759, 1.70174, 1.71702, 1.73132, 1.74541, 1.75907, 1.77277, 1.787, 1.80122, 1.81302, 1.82473, 1.83573, 1.84516, 1.85418, 1.86636, 1.87831, 1.89041, 1.90345, 1.91737, 1.93223, 1.94713, 1.96153, 1.97638, 1.99158, 2.00642, 2.02109, 2.03593, 2.04808, 2.05759, 2.06462, 2.07062, 2.0769, 2.08266, 2.08949, 2.09807, 2.10601, 2.11476, 2.12364, 2.13306, 2.14396, 2.15553, 2.16783, 2.18111, 2.19412, 2.20589, 2.21658, 2.22565, 2.23777, 2.24703, 2.25567, 2.26434, 2.26997, 2.2766, 2.28447, 2.29267, 2.301, 2.30684, 2.31188, 2.31905, 2.32895, 2.33704, 2.34562, 2.35157, 2.35685, 2.35924, 2.35815, 2.35188, 2.34251, 2.3321, 2.32169, 2.31146, 2.30035, 2.28988, 2.27964, 2.27134, 2.2671, 2.26588, 2.26446, 2.25738, 2.24685, 2.2345, 2.22006, 2.20172, 2.18006, 2.15416, 2.12584, 2.09646, 2.06746, 2.03781, 2.00855, 1.98033, 1.9505, 1.92061, 1.89138, 1.86228, 1.83352, 1.8052, 1.77783, 1.75048, 1.72319, 1.69549, 1.66843, 1.6409, 1.6119, 1.58342, 1.55491, 1.5264, 1.49653, 1.46631, 1.43622, 1.40584, 1.3755, 1.34541, 1.31611, 1.2874, 1.25888, 1.23113, 1.20276, 1.17473, 1.14534, 1.11622, 1.08623, 1.05607, 1.02581, 0.99579, 0.96643, 0.93724, 0.90963, 0.88082, 0.85131]"
ARIMA,38315,300,1,10,1,20.196,,,,,,,,,,,,,0.361,0.19741,0.29406,0.27403,0.35284,0.361,0.15045,0.2418,0.21852,0.24222,95.90394,2.82E+09,1.41E+09,2.35E+09,3.75E+09,"[0.01542, 0.01395, 0.01409, 0.01408, 0.01408, 0.01408, 0.01408, 0.01408, 0.01408, 0.01408, 0.01408, 0.01408, 0.01408, 0.01408, 0.01408, 0.01408, 0.01408, 0.01408, 0.01408, 0.01408]",
RandomWalk,38315,300,1,10,1,1.264,,,,,,,,,,,,,0.37641,0.20843,0.30578,0.28529,0.36245,0.37641,0.15914,0.25319,0.22801,0.24887,100,80,90,83.33333,73.33333,"[0.0, 0.0, 0.0, 0.0, 0.0, 0.0, 0.0, 0.0, 0.0, 0.0, 0.0, 0.0, 0.0, 0.0, 0.0, 0.0, 0.0, 0.0, 0.0, 0.0]",
LSTM,38315,300,1,10,1,433.353,,,,,,,,,,,,,0.33321,0.19645,0.3056,0.28547,0.36354,0.33321,0.15431,0.25431,0.22989,0.2514,88.5224,1.41E+09,7.07E+08,1.07E+09,1.54E+09,"[0.0432, -0.00138, 0.00233, -0.01291, -0.00707, -0.00518, -0.00971, -0.0076, -0.00683, -0.00614, -0.00578, -0.00545, -0.00533, -0.00511, -0.00508, -0.00504, -0.005, -0.00499, -0.00499, -0.00498]",
Alg_c,38315,300,1,10,1,0,3.72187,3.72187,0.91667,0.63566,0.61017,0.72083,0.806,0.89231,0.47525,0.48,0.61585,0.78046,,,,,,,,,,,,,,,,,"[0.0, 0.0, 0.24142, 0.0, 0.51129, 0.47196, 0.0, 0.0, 0.0, 0.0, 0.0, 0.03682, 0.42081, 0.53948, 0.0, 0.0, 0.24527, 0.21925, 1.10198, 0.0, 0.0, 0.0, 0.67284, 0.38509, 0.0, 0.17144, 0.0, 0.0, 0.05524, 0.43152, 0.40764, 0.05753, 0.47035, 0.56996, 0.35718, 0.40873, 0.37172, 0.39329, 0.52126, 0.22984, 0.91973, 0.0, 0.84931, 0.12881, 0.40549, 0.0, 0.87128, 0.65967, 0.766, 0.16377, 0.39314, 0.78492, 0.74498, 0.6691, 0.49007, 0.81318, 0.02203, 0.79815, 0.81408, 0.34142, 0.47311, 0.69068, 0.64241, 0.70693, 0.01087, 0.38327, 1.12252, 0.20668, 0.50568, 0.51886, 0.84334, 0.99188, 1.15739, 0.63913, 1.2383, 1.38597, 0.7128, 1.01658, 1.13296, 0.50834, 0.94082, 0.46958, 0.57928, 0.31061, 1.36334, 0.91119, 0.42461, 0.39635, 0.75466, 0.77783, 1.14441, 0.55573, 0.96465, 0.40388, 0.72048, 1.47074, 0.98867, 0.80428, 1.27991, 1.15241, 1.41377, 0.3263, 1.20804, 1.22662, 0.8667, 1.42123, 0.40428, 0.95186, 1.55211, 0.31092, 1.36126, 1.31433, 0.83644, 1.23933, 1.28029, 0.71642, 1.04728, 1.41642, 1.54277, 0.92848, 1.01066, 1.03381, 0.7931, 1.20208, 1.27972, 1.26685, 1.58529, 1.28762, 1.4137, 1.43112, 1.65525, 1.51227, 1.01132, 1.50242, 0.73511, 1.65978, 1.24534, 1.37208, 1.45536, 1.09785, 1.57994, 1.35404, 1.33005, 1.87992, 1.10321, 1.86936, 1.21275, 1.61434, 1.48034, 2.06531, 1.07622, 1.19655, 1.51475, 1.16876, 0.95713, 1.12516, 1.48051, 1.56052, 1.67027, 1.71247, 1.6413, 1.0835, 1.3118, 1.52865, 1.48136, 1.48415, 1.43945, 1.7407, 1.54355, 2.06726, 1.7282, 1.76504, 1.64115, 1.82296, 1.95304, 1.57411, 1.65974, 2.08642, 1.29928, 1.79456, 1.38969, 2.13325, 1.06558, 1.4837, 1.45449, 1.91038, 1.87932, 1.78791, 1.52762, 1.44668, 1.73986, 2.29549, 1.76381, 1.4202, 1.94688, 1.89127, 1.9857, 2.13378, 1.94509, 2.64963, 2.0029, 2.35926, 1.33559, 2.84242, 1.89104, 1.74573, 2.09311, 1.98442, 1.9783, 2.08182, 1.41166, 2.02527, 1.69933, 2.5166, 2.41587, 1.65202, 2.36118, 2.54906, 1.73431, 2.99034, 1.85297, 2.69262, 2.03506, 2.47162, 2.38998, 2.53041, 1.85167, 2.26373, 2.75321, 2.22574, 2.98457, 2.0651, 2.1259, 2.14031, 3.00769, 2.51703, 1.70409, 2.68648, 1.61208, 3.32543, 1.75035, 3.10723, 2.17854, 2.33721, 2.23521, 2.76867, 2.64891, 2.36573, 1.9014, 2.58202, 3.10046, 1.84038, 2.86398, 2.61749, 5.57669, NaN, 4.86663, NaN, 0.0, 3.58075, NaN, NaN, 3.30005, 3.81062, 3.20433, 0.0, 2.26706, 2.19631, 2.69714, 0.0, 1.9055, 4.01199, NaN, 2.8947, 1.02638, 4.15827, NaN, NaN, 7.18613, NaN, 60.76217, NaN, 1.37115, 2.89918, 0.0, 2.80689, 0.0, 3.4795, NaN, 4.05417, 0.0, 23.48185, NaN, 0.0, 5.03441, NaN, 2.20028, 3.64614, 10.5631]"
UDE-NN,46984,300,1,10,1,197.751,0.09107,0.66343,0.98864,0.94611,0.93506,0.9566,0.96985,0.96992,0.78818,0.31373,0.69061,0.85098,0.15455,0.23709,0.29882,0.3152,0.30751,0.15455,0.20389,0.26616,0.2776,0.26294,25.8581,44.65406,41.45165,42.44763,3.09E+10,"[0.75223, 0.61499, 0.56475, 0.54362, 0.53054, 0.51991, 0.5103, 0.50132, 0.49285, 0.48483, 0.47722, 0.46998, 0.46308, 0.45651, 0.45022, 0.44421, 0.43846, 0.43294, 0.42765, 0.42257]","[0.00094, 0.16187, 0.10948, 0.19443, 0.18464, 0.13099, 0.08118, 0.07875, 0.00787, 0.00867, 0.08948, 0.19331, 0.23927, 0.14796, 0.0498, 0.0933, 0.0902, 0.20402, 0.21945, 0.27091, 0.24402, 0.03506, -0.0368, 0.04829, 0.19705, 0.22304, 0.08913, 0.09031, 0.18679, 0.30117, 0.36602, 0.36761, 0.31578, 0.31135, 0.26371, 0.23552, 0.27212, 0.27621, 0.21967, 0.21604, 0.25014, 0.27893, 0.2759, 0.38224, 0.5507, 0.54369, 0.62226, 0.68382, 0.5703, 0.54588, 0.49347, 0.44483, 0.39667, 0.40434, 0.45556, 0.53684, 0.55149, 0.5405, 0.54188, 0.64355, 0.70186, 0.66179, 0.60451, 0.59367, 0.63445, 0.60345, 0.6419, 0.72136, 0.71694, 0.76122, 0.73758, 0.71706, 0.61615, 0.64289, 0.73204, 0.76154, 0.79457, 0.76409, 0.71341, 0.68967, 0.6815, 0.6983, 0.72842, 0.76557, 0.77788, 0.77894, 0.84222, 0.86049, 0.88244, 0.84996, 0.77329, 0.83083, 0.86117, 0.94679, 1.09417, 1.07025, 1.12917, 1.10063, 1.0605, 1.01796, 1.04939, 1.05333, 1.04889, 1.01801, 1.02366, 1.01609, 1.03776, 1.07329, 1.09058, 1.12925, 1.14705, 1.13729, 1.10448, 1.0757, 1.11324, 1.1845, 1.1684, 1.12807, 1.22803, 1.2549, 1.26918, 1.2266, 1.26915, 1.27945, 1.24643, 1.21645, 1.24313, 1.25308, 1.21018, 1.2162, 1.11381, 1.22899, 1.3267, 1.36823, 1.35378, 1.46381, 1.47918, 1.36277, 1.44249, 1.53006, 1.51662, 1.51665, 1.44076, 1.50152, 1.41848, 1.34261, 1.33114, 1.29, 1.38188, 1.5066, 1.5836, 1.6796, 1.62134, 1.6355, 1.70738, 1.56026, 1.53898, 1.53059, 1.54164, 1.60058, 1.5616, 1.5621, 1.76902, 1.75441, 1.7523, 1.61051, 1.5858, 1.61383, 1.66851, 1.59779, 1.55915, 1.63408, 1.60952, 1.6433, 1.64701, 1.70232, 1.81724, 1.84234, 1.84028, 1.86018, 1.89918, 1.88415, 1.854, 1.86247, 1.89002, 1.90216, 1.88148, 1.80421, 1.8507, 1.78128, 1.90068, 1.89867, 1.86319, 1.86554, 1.95317, 1.95658, 2.02727, 2.06776, 2.10217, 2.1118, 2.12574, 2.1331, 2.13266, 2.13091, 2.12996, 2.13067, 2.13526, 2.11965, 2.0948, 2.067, 2.05664, 2.07949, 2.105, 2.12106, 2.13414, 2.17958, 2.2125, 2.26231, 2.23784, 2.22419, 2.20172, 2.20702, 2.21078, 2.31652, 2.3083, 2.27561, 2.24517, 2.25087, 2.35693, 2.36057, 2.35312, 2.38993, 2.32022, 2.36618, 2.34241, 2.36012, 2.43538, 2.43911, 2.44802, 2.53813, 2.55246, 2.39542, 2.26336, 2.16764, 2.17848, 2.24201, 2.28934, 2.31134, 2.34213, 2.34731, 2.42448, 2.40187, 2.3005, 2.38602, 2.42115, 2.45162, 2.47022, 2.37252, 2.42405, 2.47026, 2.52735, 2.61386, 2.6096, 2.57669, 2.61764, 2.73802, 2.72587, 2.69222, 2.72111, 2.68945, 2.6942, 2.75878, 2.69871, 2.6873, 2.6876, 2.6813, 2.67614, 2.67105, 2.66999, 2.64095, 2.6111, 2.57675, 2.5849, 2.65272, 2.71493, 2.77976, 2.81631, 2.84678, 2.88826, 2.93778, 2.93506, 2.93681, 2.95373, 2.94185, 2.96223, 3.03009, 3.02397, 3.02013, 2.98597, 2.99633]"
GP,46984,300,1,10,1,1267.393,0.12014,0.66343,0.9914,0.79602,0.13636,0.64126,0.82074,0.97358,0.91983,0.33333,0.74225,0.91266,0.35206,0.33977,0.27395,0.28577,0.30228,0.35206,0.26558,0.20754,0.22909,0.23412,58.90367,70.47011,43.44564,46.78272,4.11E+10,"[0.94974, 0.89365, 0.84019, 0.79353, 0.75527, 0.72484, 0.70067, 0.68104, 0.6646, 0.65037, 0.63774, 0.62632, 0.61585, 0.60616, 0.59714, 0.5887, 0.58077, 0.57331, 0.56626, 0.5596]","[-0.03347, -0.02231, -0.01119, 0.00012, 0.01161, 0.02296, 0.0344, 0.04596, 0.05751, 0.06899, 0.08029, 0.09185, 0.1032, 0.11429, 0.12576, 0.13733, 0.14889, 0.16036, 0.17185, 0.18333, 0.19487, 0.20618, 0.21691, 0.22667, 0.23559, 0.24596, 0.25556, 0.26563, 0.27518, 0.28388, 0.29385, 0.30434, 0.31488, 0.32549, 0.3362, 0.3476, 0.35886, 0.37013, 0.38105, 0.39249, 0.40387, 0.41537, 0.42693, 0.4385, 0.45001, 0.46115, 0.47223, 0.48319, 0.49344, 0.50343, 0.5134, 0.52351, 0.53385, 0.54441, 0.55516, 0.56586, 0.57651, 0.58669, 0.59611, 0.60561, 0.61548, 0.62518, 0.63409, 0.6425, 0.65068, 0.6588, 0.66633, 0.67409, 0.68211, 0.69037, 0.6987, 0.70686, 0.71554, 0.72466, 0.73449, 0.74488, 0.75566, 0.76668, 0.77774, 0.78892, 0.79983, 0.81065, 0.82174, 0.83307, 0.84454, 0.85595, 0.86737, 0.87888, 0.89032, 0.90182, 0.91329, 0.92478, 0.93634, 0.94768, 0.95904, 0.97045, 0.98179, 0.99331, 1.00472, 1.01546, 1.02581, 1.03659, 1.04766, 1.05892, 1.06996, 1.08058, 1.09119, 1.10167, 1.11194, 1.12163, 1.1308, 1.13933, 1.14681, 1.15356, 1.16001, 1.16671, 1.17344, 1.1796, 1.18551, 1.19151, 1.19691, 1.20206, 1.20708, 1.21271, 1.21883, 1.22595, 1.23396, 1.24294, 1.25265, 1.26331, 1.27454, 1.28603, 1.29756, 1.30912, 1.32066, 1.33219, 1.3435, 1.35481, 1.36594, 1.37722, 1.38873, 1.39993, 1.411, 1.42242, 1.43389, 1.44514, 1.45662, 1.46782, 1.47898, 1.49009, 1.50137, 1.51293, 1.52449, 1.53605, 1.54761, 1.55918, 1.57072, 1.58227, 1.59381, 1.60537, 1.61693, 1.62845, 1.63993, 1.6514, 1.66293, 1.67449, 1.68591, 1.69661, 1.70706, 1.71738, 1.72782, 1.73927, 1.75041, 1.76197, 1.77351, 1.78507, 1.79662, 1.80818, 1.81973, 1.83124, 1.8428, 1.85428, 1.86583, 1.87734, 1.88887, 1.90041, 1.91183, 1.92283, 1.93429, 1.94568, 1.95704, 1.9686, 1.98002, 1.99118, 2.00158, 2.01025, 2.01665, 2.02157, 2.02478, 2.02708, 2.02886, 2.0309, 2.03279, 2.0345, 2.03621, 2.03812, 2.04019, 2.04241, 2.04446, 2.04655, 2.0488, 2.05143, 2.05442, 2.05746, 2.06043, 2.06355, 2.06686, 2.07024, 2.07374, 2.07701, 2.08043, 2.08369, 2.08724, 2.09112, 2.09598, 2.10176, 2.10939, 2.11954, 2.13083, 2.13856, 2.14692, 2.15565, 2.16374, 2.1734, 2.1826, 2.18985, 2.1981, 2.20604, 2.21446, 2.22234, 2.22871, 2.23631, 2.24391, 2.25276, 2.25997, 2.26785, 2.27695, 2.28584, 2.29593, 2.30613, 2.31678, 2.3262, 2.33433, 2.34397, 2.35306, 2.36112, 2.37052, 2.38138, 2.39162, 2.40252, 2.41391, 2.42538, 2.43692, 2.44841, 2.4598, 2.4708, 2.48149, 2.49171, 2.50158, 2.51092, 2.52017, 2.52888, 2.53612, 2.54088, 2.54373, 2.54566, 2.54738, 2.5493, 2.55134, 2.55357, 2.55547, 2.55756, 2.55967, 2.56256, 2.56532, 2.56777, 2.57018, 2.57231, 2.57445, 2.57692, 2.57944, 2.58139, 2.58371, 2.58629, 2.58866, 2.59151, 2.59459, 2.59721, 2.59985, 2.60237]"
ARIMA,46984,300,1,10,1,21.111,,,,,,,,,,,,,0.97208,2.32131,4.00846,4.7519,5.91145,0.97208,2.17265,3.62829,4.26122,5.2457,162.6406,412.74485,523.54084,682.78828,5.99E+11,"[1.56976, 2.15736, 2.76202, 3.38024, 4.00849, 4.64324, 5.28095, 5.91815, 6.55138, 7.17728, 7.79255, 8.394, 8.97857, 9.54332, 10.08546, 10.60235, 11.09154, 11.55076, 11.97792, 12.37113]",
RandomWalk,46984,300,1,10,1,1.228,,,,,,,,,,,,,0.40499,0.44879,0.35121,0.3739,0.45705,0.40499,0.39975,0.28922,0.29689,0.36761,67.76027,96.19745,60.17861,66.69878,6.68E+10,"[1.00267, 1.00267, 1.00267, 1.00267, 1.00267, 1.00267, 1.00267, 1.00267, 1.00267, 1.00267, 1.00267, 1.00267, 1.00267, 1.00267, 1.00267, 1.00267, 1.00267, 1.00267, 1.00267, 1.00267]",
LSTM,46984,300,1,10,1,363.669,,,,,,,,,,,,,0.35581,1.08894,6.15543,7.55983,8.74829,0.35581,0.96119,4.3339,5.67411,7.02144,59.53173,186.47161,582.75781,904.80306,8.43E+11,"[0.95349, 1.14415, 1.42381, 1.84504, 2.45407, 3.4609, 5.24411, 8.37377, 12.08725, 13.51834, 13.27151, 12.81372, 12.65193, 12.74012, 12.89673, 12.9865, 12.99122, 12.99418, 13.0627, 13.12418]",
Alg_c,46984,300,1,10,1,0,0.66343,0.66343,0.92899,0.66667,0.53731,0.71099,0.80792,0.89706,0.69189,0.26667,0.61854,0.77701,,,,,,,,,,,,,,,,,"[0.0, 0.58728, 0.0, 0.41059, 0.26887, 0.13385, 0.0, 0.24202, 0.0, 0.0, 0.0551, 0.32694, 0.52451, 0.18206, 0.0, 0.22544, 0.0, 0.45618, 0.07627, 0.41109, 0.61226, 0.0, 0.0, 0.0, 0.48182, 0.56596, 0.0, 0.0, 0.11769, 0.40574, 0.50338, 0.47683, 0.23128, 0.39417, 0.22014, 0.09995, 0.3548, 0.41134, 0.10409, 0.13907, 0.25667, 0.35329, 0.0547, 0.19344, 1.00009, 0.27606, 0.58695, 1.15345, 0.21906, 0.67655, 0.4664, 0.47567, 0.28334, 0.34302, 0.37899, 0.68842, 0.58989, 0.56295, 0.2579, 0.75725, 0.90621, 0.67564, 0.50416, 0.42807, 0.93975, 0.34848, 0.4991, 1.06286, 0.43971, 1.00177, 0.58283, 1.07321, 0.21918, 0.53194, 0.92698, 0.68693, 0.93367, 0.78842, 0.65374, 0.68015, 0.63719, 0.6832, 0.71063, 0.81738, 0.81894, 0.62235, 0.95745, 0.81636, 0.98546, 0.9851, 0.44947, 0.91496, 0.75218, 0.76414, 1.53974, 0.75566, 1.33904, 1.10172, 1.11377, 0.80413, 1.16054, 1.0472, 1.1193, 0.91743, 1.09329, 0.94603, 1.01084, 1.13819, 1.00965, 1.17967, 1.18583, 1.18868, 1.15218, 0.85666, 0.97114, 1.49772, 1.34721, 0.39064, 1.66536, 1.10662, 1.69986, 0.52672, 1.51026, 1.44144, 1.24091, 0.99514, 1.30255, 1.43767, 0.96987, 1.62191, 0.54679, 1.2836, 1.42595, 1.5156, 1.04466, 1.64949, 1.74845, 0.94946, 1.4026, 1.75603, 1.46421, 1.69698, 1.09343, 1.8554, 1.40992, 1.20258, 1.41614, 1.0151, 1.31903, 1.61082, 1.46963, 2.05052, 1.42984, 1.45976, 2.25174, 1.1912, 1.56369, 1.5106, 1.41563, 1.83829, 1.51893, 1.00333, 2.38621, 1.54317, 2.13224, 1.29766, 1.48727, 1.56142, 1.91779, 1.58623, 1.32964, 1.85058, 1.43621, 1.75585, 1.53819, 1.55562, 2.02593, 1.87222, 1.79303, 1.79738, 2.02888, 1.91285, 1.76997, 1.83216, 1.91937, 1.96591, 2.03122, 1.4937, 2.14195, 1.35109, 2.1853, 1.93807, 1.80151, 1.62816, 2.30301, 1.5875, 2.22899, 2.05457, 3.86898, NaN, 2.70907, 4.83715, 5.62395, 0.0, 1.84752, 1.15582, 3.13789, 3.23528, 2.7516, 0.56698, 1.45598, 2.19743, 2.22732, 2.26811, 1.62417, 2.49247, 1.71967, 2.99795, 1.78069, 2.44137, 1.80661, 2.71539, 0.65073, 3.41484, 2.18751, 2.26901, 2.14778, 2.05188, 2.54593, 2.39715, 2.29422, 2.60337, 2.07727, 2.50103, 2.26792, 2.25171, 2.56981, 2.42647, 2.31244, 2.70424, 2.91209, 2.39088, 2.15316, 1.91032, 2.03233, 2.27556, 2.34537, 2.29317, 2.41231, 2.18346, 2.65402, 2.59536, 1.92075, 2.48333, 2.44757, 2.44701, 2.7064, 2.07121, 2.44691, 2.45497, 2.43902, 2.80192, 2.66591, 2.44312, 2.36645, 3.12786, 2.72514, 2.42351, 3.02586, 2.56794, 2.41439, 3.29234, 2.30873, 2.35125, 4.92556, 0.0, 2.9355, 1.49011, 4.23878, 0.0, 4.71143, 0.0, 2.24411, 2.8845, 2.44686, 3.78401, 4.01066, 0.0237, 2.64382, 4.56214, NaN, 2.04838, 3.92126, 0.0, 2.28561, 3.95762, 2.08873, 4.07139, 0.0]"
UDE-NN,1322,300,1,10,1,215.287,0.10944,1.17339,0.98851,0.92398,0.87671,0.92973,0.95558,0.93893,0.46715,0.52893,0.645,0.71511,0.46073,0.25655,0.23415,0.24386,0.27048,0.46073,0.21002,0.20376,0.21269,0.23097,65.29756,4.76E+10,2.38E+10,1.98E+10,1.59E+10,"[0.24486, 0.23839, 0.23805, 0.23978, 0.24223, 0.24489, 0.24753, 0.25009, 0.25253, 0.25486, 0.25706, 0.25915, 0.26113, 0.263, 0.26476, 0.26642, 0.26798, 0.26945, 0.27082, 0.27211]","[-0.21771, -0.11178, -0.0428, 0.0234, 0.04144, -0.00525, 0.05837, 0.04856, 0.18027, 0.27019, 0.14219, 0.15265, 0.23362, 0.16297, 0.20112, 0.19965, 0.24931, 0.36279, 0.21074, 0.0764, 0.11166, 0.08542, 0.1091, 0.14245, 0.23213, 0.33999, 0.22999, 0.20231, 0.37928, 0.30183, 0.29315, 0.2283, 0.11063, 0.12331, 0.08148, 0.08583, 0.15495, 0.19292, 0.43895, 0.56004, 0.68793, 0.60493, 0.53203, 0.49499, 0.46408, 0.48832, 0.54117, 0.63606, 0.65132, 0.67256, 0.64229, 0.61117, 0.69869, 0.64202, 0.64616, 0.72956, 0.74191, 0.72795, 0.63561, 0.55744, 0.51699, 0.49555, 0.479, 0.54337, 0.62623, 0.61608, 0.56405, 0.53228, 0.53933, 0.63522, 0.67665, 0.76705, 0.74721, 0.63526, 0.69794, 0.8242, 0.89175, 0.82814, 0.87256, 0.78149, 0.80188, 0.70376, 0.73912, 0.77214, 0.80761, 0.80773, 0.87769, 1.02761, 0.99891, 0.8581, 0.85523, 0.97026, 1.01423, 1.13034, 1.0742, 1.02597, 0.96701, 0.90617, 0.86815, 0.85789, 0.90486, 1.00071, 1.11268, 1.19349, 1.15223, 1.13194, 1.07223, 1.16078, 1.12065, 1.12213, 1.11841, 1.1706, 1.11608, 1.09845, 1.1432, 1.05391, 1.09665, 1.24056, 1.29805, 1.262, 1.14695, 1.08511, 1.10696, 1.18073, 1.23592, 1.13312, 1.2122, 1.22967, 1.22092, 1.24987, 1.20493, 1.26445, 1.36541, 1.38822, 1.31042, 1.31885, 1.34545, 1.39754, 1.37734, 1.4077, 1.39706, 1.41424, 1.35764, 1.35158, 1.3522, 1.41845, 1.48471, 1.52864, 1.55541, 1.62852, 1.73233, 1.72093, 1.70597, 1.68202, 1.67649, 1.78249, 1.71248, 1.57244, 1.56018, 1.59114, 1.62451, 1.67014, 1.78345, 1.83669, 1.81239, 1.84917, 1.77075, 1.58452, 1.47291, 1.48768, 1.54322, 1.52222, 1.64231, 1.64607, 1.64031, 1.68843, 1.63247, 1.66778, 1.62411, 1.69542, 1.83661, 1.85941, 1.90471, 1.88309, 1.91055, 1.89873, 1.89303, 1.83585, 1.84436, 1.92306, 1.93703, 1.89126, 1.93486, 1.99434, 2.04369, 2.07725, 2.09836, 2.10561, 2.11046, 2.08146, 2.05289, 2.04474, 2.02612, 2.01083, 2.02424, 2.02355, 2.0173, 1.96933, 1.92938, 1.92004, 1.88256, 1.87516, 1.87472, 1.90107, 1.92182, 1.95834, 2.05303, 2.15131, 2.21305, 2.25288, 2.277, 2.31641, 2.30681, 2.29861, 2.28863, 2.28366, 2.28691, 2.26355, 2.24251, 2.23103, 2.2355, 2.22858, 2.20979, 2.22477, 2.22694, 2.23078, 2.22965, 2.24367, 2.24999, 2.26909, 2.24972, 2.23167, 2.22516, 2.23458, 2.27888, 2.33538, 2.35266, 2.39734, 2.43271, 2.42923, 2.43402, 2.42018, 2.41812, 2.43552, 2.43082, 2.42798, 2.41203, 2.3955, 2.38359, 2.392, 2.43017, 2.4953, 2.515, 2.54554, 2.54733, 2.55507, 2.57918, 2.59448, 2.606, 2.62272, 2.63224, 2.65361, 2.66158, 2.66916, 2.68409, 2.69901, 2.6968, 2.70394, 2.70934, 2.70966, 2.71271, 2.71527, 2.71568, 2.72112, 2.74062, 2.75559, 2.7813, 2.81988, 2.83339, 2.84258, 2.85272, 2.86115, 2.86928, 2.89871, 2.91225, 2.92709, 2.93222, 2.93665, 2.94201, 2.95244]"
GP,1322,300,1,10,1,1276.044,0.5089,1.17339,0.80193,0.70073,0,0.50089,0.6635,0.7622,0.79612,0,0.51944,0.50729,0.26276,0.33428,0.31252,0.29478,0.33429,0.26276,0.29932,0.26271,0.24159,0.27197,37.23913,9.99E+10,4.99E+10,4.16E+10,3.33E+10,"[0.44284, 0.47399, 0.4993, 0.52083, 0.54007, 0.55797, 0.57516, 0.59201, 0.60878, 0.62565, 0.64273, 0.66011, 0.67788, 0.69611, 0.71488, 0.73426, 0.75435, 0.77523, 0.79702, 0.81986]","[-0.03696, -0.02769, -0.01788, -0.00781, 0.00203, 0.01355, 0.02517, 0.03746, 0.05066, 0.06243, 0.07487, 0.08533, 0.09633, 0.10897, 0.12152, 0.13746, 0.14993, 0.16317, 0.17568, 0.18914, 0.20099, 0.21319, 0.22547, 0.2376, 0.24747, 0.25762, 0.26761, 0.27779, 0.29088, 0.30228, 0.3132, 0.3261, 0.33872, 0.35152, 0.36463, 0.37519, 0.38618, 0.39742, 0.40939, 0.4223, 0.43453, 0.44628, 0.45875, 0.4699, 0.48279, 0.49583, 0.5079, 0.52015, 0.53135, 0.5411, 0.55208, 0.56164, 0.57212, 0.58208, 0.58965, 0.59793, 0.60521, 0.6105, 0.61517, 0.61887, 0.62286, 0.62742, 0.63238, 0.63738, 0.64275, 0.64838, 0.65366, 0.65898, 0.66518, 0.67161, 0.67924, 0.68709, 0.69485, 0.70278, 0.71094, 0.71897, 0.72771, 0.73879, 0.75087, 0.76275, 0.77507, 0.78633, 0.79717, 0.80827, 0.81922, 0.83145, 0.84237, 0.85505, 0.8681, 0.88153, 0.8944, 0.90968, 0.92204, 0.93521, 0.94901, 0.96053, 0.97195, 0.98102, 0.99106, 0.99974, 1.00831, 1.01579, 1.02353, 1.03175, 1.04144, 1.05103, 1.06002, 1.06998, 1.08126, 1.09208, 1.10336, 1.11344, 1.12479, 1.13491, 1.1457, 1.15517, 1.16451, 1.17514, 1.18631, 1.19654, 1.20811, 1.219, 1.23078, 1.24356, 1.25676, 1.26676, 1.27597, 1.28637, 1.29553, 1.30539, 1.31535, 1.32838, 1.34155, 1.35426, 1.36758, 1.38299, 1.39747, 1.41162, 1.4252, 1.43842, 1.45149, 1.4642, 1.47583, 1.48751, 1.49842, 1.50911, 1.52095, 1.53499, 1.54867, 1.56288, 1.57727, 1.59017, 1.60247, 1.61346, 1.62439, 1.63485, 1.64399, 1.65135, 1.65884, 1.66676, 1.67603, 1.68617, 1.69823, 1.70954, 1.71985, 1.7313, 1.74263, 1.75499, 1.76692, 1.78038, 1.79463, 1.80841, 1.82212, 1.83519, 1.84571, 1.85585, 1.86448, 1.87197, 1.87891, 1.88488, 1.88951, 1.89384, 1.89729, 1.90069, 1.90353, 1.90615, 1.90865, 1.90992, 1.91024, 1.91021, 1.90973, 1.90859, 1.90663, 1.90441, 1.9017, 1.89846, 1.89498, 1.89146, 1.88789, 1.88443, 1.88082, 1.87738, 1.8742, 1.87096, 1.86767, 1.86456, 1.86132, 1.8581, 1.85463, 1.85136, 1.84832, 1.84513, 1.84213, 1.83914, 1.8362, 1.83324, 1.83027, 1.8273, 1.82413, 1.82075, 1.8172, 1.81352, 1.81015, 1.80642, 1.80282, 1.79923, 1.79573, 1.79223, 1.78847, 1.78484, 1.7814, 1.77807, 1.77465, 1.77118, 1.76802, 1.76463, 1.76125, 1.75778, 1.7544, 1.7509, 1.74748, 1.74373, 1.74011, 1.7367, 1.73341, 1.73025, 1.72706, 1.72354, 1.72038, 1.71711, 1.71361, 1.71023, 1.70667, 1.70328, 1.69983, 1.69607, 1.69236, 1.68848, 1.68468, 1.68115, 1.67788, 1.67463, 1.67137, 1.66783, 1.66444, 1.66085, 1.65738, 1.65394, 1.65026, 1.64651, 1.64292, 1.63926, 1.63578, 1.63212, 1.62852, 1.62504, 1.62151, 1.61783, 1.61435, 1.61066, 1.60683, 1.60313, 1.59948, 1.59585, 1.59231, 1.58889, 1.58536, 1.58193, 1.57846, 1.5747, 1.57083, 1.56706, 1.56331, 1.55967, 1.55631, 1.55262, 1.54889, 1.54503, 1.5412, 1.5375]"
ARIMA,1322,300,1,10,1,20.722,,,,,,,,,,,,,0.29748,0.28363,0.23652,0.22461,0.25009,0.29748,0.25362,0.19577,0.18211,0.20214,42.15996,7.67E+10,3.83E+10,3.20E+10,2.56E+10,"[0.40811, 0.47222, 0.38345, 0.4417, 0.44619, 0.38702, 0.46081, 0.41776, 0.40696, 0.46055, 0.39988, 0.43075, 0.44558, 0.39782, 0.44714, 0.42589, 0.40877, 0.45074, 0.41114, 0.4249]",
RandomWalk,1322,300,1,10,1,1.737,,,,,,,,,,,,,0.30225,0.27108,0.22915,0.22054,0.24672,0.30225,0.24388,0.18744,0.17774,0.1989,42.83661,8.07E+10,4.03E+10,3.36E+10,2.69E+10,"[0.40334, 0.40334, 0.40334, 0.40334, 0.40334, 0.40334, 0.40334, 0.40334, 0.40334, 0.40334, 0.40334, 0.40334, 0.40334, 0.40334, 0.40334, 0.40334, 0.40334, 0.40334, 0.40334, 0.40334]",
LSTM,1322,300,1,10,1,343.568,,,,,,,,,,,,,0.26695,0.30911,0.26603,0.24863,0.27114,0.26695,0.27174,0.2102,0.19666,0.22029,37.83356,9.41E+10,4.70E+10,3.92E+10,3.14E+10,"[0.43864, 0.45965, 0.47043, 0.47975, 0.48229, 0.48601, 0.4883, 0.49091, 0.493, 0.49452, 0.49539, 0.49598, 0.49636, 0.49664, 0.49681, 0.49695, 0.49704, 0.49712, 0.49717, 0.4972]",
Alg_c,1322,300,1,10,1,0,1.17339,1.17339,0.89796,0.44444,0.52941,0.62394,0.74545,0.86022,0.48101,0.68627,0.67583,0.74243,,,,,,,,,,,,,,,,,"[0.0, 0.0, 0.0, 0.13024, 0.16713, 0.0, 0.14083, 0.0, 0.31171, 0.73955, 0.0, 0.04004, 0.53261, 0.0, 0.21892, 0.08156, 0.12741, 0.89088, 0.23358, 0.0, 0.19379, 0.0, 0.07161, 0.02692, 0.18561, 0.80016, 0.0, 0.0, 0.87581, 0.15197, 0.40362, 0.31831, 0.0, 0.1853, 0.0, 0.0, 0.18463, 0.0, 0.6411, 0.57522, 1.11372, 0.63018, 0.45842, 0.45965, 0.34223, 0.41202, 0.45944, 0.79394, 0.63364, 0.77724, 0.63022, 0.38696, 0.99653, 0.47423, 0.48174, 0.87276, 0.74304, 0.90246, 0.57462, 0.48296, 0.49375, 0.52865, 0.30427, 0.50253, 0.81862, 0.6808, 0.50916, 0.4907, 0.34467, 0.77839, 0.53673, 0.98878, 0.94143, 0.27245, 0.58405, 0.96462, 1.14169, 0.63047, 1.11799, 0.58627, 1.03142, 0.43317, 0.7335, 0.77465, 0.88632, 0.6502, 0.72903, 1.40609, 1.2628, 0.51779, 0.51175, 1.09301, 0.93638, 1.47355, 1.06572, 1.04629, 0.96761, 0.86354, 0.81797, 0.75554, 0.82081, 0.96956, 1.17149, 1.44189, 1.08835, 1.24431, 0.76522, 1.41553, 1.02942, 1.13695, 1.01301, 1.38662, 1.02149, 0.95158, 1.45375, 0.75119, 0.90064, 1.3914, 1.48118, 1.43228, 1.03096, 0.90683, 0.99498, 1.19436, 1.59707, 0.71696, 1.32119, 1.27481, 1.11759, 1.40206, 0.99416, 1.16295, 1.52447, 1.55949, 1.15615, 1.24732, 1.30302, 1.53347, 1.29374, 1.47734, 1.34955, 1.55771, 1.2611, 1.34512, 1.21876, 1.4285, 1.53369, 1.55616, 1.45323, 1.56363, 1.96409, 1.74202, 1.72331, 1.64377, 1.43174, 2.12411, 1.84366, 1.28182, 1.51535, 1.60154, 1.59171, 1.53367, 1.88518, 1.98637, 1.67334, 2.09815, 1.99934, 1.40634, 1.1902, 1.37997, 1.65604, 1.28192, 1.8452, 1.65741, 1.51387, 1.93671, 1.38153, 1.90173, 1.38586, 1.52511, 2.17879, 1.65426, 2.13933, 1.65113, 2.07408, 1.804, 2.13672, 1.61821, 1.57691, 2.18924, 2.26515, 1.23349, 1.98537, 2.06998, 2.28819, 2.69452, 3.3492, 0.28766, 3.91661, 0.0, 0.0, 2.42953, 2.1131, 0.63423, 2.39229, 1.83931, 3.1479, 0.0, 0.68879, 2.63734, 0.42424, 2.05342, 1.43701, 2.15695, 1.86546, 1.12123, 2.07462, 2.78964, 3.06263, 6.02459, NaN, 3.566, NaN, 2.86056, 1.16518, 1.32475, 4.06343, NaN, 0.41164, 1.39688, 2.56482, 3.71068, 0.0, 2.60978, 1.90146, 2.68986, 0.0, 2.76205, 0.0, 3.78152, NaN, 0.0, 1.88138, 1.20021, 2.12528, 3.65891, 0.0, 2.68255, 3.6954, 0.0, 3.44716, 0.0, 1.53138, 3.65512, 0.0, 4.7707, NaN, 0.0, 0.88074, 1.83846, 1.67176, 3.67014, 0.0, 3.68042, 0.0, 1.21458, 2.86341, 6.09669, 0.0, 3.69797, 0.0, 3.15244, 2.41829, 0.80494, 2.62085, 4.9926, 0.0, 2.52377, 6.41657, 0.0, 3.02884, 3.4724, 1.21622, 1.15631, 3.08318, 0.0, 2.18122, 3.71719, 13.07012, NaN, 3.99304, 4.81154, 0.0, 3.16172, 0.0, 5.48719, 0.0, 0.0, 0.30866]"
UDE-NN,48073,300,1,10,1,198.346,0.15354,2.86926,0.98551,0.8254,0.48148,0.76413,0.87165,0.96167,0.69461,0.39394,0.68341,0.78637,0.07378,0.1459,0.14342,0.14159,0.13635,0.07378,0.12296,0.12367,0.12176,0.11471,35.266,5.57E+10,2.78E+10,2.32E+10,1.86E+10,"[0.283, 0.2763, 0.27564, 0.27678, 0.27844, 0.28021, 0.28195, 0.28361, 0.28517, 0.28664, 0.28801, 0.2893, 0.29049, 0.2916, 0.29263, 0.29358, 0.29446, 0.29527, 0.296, 0.29667]","[-0.19728, -0.25249, -0.13553, -0.13989, -0.11139, -0.00503, 0.13167, 0.09897, 0.04927, 0.04975, 0.08959, 0.11156, 0.09997, 0.11113, 0.16495, 0.21889, 0.14665, 0.0583, 0.0779, 0.2544, 0.21086, 0.12052, 0.13466, 0.11403, 0.04412, 0.13294, 0.14268, 0.20314, 0.30812, 0.36071, 0.30636, 0.40367, 0.513, 0.43694, 0.3486, 0.33461, 0.28883, 0.28111, 0.27811, 0.26676, 0.24651, 0.29285, 0.49092, 0.41809, 0.45043, 0.39486, 0.31626, 0.40103, 0.36663, 0.40889, 0.48462, 0.45349, 0.53219, 0.6665, 0.6447, 0.58055, 0.59308, 0.61006, 0.50168, 0.4855, 0.64899, 0.7087, 0.65878, 0.59847, 0.64103, 0.75286, 0.78292, 0.74783, 0.70598, 0.67284, 0.69337, 0.7494, 0.78423, 0.86382, 0.90596, 0.7257, 0.65523, 0.74435, 0.80239, 0.72296, 0.70915, 0.63332, 0.65387, 0.74075, 0.75465, 0.67255, 0.84109, 0.83856, 0.95393, 0.99067, 0.90679, 0.83229, 0.88049, 1.05026, 1.0601, 1.01258, 1.12841, 1.07293, 1.00388, 1.0769, 1.02855, 1.0338, 0.99862, 1.0179, 1.07964, 1.03859, 1.10634, 1.12295, 1.23148, 1.22183, 1.27712, 1.34445, 1.33685, 1.28809, 1.15835, 1.1014, 1.22614, 1.27817, 1.26192, 1.32636, 1.37037, 1.39048, 1.278, 1.2951, 1.23029, 1.34225, 1.32985, 1.32374, 1.35304, 1.32572, 1.36771, 1.38613, 1.40043, 1.36414, 1.3751, 1.42418, 1.36288, 1.24099, 1.11974, 1.31479, 1.39645, 1.35318, 1.35953, 1.4911, 1.46291, 1.48128, 1.52057, 1.52102, 1.56001, 1.53983, 1.5313, 1.59605, 1.57948, 1.57949, 1.56622, 1.55289, 1.47551, 1.46345, 1.48659, 1.57342, 1.69981, 1.7384, 1.70913, 1.57185, 1.5471, 1.47226, 1.51797, 1.62952, 1.70642, 1.66038, 1.62635, 1.69605, 1.73951, 1.8566, 1.77374, 1.6996, 1.69836, 1.82382, 1.96025, 1.95862, 1.97683, 1.81161, 1.68627, 1.73331, 1.82978, 1.86662, 1.86973, 1.85294, 1.91489, 1.9025, 1.86654, 1.85992, 1.97943, 2.01375, 1.90313, 1.93014, 1.99034, 1.94784, 1.94064, 1.95461, 1.98343, 2.01322, 1.95704, 2.05184, 2.01674, 2.04724, 2.00956, 2.04387, 2.07791, 1.94723, 1.94501, 1.86876, 2.01813, 2.03061, 2.10816, 2.13503, 2.19817, 2.2186, 2.17012, 2.11247, 2.1104, 2.14786, 2.16148, 2.21488, 2.26861, 2.22476, 2.27556, 2.34465, 2.32988, 2.32177, 2.30754, 2.29186, 2.27671, 2.26826, 2.25992, 2.24992, 2.23995, 2.23002, 2.22022, 2.21015, 2.20053, 2.19574, 2.18338, 2.17179, 2.15919, 2.14785, 2.13546, 2.12524, 2.11668, 2.10165, 2.09185, 2.0858, 2.08153, 2.10217, 2.13199, 2.16344, 2.18848, 2.21421, 2.23915, 2.26702, 2.30373, 2.32698, 2.35016, 2.3731, 2.39101, 2.40816, 2.42573, 2.43979, 2.45724, 2.46613, 2.47251, 2.47042, 2.46807, 2.46563, 2.4631, 2.46054, 2.45819, 2.46564, 2.45236, 2.43217, 2.45432, 2.48065, 2.49693, 2.54001, 2.56473, 2.57204, 2.58558, 2.60532, 2.62557, 2.67266, 2.7118, 2.73723, 2.78788, 2.8087, 2.82542, 2.84802, 2.86867, 2.87588, 2.88218, 2.89203]"
GP,48073,300,1,10,1,1267.575,0.66584,2.86926,0.81951,0.74016,0,0.51989,0.68128,0.8232,0.89524,0,0.57281,0.67147,0.42297,1.00891,2.78161,3.66524,4.52092,0.42297,0.88131,2.22739,2.93356,3.73889,202.1657,3.53E+11,1.77E+11,1.47E+11,1.18E+11,"[0.63218, 0.84043, 1.08417, 1.38289, 1.76737, 2.2765, 2.94702, 3.78822, 4.74501, 5.68141, 6.436, 6.93077, 7.20842, 7.35846, 7.44798, 7.51137, 7.56339, 7.60987, 7.65306, 7.69383]","[-0.15769, -0.14305, -0.12855, -0.11549, -0.10137, -0.08702, -0.07271, -0.0602, -0.0451, -0.02833, -0.01302, 0.00155, 0.01267, 0.02334, 0.03473, 0.04528, 0.05567, 0.06865, 0.08227, 0.09726, 0.11478, 0.13132, 0.14794, 0.16184, 0.17691, 0.19096, 0.20403, 0.21468, 0.22545, 0.23408, 0.24278, 0.25086, 0.25926, 0.2701, 0.28247, 0.29739, 0.31395, 0.32933, 0.34758, 0.36543, 0.38136, 0.39767, 0.41308, 0.42744, 0.44394, 0.46108, 0.4759, 0.49337, 0.51043, 0.52772, 0.54347, 0.56116, 0.57615, 0.59015, 0.60029, 0.60808, 0.61733, 0.62913, 0.64078, 0.65204, 0.6609, 0.66839, 0.67296, 0.67795, 0.68453, 0.68896, 0.69379, 0.70052, 0.70836, 0.71654, 0.72208, 0.72896, 0.73938, 0.74871, 0.75623, 0.76671, 0.77913, 0.78956, 0.79812, 0.80801, 0.81922, 0.82851, 0.83538, 0.84387, 0.85494, 0.86725, 0.87748, 0.89133, 0.9027, 0.91579, 0.9277, 0.94256, 0.96066, 0.97754, 0.99395, 1.00908, 1.02138, 1.03313, 1.04282, 1.05431, 1.0678, 1.08174, 1.0925, 1.10247, 1.11419, 1.12646, 1.13967, 1.15279, 1.16372, 1.17576, 1.18768, 1.19611, 1.20633, 1.21582, 1.22603, 1.23846, 1.25063, 1.26408, 1.27549, 1.28539, 1.29793, 1.31397, 1.33033, 1.34348, 1.35469, 1.36461, 1.37379, 1.38387, 1.39361, 1.40405, 1.41387, 1.42463, 1.43499, 1.44616, 1.45979, 1.47358, 1.48835, 1.49886, 1.50653, 1.5143, 1.52535, 1.53835, 1.55058, 1.56322, 1.57784, 1.59323, 1.60967, 1.62689, 1.64255, 1.65865, 1.66939, 1.67252, 1.67439, 1.67439, 1.67374, 1.6725, 1.6704, 1.66871, 1.66699, 1.66545, 1.66491, 1.66516, 1.66646, 1.66983, 1.67447, 1.68228, 1.68909, 1.69746, 1.70595, 1.71072, 1.71572, 1.72386, 1.73188, 1.73814, 1.74338, 1.74859, 1.7513, 1.75375, 1.7564, 1.7614, 1.76687, 1.77108, 1.77158, 1.77162, 1.7733, 1.77612, 1.77784, 1.77988, 1.78233, 1.78541, 1.7882, 1.78977, 1.79223, 1.79599, 1.79962, 1.80405, 1.80931, 1.81359, 1.819, 1.82749, 1.83837, 1.84788, 1.85724, 1.86605, 1.87487, 1.88306, 1.89085, 1.89855, 1.90527, 1.91146, 1.91881, 1.92839, 1.9395, 1.95032, 1.95949, 1.96644, 1.97394, 1.98274, 1.99079, 1.99702, 2.00302, 2.00928, 2.01427, 2.01584, 2.01618, 2.01444, 2.00865, 2.00014, 1.98824, 1.97283, 1.95701, 1.94065, 1.92412, 1.90765, 1.89211, 1.87572, 1.85893, 1.84203, 1.82516, 1.8085, 1.79185, 1.77535, 1.75947, 1.74285, 1.72634, 1.7097, 1.69337, 1.67695, 1.66078, 1.64463, 1.62827, 1.61242, 1.59652, 1.58055, 1.56562, 1.5499, 1.53383, 1.51727, 1.50083, 1.48439, 1.4683, 1.45231, 1.43573, 1.41918, 1.40269, 1.38592, 1.36919, 1.35269, 1.33613, 1.31997, 1.30363, 1.2872, 1.27038, 1.25346, 1.23652, 1.21958, 1.20274, 1.18619, 1.17047, 1.15471, 1.1391, 1.1241, 1.10898, 1.09358, 1.07832, 1.06257, 1.04655, 1.03075, 1.01508, 0.99955, 0.98419, 0.96864, 0.95281, 0.93735, 0.92128, 0.90505, 0.88903, 0.87289, 0.85647, 0.84012]"
ARIMA,48073,300,1,10,1,19.563,,,,,,,,,,,,,0.24363,0.24031,0.21857,0.22584,0.2073,0.24363,0.19275,0.17802,0.18733,0.16854,116.44938,9.06E+10,4.53E+10,3.77E+10,3.02E+10,"[0.45285, 0.45285, 0.45285, 0.45285, 0.45285, 0.45285, 0.45285, 0.45285, 0.45285, 0.45285, 0.45285, 0.45285, 0.45285, 0.45285, 0.45285, 0.45285, 0.45285, 0.45285, 0.45285, 0.45285]",
RandomWalk,48073,300,1,10,1,1.255,,,,,,,,,,,,,0.24363,0.24031,0.21857,0.22584,0.2073,0.24363,0.19275,0.17802,0.18733,0.16854,116.44938,9.06E+10,4.53E+10,3.77E+10,3.02E+10,"[0.45285, 0.45285, 0.45285, 0.45285, 0.45285, 0.45285, 0.45285, 0.45285, 0.45285, 0.45285, 0.45285, 0.45285, 0.45285, 0.45285, 0.45285, 0.45285, 0.45285, 0.45285, 0.45285, 0.45285]",
LSTM,48073,300,1,10,1,510.513,,,,,,,,,,,,,0.08294,0.15049,0.15612,0.1498,0.15278,0.08294,0.13989,0.12851,0.12582,0.13011,39.64473,4.89E+10,2.45E+10,2.04E+10,1.63E+10,"[0.29216, 0.23814, 0.23673, 0.24461, 0.24468, 0.22273, 0.23692, 0.23668, 0.24336, 0.23194, 0.23073, 0.23241, 0.23124, 0.2311, 0.23017, 0.23091, 0.23012, 0.2298, 0.22937, 0.2293]",
Alg_c,48073,300,1,10,1,0,2.86926,2.86926,0.91176,0.65517,0.66667,0.74453,0.82043,0.89796,0.63265,0.70588,0.7455,0.81304,,,,,,,,,,,,,,,,,"[0.0, 0.0, 0.12341, 0.0, 0.0, 0.0, 0.48991, 0.1143, 0.0, 0.0, 0.11721, 0.1829, 0.05005, 0.02534, 0.13317, 0.48743, 0.1739, 0.0, 0.0, 0.68595, 0.29325, 0.0, 0.21516, 0.21039, 0.0, 0.29436, 0.02736, 0.10111, 0.40476, 0.61625, 0.0, 0.38088, 0.90705, 0.42064, 0.19829, 0.39607, 0.20704, 0.26729, 0.2947, 0.27866, 0.10014, 0.0, 1.06354, 0.21598, 0.61197, 0.41012, 0.0, 0.61984, 0.22685, 0.36288, 0.69586, 0.22643, 0.38453, 0.98095, 0.70286, 0.39701, 0.57447, 0.87705, 0.33331, 0.10504, 0.84514, 0.907, 0.65063, 0.40758, 0.48322, 0.95621, 0.89143, 0.74077, 0.71192, 0.5721, 0.63458, 0.80875, 0.66737, 0.89284, 1.38544, 0.49766, 0.3269, 0.82179, 1.0967, 0.55868, 0.89011, 0.41565, 0.52659, 0.90315, 1.03568, 0.08593, 1.2165, 0.53209, 1.08547, 1.22645, 0.84604, 0.57361, 0.62867, 1.37247, 1.20231, 0.63885, 1.49921, 1.07535, 0.67586, 1.34939, 0.90889, 1.14916, 0.87502, 0.91652, 1.31999, 0.79487, 1.24448, 0.88534, 1.50327, 1.08231, 1.25726, 1.49216, 1.36425, 1.46524, 1.03284, 0.7311, 1.37219, 1.44023, 1.04483, 1.39615, 1.42335, 1.67451, 0.97866, 1.53847, 0.7825, 1.68416, 1.29002, 1.23304, 1.50814, 1.14713, 1.43472, 1.36732, 1.51788, 1.26475, 1.30754, 1.637, 1.46784, 1.37358, 0.34669, 1.63378, 1.64746, 1.25181, 1.08088, 1.84594, 1.34446, 1.44288, 1.60333, 1.44379, 1.67708, 1.5568, 1.30969, 1.85535, 1.45936, 1.63, 1.49199, 1.81109, 1.2556, 1.47994, 1.36264, 1.43556, 1.92833, 1.77255, 2.03128, 1.16498, 1.7684, 1.18602, 1.41116, 1.64247, 1.9973, 1.57793, 1.38881, 1.82562, 1.43246, 2.39436, 1.70459, 1.60864, 1.42955, 1.8071, 2.32434, 1.73857, 2.45101, 1.70819, 1.24576, 1.69833, 1.98592, 1.89501, 1.95864, 1.5718, 2.14783, 1.93622, 1.86617, 1.47726, 2.17051, 2.43247, 1.46317, 1.8506, 2.31186, 1.7847, 1.91438, 1.93006, 1.95095, 2.27255, 1.51757, 2.43979, 1.76632, 2.2743, 1.81138, 1.97292, 2.57111, 1.48605, 2.2442, 1.32015, 2.39222, 1.81121, 2.2886, 1.9971, 2.28027, 2.34891, 2.18522, 1.99127, 2.03507, 2.25327, 2.03678, 2.16761, 2.63716, 1.81705, 2.23272, 2.79447, 0.0, 3.13579, 6.90146, 19.93935, NaN, 1.90711, 6.18566, NaN, NaN, NaN, 5.29053, 1.22247, 0.0, 2.77676, NaN, 5.88133, 0.0, 3.61904, 0.0, 1.31872, 5.0721, NaN, 1.88073, 3.29036, 0.0, 2.02965, 1.69917, 4.54649, 0.0, 5.01323, 0.0, 0.01363, 3.66658, NaN, 0.23127, 5.90941, NaN, 0.0, 5.58685, NaN, 3.27601, 1.49188, 6.09425, NaN, 0.0, 35.08199, NaN, NaN, NaN, 3.06771, 3.51183, 0.0, 2.63354, 2.87755, 0.56444, 2.87192, 4.13031, 0.0, 2.39874, 2.76672, 1.52597, 2.89614, 3.95137, 0.0, 3.25058, 6.58566, 0.0, 2.8389, 5.25977, 29.92177, NaN]"
UDE-NN,28757,300,1,10,1,193.921,0.147,0.71837,0.98266,0.91503,0.91954,0.93908,0.95536,0.75439,0.04545,0,0.26661,0.59351,0.26564,0.29249,0.27484,0.29563,0.30529,0.26564,0.26896,0.2609,0.2788,0.27096,245.73318,1.38E+11,6.91E+10,5.76E+10,4.61E+10,"[0.37375, 0.35158, 0.34659, 0.34546, 0.34532, 0.34542, 0.34555, 0.34566, 0.34572, 0.34574, 0.34573, 0.34567, 0.34557, 0.34543, 0.34526, 0.34505, 0.34481, 0.34454, 0.34424, 0.34391]","[0.24848, 0.35975, 0.41311, 0.15102, -0.15737, -0.27694, -0.08638, 0.00487, -0.10381, -0.18605, 0.08961, 0.03709, 0.21128, 0.22997, 0.03637, -0.06538, 0.01495, 0.11148, 0.05946, 0.03228, 0.07799, 0.27386, 0.36725, 0.43412, 0.39544, 0.3456, 0.15715, 0.16501, 0.26796, 0.34403, 0.32162, 0.38833, 0.33863, 0.35122, 0.31784, 0.40984, 0.41419, 0.40668, 0.39941, 0.22807, 0.26812, 0.34369, 0.62935, 0.65673, 0.60515, 0.62346, 0.63926, 0.57613, 0.50671, 0.56127, 0.56337, 0.65626, 0.7778, 0.59864, 0.42541, 0.51762, 0.40063, 0.39986, 0.36078, 0.57255, 0.60842, 0.57472, 0.55172, 0.53724, 0.60028, 0.73055, 0.84535, 0.8866, 0.81183, 0.67537, 0.72148, 0.8684, 0.94421, 0.89523, 0.72211, 0.55633, 0.45854, 0.49684, 0.59953, 0.53383, 0.50617, 0.54356, 0.62892, 0.63344, 0.5395, 0.59629, 0.55901, 0.64113, 0.71789, 0.78523, 0.85646, 0.85285, 0.8805, 0.93063, 0.88918, 0.98796, 1.00271, 0.9347, 0.85261, 0.78442, 0.79183, 0.84352, 0.91253, 0.96299, 1.01732, 1.14984, 1.17077, 1.31533, 1.26652, 1.1108, 1.13432, 1.10918, 1.10446, 1.30917, 1.44901, 1.35472, 1.41362, 1.49095, 1.50989, 1.53282, 1.5119, 1.35728, 1.09237, 0.962, 1.03437, 1.16554, 1.1672, 1.19032, 1.35196, 1.5194, 1.43635, 1.29157, 1.09619, 1.28522, 1.27734, 1.13495, 1.37358, 1.51497, 1.51622, 1.60877, 1.56435, 1.48968, 1.41683, 1.25102, 1.20859, 1.26426, 1.20039, 1.21865, 1.15357, 1.24225, 1.4853, 1.62189, 1.58158, 1.63937, 1.6953, 1.45032, 1.4419, 1.28019, 1.13753, 1.25459, 1.35558, 1.50508, 1.54052, 1.58554, 1.64393, 1.57772, 1.56345, 1.61191, 1.6348, 1.66026, 1.81227, 1.839, 1.68373, 1.58807, 1.73121, 1.68521, 1.67222, 1.71653, 1.60287, 1.77237, 1.79355, 1.97537, 1.88032, 1.83808, 1.81177, 1.89074, 1.85584, 1.87249, 1.81552, 1.76043, 1.82541, 1.77714, 1.83337, 1.85407, 1.94089, 2.10139, 1.98613, 2.06077, 2.10519, 2.15321, 2.04139, 2.01132, 2.14928, 2.094, 2.03813, 2.01535, 2.13612, 2.24202, 2.02231, 1.90851, 1.81271, 1.9241, 1.93805, 2.04403, 2.06516, 2.0312, 2.13033, 2.19074, 2.21272, 2.05056, 1.99658, 2.09595, 2.17258, 2.31647, 2.37513, 2.37047, 2.17713, 2.08, 2.0058, 2.21386, 2.37917, 2.37536, 2.30855, 2.22173, 2.23284, 2.23442, 2.15131, 2.30035, 2.41264, 2.42367, 2.32229, 2.32841, 2.3929, 2.45054, 2.48309, 2.34762, 2.39548, 2.59269, 2.62221, 2.5561, 2.53961, 2.55521, 2.67653, 2.75527, 2.74483, 2.60109, 2.57747, 2.56525, 2.63269, 2.61069, 2.59826, 2.57441, 2.60308, 2.66433, 2.69976, 2.81064, 2.82737, 2.75485, 2.72943, 2.84608, 2.83467, 2.69226, 2.69872, 2.72148, 2.71856, 2.6867, 2.69423, 2.65569, 2.73115, 2.86083, 2.92337, 2.80643, 2.77693, 2.8827, 2.81644, 2.77551, 2.80941, 2.83879, 2.81443, 2.78941, 2.76978, 2.75381, 2.74722, 2.77674, 2.78175, 2.78721, 2.80886, 2.80135, 2.79185, 2.7996]"
GP,28757,300,1,10,1,1281.573,0.22168,0.71837,0.97534,0.89571,0.77143,0.88083,0.92607,0.75645,0.19718,0,0.31788,0.62954,0.85625,1.10864,2.66897,3.57871,4.65759,0.85625,1.01763,2.20614,2.90748,3.83838,792.06473,5.98E+11,2.99E+11,2.49E+11,1.99E+11,"[0.96435, 1.05269, 1.18105, 1.36389, 1.62638, 2.00842, 2.56582, 3.35783, 4.40378, 5.60934, 6.73368, 7.52279, 7.92884, 8.09364, 8.15577, 8.18213, 8.19663, 8.20694, 8.21542, 8.22282]","[0.05018, 0.0629, 0.07565, 0.08837, 0.10108, 0.11343, 0.12527, 0.13748, 0.1489, 0.16145, 0.17379, 0.18653, 0.19928, 0.21187, 0.22454, 0.23725, 0.24935, 0.26177, 0.27349, 0.28442, 0.29528, 0.3056, 0.31713, 0.32929, 0.34201, 0.35361, 0.36621, 0.37893, 0.39168, 0.40262, 0.41179, 0.42134, 0.43073, 0.43812, 0.44455, 0.44745, 0.45093, 0.45529, 0.4613, 0.4688, 0.47333, 0.48118, 0.48451, 0.48605, 0.48369, 0.48355, 0.48579, 0.48904, 0.49081, 0.49193, 0.49451, 0.49948, 0.50529, 0.5123, 0.52086, 0.5307, 0.54116, 0.54997, 0.5595, 0.56781, 0.5759, 0.57736, 0.57914, 0.58408, 0.59053, 0.59277, 0.59617, 0.5981, 0.6041, 0.61185, 0.62246, 0.63419, 0.64627, 0.65851, 0.67102, 0.68293, 0.69467, 0.70538, 0.71752, 0.73022, 0.74293, 0.75533, 0.76745, 0.77867, 0.78881, 0.79905, 0.81039, 0.82263, 0.83326, 0.84517, 0.85592, 0.86771, 0.87878, 0.88612, 0.89583, 0.90506, 0.9142, 0.92195, 0.92872, 0.93602, 0.94124, 0.95072, 0.95654, 0.96534, 0.97113, 0.97948, 0.99064, 0.99912, 1.00707, 1.01779, 1.03015, 1.04092, 1.04991, 1.05857, 1.06744, 1.07723, 1.0892, 1.09954, 1.10862, 1.11543, 1.12237, 1.1302, 1.13774, 1.14894, 1.15644, 1.16388, 1.17235, 1.17957, 1.18763, 1.19673, 1.20592, 1.21544, 1.22473, 1.23649, 1.24521, 1.25433, 1.26252, 1.27184, 1.28193, 1.29426, 1.30605, 1.3177, 1.32866, 1.34085, 1.35353, 1.3661, 1.37885, 1.39111, 1.40318, 1.41387, 1.42269, 1.43191, 1.44127, 1.45307, 1.46109, 1.46988, 1.48006, 1.48895, 1.49788, 1.50814, 1.52078, 1.53352, 1.54619, 1.55894, 1.57158, 1.58392, 1.59481, 1.60623, 1.61814, 1.62903, 1.6389, 1.65081, 1.66276, 1.67446, 1.68715, 1.69936, 1.7104, 1.7207, 1.73098, 1.74168, 1.75229, 1.76295, 1.77503, 1.78771, 1.80022, 1.81291, 1.82412, 1.83493, 1.84498, 1.8549, 1.86648, 1.87472, 1.88491, 1.89413, 1.90575, 1.91442, 1.92204, 1.93336, 1.94435, 1.95629, 1.96752, 1.97955, 1.99166, 2.00393, 2.01556, 2.02654, 2.03884, 2.05158, 2.06429, 2.077, 2.08942, 2.10189, 2.11455, 2.12729, 2.13985, 2.15194, 2.16368, 2.17561, 2.18803, 2.20078, 2.21334, 2.22608, 2.23793, 2.25037, 2.26294, 2.27568, 2.2883, 2.29947, 2.3092, 2.32096, 2.33225, 2.34299, 2.3555, 2.36569, 2.37493, 2.38423, 2.39472, 2.40714, 2.41987, 2.43255, 2.44512, 2.45747, 2.47015, 2.48263, 2.49477, 2.50579, 2.51118, 2.51313, 2.51495, 2.51667, 2.52161, 2.53233, 2.54489, 2.5576, 2.56975, 2.58208, 2.59326, 2.60501, 2.61694, 2.62969, 2.64233, 2.65479, 2.66537, 2.67083, 2.67022, 2.67057, 2.66943, 2.66981, 2.67469, 2.68155, 2.68533, 2.68455, 2.67623, 2.66312, 2.65116, 2.64503, 2.64641, 2.65315, 2.66334, 2.67298, 2.67461, 2.67109, 2.66299, 2.65365, 2.63609, 2.59978, 2.54982, 2.48414, 2.4054, 2.31976, 2.23464, 2.15206, 2.06884, 1.98693, 1.9075, 1.82256, 1.73834, 1.65954, 1.57673, 1.49454]"
ARIMA,28757,300,1,10,1,20.324,,,,,,,,,,,,,0.63787,0.60394,0.60814,0.55729,0.53109,0.63787,0.54656,0.56149,0.48539,0.46307,590.0574,3.08E+11,1.54E+11,1.28E+11,1.03E+11,"[0.74597, 0.77528, 0.77001, 0.77096, 0.77079, 0.77082, 0.77081, 0.77082, 0.77082, 0.77082, 0.77082, 0.77082, 0.77082, 0.77082, 0.77082, 0.77082, 0.77082, 0.77082, 0.77082, 0.77082]",
RandomWalk,28757,300,1,10,1,1.197,,,,,,,,,,,,,0.80109,0.73672,0.7404,0.68191,0.65158,0.80109,0.68916,0.70198,0.61751,0.57798,741.0462,3.64E+11,1.82E+11,1.52E+11,1.21E+11,"[0.9092, 0.9092, 0.9092, 0.9092, 0.9092, 0.9092, 0.9092, 0.9092, 0.9092, 0.9092, 0.9092, 0.9092, 0.9092, 0.9092, 0.9092, 0.9092, 0.9092, 0.9092, 0.9092, 0.9092]",
LSTM,28757,300,1,10,1,420.57,,,,,,,,,,,,,4.87262,6.96261,8.25724,8.4246,9.0469,4.87262,6.80401,8.08782,8.27479,8.85857,4507.3867,3.37E+12,1.69E+12,1.40E+12,1.12E+12,"[4.98072, 6.18453, 7.10496, 8.10153, 8.74852, 9.29415, 9.37191, 9.62835, 9.67332, 9.86235, 9.478, 10.36937, 11.13905, 11.73248, 12.20188, 12.21562, 12.02476, 11.62191, 11.223, 10.88064]",
Alg_c,28757,300,1,10,1,0,0.71837,0.71837,0.90854,0.64052,0.6087,0.71925,0.7935,0.75882,0.224,0,0.32761,0.64758,,,,,,,,,,,,,,,,,"[0.03486, 0.456, 1.04945, 0.1966, 0.0, 0.0, 0.14223, 0.44143, 0.0, 0.0, 0.75959, 0.0, 0.51229, 0.66699, 0.0, 0.0, 0.0, 0.40787, 0.02167, 0.0, 0.0, 0.45967, 0.44721, 0.6503, 0.36512, 0.64356, 0.0, 0.0, 0.30553, 0.57097, 0.07852, 0.67244, 0.15451, 0.51886, 0.0, 0.6592, 0.40052, 0.35429, 0.85019, 0.0, 0.29713, 0.0, 1.24547, 0.72843, 0.38465, 0.62944, 0.81633, 0.6161, 0.18065, 0.79166, 0.34534, 0.48117, 1.48844, 0.52748, 0.0, 1.04589, 0.06378, 0.576, 0.0, 0.94618, 0.68717, 0.512, 0.55858, 0.40566, 0.47439, 0.74791, 0.95744, 1.08753, 0.95794, 0.27894, 0.5343, 1.00763, 1.17032, 1.13355, 0.68788, 0.46051, 0.20106, 0.36122, 0.9629, 0.43755, 0.37349, 0.45125, 0.80991, 0.81049, 0.26783, 0.76787, 0.3096, 0.61897, 0.73612, 0.77946, 1.01088, 0.77262, 0.83202, 1.08109, 0.63354, 1.1569, 1.20292, 0.99402, 0.77505, 0.58387, 0.6872, 0.77881, 0.94603, 0.9319, 0.83666, 1.35122, 1.0152, 1.70744, 1.54814, 0.72344, 1.22323, 1.01875, 0.67606, 1.443, 1.97134, 1.00461, 1.37162, 1.60677, 1.53528, 1.65654, 1.84728, 1.67202, 0.73252, 0.45404, 0.84737, 1.41278, 1.12088, 0.88538, 1.35336, 2.04206, 1.60619, 1.4633, 0.3533, 1.60701, 1.44256, 0.38786, 1.50791, 1.842, 1.30407, 1.88856, 1.61503, 1.49098, 1.62156, 0.98418, 0.97543, 1.54362, 1.01903, 1.39011, 0.8006, 0.89257, 1.72148, 2.04432, 1.33268, 1.68563, 2.30566, 1.01203, 1.7, 1.19039, 0.57172, 1.2905, 1.22516, 1.75763, 1.50875, 1.53445, 1.92729, 1.43385, 1.4387, 1.68233, 1.68581, 1.32434, 2.06151, 2.21761, 1.54356, 1.06089, 2.15292, 1.60822, 1.56948, 2.00507, 1.05019, 2.01756, 1.48064, 2.54966, 1.70694, 1.84367, 1.58957, 2.12237, 1.75735, 2.01698, 1.84866, 1.54829, 2.02048, 1.58099, 1.88843, 1.69905, 1.88706, 2.6752, 1.58864, 2.10455, 2.09719, 2.48331, 1.86968, 1.63759, 2.57547, 2.06907, 1.97363, 1.72031, 2.13387, 2.93689, 1.72568, 1.96081, 1.34999, 2.19695, 1.7107, 2.2245, 2.2053, 1.70304, 2.25252, 2.20304, 2.60557, 1.81167, 1.67813, 2.22899, 1.98989, 2.50325, 2.4131, 2.76618, 1.95247, 2.02197, 1.43142, 2.34275, 2.72891, 2.46007, 2.37511, 1.97805, 2.25805, 2.51723, 1.60533, 2.39537, 2.58283, 2.67508, 2.05315, 2.22964, 2.4169, 2.44932, 2.93997, 1.91518, 2.00863, 3.06624, 2.79021, 2.34588, 2.53099, 2.32689, 2.75056, 2.89145, 3.06355, 2.25614, 2.64877, 2.36213, 2.84326, 2.55972, 2.64342, 2.47383, 2.53213, 2.82381, 2.39128, 3.06209, 3.04187, 2.63896, 2.33097, 3.1625, 3.21972, 2.15039, 2.77838, 2.79693, 2.82563, 2.50486, 2.90688, 2.38715, 2.60429, 2.91665, 3.45963, 2.4735, 2.30794, 3.54263, 2.60158, 2.47454, 2.95727, 3.96139, NaN, 0.0, 2.53441, 0.48075, 0.0, 3.19773, NaN, NaN, 3.18814, 12.47931, NaN]"
UDE-NN,4150,300,1,10,1,192.181,0.08875,0.92998,0.98305,0.89143,0.81159,0.89536,0.93503,0.45106,0.40529,0.89655,0.5843,0.47923,0.13571,0.23997,0.22696,0.2178,0.21794,0.13571,0.19462,0.19061,0.1853,0.1912,19.83335,24.92697,32.67456,32.80425,35.25576,"[0.54856, 0.5209, 0.50783, 0.49802, 0.48922, 0.48098, 0.47318, 0.46578, 0.45873, 0.45201, 0.4456, 0.43947, 0.43361, 0.428, 0.42262, 0.41746, 0.4125, 0.40773, 0.40314, 0.39873]","[0.20402, 0.21649, 0.18784, 0.21058, 0.19707, 0.13002, 0.11845, 0.0767, 0.07495, 0.07743, 0.15955, 0.01305, 0.0156, 0.10133, 0.07165, 0.00064, 0.07408, 0.21196, 0.12432, 0.08185, 0.16357, 0.22812, 0.23914, 0.23659, 0.19087, 0.27402, 0.27725, 0.3036, 0.34604, 0.32461, 0.32951, 0.42112, 0.39889, 0.39705, 0.32767, 0.2642, 0.28121, 0.33709, 0.4514, 0.50153, 0.39239, 0.33761, 0.35476, 0.45237, 0.50329, 0.40478, 0.42157, 0.41637, 0.50454, 0.48343, 0.49181, 0.53472, 0.45836, 0.41094, 0.57202, 0.6069, 0.61743, 0.64524, 0.70088, 0.70339, 0.72176, 0.70917, 0.69507, 0.68925, 0.68798, 0.69287, 0.70155, 0.73139, 0.79439, 0.79676, 0.80702, 0.78508, 0.75, 0.67555, 0.65915, 0.68608, 0.63105, 0.67742, 0.7172, 0.809, 0.82807, 0.78782, 0.8452, 0.87427, 0.87344, 0.80193, 0.84447, 0.84637, 0.85505, 0.86268, 0.91773, 0.99904, 0.9731, 0.93835, 0.93547, 0.96677, 0.90126, 0.9067, 1.00376, 1.10104, 1.16865, 1.19331, 1.26521, 1.21797, 1.19331, 1.16408, 1.17188, 1.1854, 1.23506, 1.18794, 1.1431, 1.09406, 1.10229, 1.17916, 1.21848, 1.12871, 1.19387, 1.21436, 1.13885, 1.14508, 1.18653, 1.16451, 1.21136, 1.23658, 1.32078, 1.34215, 1.42337, 1.46809, 1.43355, 1.2945, 1.28839, 1.18956, 1.23615, 1.11623, 1.11856, 1.17542, 1.2244, 1.23226, 1.23029, 1.29765, 1.4079, 1.37336, 1.34376, 1.35638, 1.45207, 1.58086, 1.55068, 1.5674, 1.39439, 1.32576, 1.30404, 1.43072, 1.46063, 1.47966, 1.48451, 1.59476, 1.65354, 1.7594, 1.6751, 1.72766, 1.72913, 1.72616, 1.68971, 1.66667, 1.69011, 1.59764, 1.60955, 1.70233, 1.80318, 1.87453, 1.8664, 1.72967, 1.67143, 1.73132, 1.70053, 1.65386, 1.72176, 1.78078, 1.83022, 1.82707, 1.76158, 1.7733, 1.80159, 1.82629, 1.84376, 1.87111, 1.87775, 1.81979, 1.84695, 1.88796, 1.89893, 1.93675, 1.96144, 2.00301, 1.94698, 1.94128, 1.99206, 2.01017, 1.93648, 1.95232, 2.04138, 2.06863, 2.04287, 2.11289, 2.12675, 2.11414, 2.17391, 2.16161, 2.10553, 2.07342, 2.11918, 2.17518, 2.16247, 2.0994, 2.04302, 2.09008, 2.12381, 2.0989, 2.11267, 2.17103, 2.23377, 2.31928, 2.31215, 2.29697, 2.25198, 2.29664, 2.22682, 2.24078, 2.25628, 2.32353, 2.35717, 2.33794, 2.40509, 2.50312, 2.46594, 2.38614, 2.36243, 2.41279, 2.43155, 2.35182, 2.3823, 2.32868, 2.4306, 2.45857, 2.48879, 2.45913, 2.46292, 2.4824, 2.4567, 2.41825, 2.37905, 2.2819, 2.29853, 2.33005, 2.34151, 2.35402, 2.37218, 2.40604, 2.42959, 2.44073, 2.45128, 2.47476, 2.51574, 2.55806, 2.56091, 2.57882, 2.63459, 2.60741, 2.58657, 2.56949, 2.59484, 2.56894, 2.56845, 2.58803, 2.60484, 2.64697, 2.68371, 2.70272, 2.75763, 2.79703, 2.82882, 2.84825, 2.85918, 2.87466, 2.8532, 2.82673, 2.82528, 2.84152, 2.84399, 2.86059, 2.89521, 2.9198, 2.94316, 2.9735, 2.93138, 2.91949, 2.98409, 3.06242, 3.11292, 3.1229]"
GP,4150,300,1,10,1,1289.991,0.09463,0.92998,0.99441,0.8764,0.67742,0.84941,0.91937,0.45188,0.3913,0.82353,0.55557,0.46401,0.01817,0.15096,0.19947,0.19525,0.19419,0.01817,0.11209,0.16439,0.16321,0.16606,2.6556,14.90866,36.11243,37.08116,39.23625,"[0.6661, 0.66515, 0.65562, 0.6428, 0.62922, 0.61596, 0.60344, 0.59173, 0.58081, 0.57061, 0.56106, 0.55208, 0.54361, 0.53562, 0.52805, 0.52087, 0.51405, 0.50755, 0.50135, 0.49544]","[0.10331, 0.11429, 0.125, 0.13545, 0.14567, 0.1558, 0.16577, 0.17553, 0.18546, 0.19538, 0.20509, 0.21471, 0.22421, 0.23405, 0.24374, 0.25315, 0.26263, 0.27243, 0.28213, 0.29157, 0.30109, 0.31058, 0.31982, 0.32928, 0.33899, 0.34847, 0.35815, 0.3678, 0.37767, 0.38781, 0.39807, 0.40824, 0.4178, 0.42701, 0.43607, 0.4449, 0.45361, 0.46242, 0.47142, 0.48049, 0.48936, 0.49809, 0.50665, 0.51538, 0.52432, 0.53341, 0.54217, 0.55086, 0.55959, 0.56787, 0.57557, 0.58298, 0.59018, 0.59732, 0.60439, 0.61159, 0.61854, 0.62521, 0.63163, 0.63791, 0.644, 0.65008, 0.65603, 0.66199, 0.66805, 0.67412, 0.68022, 0.68638, 0.69263, 0.69896, 0.70525, 0.71158, 0.71793, 0.72439, 0.73095, 0.73774, 0.74484, 0.75215, 0.75974, 0.76753, 0.77542, 0.78339, 0.79132, 0.79935, 0.80714, 0.81494, 0.82273, 0.83076, 0.83893, 0.84739, 0.8557, 0.86356, 0.87135, 0.87911, 0.88698, 0.89479, 0.9025, 0.91021, 0.91805, 0.92625, 0.93477, 0.94384, 0.95343, 0.96338, 0.97342, 0.98327, 0.9931, 1.00273, 1.0125, 1.0223, 1.03215, 1.04225, 1.05248, 1.0627, 1.0732, 1.08356, 1.09426, 1.10477, 1.1147, 1.12472, 1.13473, 1.14443, 1.1545, 1.16542, 1.17704, 1.18851, 1.20002, 1.21171, 1.22347, 1.23575, 1.24833, 1.26047, 1.27272, 1.28443, 1.296, 1.30804, 1.32022, 1.33161, 1.34345, 1.35536, 1.36764, 1.37953, 1.39161, 1.40357, 1.41538, 1.4272, 1.43865, 1.45014, 1.46176, 1.47389, 1.48582, 1.49762, 1.50925, 1.52035, 1.53061, 1.54107, 1.55192, 1.56264, 1.57309, 1.58276, 1.59238, 1.60238, 1.6126, 1.62258, 1.63259, 1.6427, 1.65313, 1.66344, 1.67342, 1.68355, 1.69348, 1.70301, 1.71238, 1.72188, 1.73143, 1.74167, 1.75147, 1.76097, 1.77031, 1.77974, 1.78897, 1.79772, 1.80637, 1.81515, 1.82394, 1.83273, 1.84174, 1.85057, 1.85912, 1.86771, 1.87609, 1.88428, 1.89227, 1.90038, 1.90875, 1.91693, 1.92526, 1.93388, 1.94267, 1.95134, 1.96005, 1.96898, 1.97823, 1.98758, 1.99662, 2.00552, 2.01422, 2.02282, 2.03148, 2.03986, 2.04833, 2.05709, 2.06613, 2.07551, 2.08517, 2.09556, 2.10589, 2.11544, 2.12473, 2.13394, 2.14315, 2.15264, 2.16258, 2.17265, 2.18271, 2.19281, 2.20329, 2.21316, 2.22327, 2.23312, 2.24301, 2.25255, 2.26169, 2.27077, 2.27996, 2.28942, 2.29927, 2.30949, 2.31925, 2.32897, 2.33833, 2.34798, 2.35759, 2.36708, 2.37631, 2.38523, 2.39387, 2.40177, 2.4093, 2.41653, 2.42346, 2.43018, 2.43661, 2.4429, 2.44898, 2.45496, 2.46095, 2.46696, 2.47303, 2.47903, 2.48501, 2.49104, 2.49715, 2.50329, 2.50944, 2.51553, 2.52169, 2.52791, 2.53399, 2.5401, 2.5462, 2.55237, 2.55845, 2.56462, 2.5708, 2.57693, 2.58315, 2.58933, 2.59551, 2.60178, 2.60798, 2.61415, 2.62027, 2.62635, 2.63246, 2.63851, 2.64461, 2.65077, 2.65689, 2.66295, 2.66906, 2.67521, 2.68135, 2.68749, 2.69366, 2.69978, 2.70605, 2.71244, 2.71886, 2.72521]"
ARIMA,4150,300,1,10,1,19.598,,,,,,,,,,,,,0.07967,0.16385,0.20108,0.20104,0.20251,0.07967,0.12905,0.16736,0.16643,0.16507,11.6433,16.66771,36.36012,38.07899,40.71582,"[0.6046, 0.6046, 0.6046, 0.6046, 0.6046, 0.6046, 0.6046, 0.6046, 0.6046, 0.6046, 0.6046, 0.6046, 0.6046, 0.6046, 0.6046, 0.6046, 0.6046, 0.6046, 0.6046, 0.6046]",
RandomWalk,4150,300,1,10,1,1.212,,,,,,,,,,,,,0.03652,0.14081,0.20665,0.21056,0.21389,0.03652,0.10601,0.16594,0.16532,0.16158,5.33718,14.02052,38.68422,40.58165,43.01764,"[0.64776, 0.64776, 0.64776, 0.64776, 0.64776, 0.64776, 0.64776, 0.64776, 0.64776, 0.64776, 0.64776, 0.64776, 0.64776, 0.64776, 0.64776, 0.64776, 0.64776, 0.64776, 0.64776, 0.64776]",
LSTM,4150,300,1,10,1,500.263,,,,,,,,,,,,,0.27837,0.59697,1.55659,1.93882,2.36206,0.27837,0.56783,1.33449,1.64844,2.03431,40.6809,80.0277,285.53689,365.90616,461.82741,"[0.96265, 1.00538, 1.27547, 1.385, 1.74828, 2.05585, 2.24231, 2.56678, 2.85659, 3.24517, 3.57815, 3.82928, 4.04604, 4.11102, 4.17582, 4.30486, 4.40014, 4.55997, 4.64266, 4.58564]",
Alg_c,4150,300,1,10,1,0,0.92998,0.92998,0.89676,0.73418,0.57971,0.73688,0.80823,0.45,0.30476,0.58621,0.44699,0.389,,,,,,,,,,,,,,,,,"[0.19866, 0.3024, 0.07611, 0.28494, 0.31053, 0.0, 0.20543, 0.0, 0.08704, 0.0, 0.71712, 0.0, 0.0, 0.34289, 0.17458, 0.0, 0.0, 0.71202, 0.0, 0.0, 0.20145, 0.33636, 0.23982, 0.36794, 0.0, 0.4835, 0.2053, 0.26262, 0.48633, 0.26243, 0.12586, 0.68771, 0.28936, 0.55715, 0.32628, 0.09646, 0.25657, 0.19753, 0.5418, 0.86375, 0.23483, 0.23771, 0.17696, 0.55099, 0.86969, 0.05197, 0.56509, 0.15815, 0.81007, 0.3617, 0.28908, 1.00428, 0.47883, 0.0, 1.12057, 0.59385, 0.55713, 0.35116, 1.40826, 0.0, 2.07101, 13.78108, NaN, 1.03623, 0.40674, 0.93124, 0.22173, 0.05338, 1.53921, 0.20088, 1.16674, 0.65066, 1.22489, 0.16116, 0.40714, 1.23836, 0.11599, 0.85597, 0.49042, 1.01975, 1.01961, 0.43126, 0.95807, 0.87475, 1.17189, 0.32659, 1.06793, 0.78957, 0.88575, 0.76955, 0.78255, 1.33561, 0.91894, 0.86786, 0.76919, 1.37077, 0.67209, 0.68456, 1.06124, 1.15598, 1.28251, 1.01625, 1.54962, 1.13424, 1.22262, 1.08533, 1.18889, 1.06992, 1.4637, 1.1397, 1.16678, 0.993, 0.9665, 1.22679, 1.49838, 0.7936, 1.25739, 1.43246, 0.94133, 1.05713, 1.38291, 0.96977, 1.26708, 1.11909, 1.44771, 1.22146, 1.49257, 1.64064, 1.61125, 1.05966, 1.41267, 0.92694, 1.56118, 0.85399, 0.98788, 1.17145, 1.30879, 1.25145, 1.07816, 1.19783, 1.69821, 1.37964, 1.24781, 1.17708, 1.36562, 1.9057, 1.43517, 1.93654, 1.20601, 1.19018, 1.00756, 1.60571, 1.48638, 1.53888, 1.24908, 1.71638, 1.52977, 2.21387, 1.24942, 1.92504, 1.70782, 1.80116, 1.66515, 1.51975, 1.99058, 1.36737, 1.4633, 1.7076, 1.84331, 1.97334, 2.16974, 1.52318, 1.37482, 2.03439, 1.75148, 1.39626, 1.78581, 1.77335, 1.91852, 1.99815, 1.53304, 1.78681, 1.81784, 1.8503, 1.79862, 1.88689, 2.09379, 1.54218, 1.84838, 2.00275, 1.78331, 2.02684, 1.80942, 2.34072, 1.7451, 1.78774, 2.06526, 2.29776, 1.67846, 1.77313, 2.23434, 2.20708, 1.75885, 2.29503, 2.21115, 1.83718, 2.40742, 2.24556, 2.07093, 1.86597, 2.10337, 2.33457, 2.24772, 2.07559, 1.82316, 2.10346, 2.27389, 1.99944, 2.03055, 2.20654, 2.13414, 2.53839, 2.27698, 2.40457, 2.00992, 2.59352, 1.97073, 2.28947, 2.1264, 2.39264, 2.51872, 2.10788, 2.28132, 2.85645, 2.50896, 2.24635, 2.20472, 2.47793, 2.71643, 1.95199, 2.71505, 1.88502, 2.68242, 2.36641, 2.66483, 2.35459, 2.3934, 2.64792, 2.44675, 2.3036, 2.87037, 1.27022, 2.33176, 3.00887, 1.1478, 1.79525, 0.56799, 2.64964, 4.07222, 1.78819, 0.99947, 2.12346, 2.39516, 3.53481, 1.13004, 1.53383, 3.76712, 0.12417, 2.73204, 0.32482, 3.67129, 0.0, 2.37774, 2.8386, 1.67901, 2.7802, 3.17792, 1.55296, 3.05814, 2.84654, 3.05751, 3.15916, 2.2137, 3.98769, 2.81974, 1.4275, 2.54202, 3.35788, 0.95796, 2.35624, 3.20819, 2.95426, 2.24233, 4.50648, 0.0, 2.10671, 3.11184, 3.24844, 3.42922]"
UDE-NN,11007,300,1,10,1,209.953,0.10432,1.09485,0.9971,0.92486,0.82857,0.91684,0.95394,0.44068,0.48221,0.64444,0.52245,0.51405,0.06928,0.10803,0.10292,0.11852,0.12702,0.06928,0.09241,0.08696,0.09994,0.10992,25.96417,73.45942,53.84926,1.91E+10,1.53E+10,"[0.19755, 0.19092, 0.19056, 0.19307, 0.19697, 0.20153, 0.20635, 0.21119, 0.21594, 0.22055, 0.22498, 0.22923, 0.2333, 0.23719, 0.2409, 0.24445, 0.24784, 0.25107, 0.25415, 0.25709]","[0.05537, 0.07119, 0.0737, 0.05159, -0.05555, -0.10946, -0.09072, -0.08175, -0.03357, 0.04956, 0.08082, 0.0937, 0.13116, 0.23496, 0.30705, 0.2292, 0.30549, 0.32034, 0.23309, 0.1907, 0.24217, 0.30336, 0.28469, 0.17705, 0.23824, 0.27875, 0.35378, 0.27501, 0.17232, 0.18188, 0.20013, 0.24073, 0.32087, 0.36031, 0.42056, 0.41606, 0.22916, 0.30317, 0.37266, 0.38289, 0.41801, 0.40746, 0.40095, 0.40047, 0.4367, 0.55098, 0.54356, 0.62037, 0.59857, 0.55979, 0.56238, 0.53985, 0.63036, 0.66301, 0.56575, 0.60782, 0.5361, 0.40362, 0.30826, 0.41524, 0.41381, 0.49857, 0.57065, 0.55024, 0.63331, 0.6416, 0.69557, 0.66118, 0.6891, 0.63948, 0.58254, 0.61565, 0.72433, 0.75875, 0.81946, 0.86267, 0.78572, 0.7385, 0.8078, 0.87968, 0.84903, 0.82047, 0.77594, 0.77383, 0.73998, 0.75348, 0.81202, 0.80353, 0.81582, 0.95518, 0.99931, 1.02577, 0.96335, 0.97629, 0.93066, 0.95562, 0.95703, 1.02315, 1.1042, 1.10073, 1.02971, 0.99998, 1.00049, 0.98102, 0.97051, 1.00789, 1.00912, 1.05478, 1.07651, 1.12384, 1.11271, 1.13293, 1.17382, 1.22082, 1.38596, 1.33938, 1.26306, 1.13034, 1.08717, 1.14131, 1.13536, 1.09266, 1.19695, 1.31581, 1.40943, 1.43858, 1.35261, 1.34572, 1.36449, 1.39302, 1.41857, 1.39921, 1.41946, 1.45741, 1.48698, 1.47757, 1.40223, 1.32993, 1.26159, 1.15781, 1.15062, 1.26527, 1.37471, 1.41799, 1.53427, 1.56998, 1.52175, 1.50774, 1.4614, 1.43973, 1.44849, 1.53541, 1.64329, 1.56416, 1.59288, 1.54411, 1.4653, 1.49598, 1.6047, 1.63985, 1.62189, 1.65152, 1.69251, 1.74412, 1.61903, 1.60071, 1.68907, 1.69426, 1.76574, 1.75156, 1.70247, 1.66072, 1.63622, 1.69395, 1.76817, 1.72447, 1.68613, 1.78158, 1.85447, 1.85864, 1.90335, 1.85923, 1.8856, 1.8839, 1.84652, 1.8463, 1.89539, 1.93753, 1.97051, 1.9191, 1.8793, 1.89187, 1.98265, 1.97593, 1.86477, 1.84269, 1.96194, 1.9606, 1.99341, 2.03243, 1.97716, 2.08346, 2.17312, 2.1086, 2.09871, 2.00033, 2.0805, 2.13078, 2.13394, 2.07013, 2.00451, 2.05813, 2.18037, 2.22825, 2.14183, 2.16401, 2.10993, 2.12651, 2.16189, 2.18703, 2.16686, 2.18801, 2.17481, 2.14814, 2.13279, 2.12304, 2.14135, 2.15158, 2.17879, 2.18845, 2.20228, 2.21742, 2.22793, 2.22753, 2.22201, 2.22281, 2.23722, 2.26446, 2.2979, 2.31326, 2.32124, 2.32763, 2.33337, 2.34671, 2.37994, 2.41338, 2.42305, 2.43285, 2.43739, 2.43858, 2.43719, 2.43483, 2.43219, 2.42907, 2.42579, 2.44022, 2.4437, 2.44799, 2.45038, 2.43992, 2.43304, 2.43625, 2.4533, 2.4736, 2.48975, 2.51231, 2.52263, 2.53731, 2.5614, 2.59429, 2.60368, 2.60814, 2.61336, 2.61897, 2.61566, 2.6207, 2.6174, 2.60093, 2.5894, 2.59655, 2.62116, 2.62045, 2.62535, 2.63954, 2.64553, 2.64418, 2.64616, 2.65919, 2.67112, 2.69476, 2.71047, 2.72305, 2.73069, 2.7403, 2.73724, 2.73427, 2.73364, 2.7323, 2.74032, 2.7491]"
GP,11007,300,1,10,1,1263.176,0.75542,1.09485,0.83654,0.79699,0,0.54451,0.70955,0.31707,0.49765,0,0.27158,0.35381,0.03544,0.40083,1.3053,1.97519,2.88321,0.03544,0.34384,1.01322,1.48162,2.20113,13.28323,279.90601,526.53004,3.62E+11,2.89E+11,"[0.30227, 0.40577, 0.53555, 0.69531, 0.8915, 1.13543, 1.44395, 1.83775, 2.3353, 2.94109, 3.63052, 4.34213, 4.99248, 5.51479, 5.89121, 6.148, 6.326, 6.45854, 6.56628, 6.6603]","[-0.0729, -0.05817, -0.04358, -0.02863, -0.01375, 0.00125, 0.01624, 0.03115, 0.04614, 0.06109, 0.07605, 0.09103, 0.106, 0.121, 0.13599, 0.15096, 0.16587, 0.18061, 0.19504, 0.20964, 0.2233, 0.2365, 0.24817, 0.25844, 0.26875, 0.28119, 0.29185, 0.29964, 0.30283, 0.30632, 0.31029, 0.31943, 0.32436, 0.32978, 0.33768, 0.34458, 0.35619, 0.36581, 0.37632, 0.3876, 0.40046, 0.41205, 0.42376, 0.43587, 0.44833, 0.46256, 0.47708, 0.49169, 0.506, 0.52097, 0.53594, 0.55089, 0.56582, 0.58047, 0.59536, 0.60998, 0.62452, 0.63912, 0.6539, 0.66887, 0.68291, 0.69497, 0.70839, 0.72095, 0.73134, 0.74183, 0.75113, 0.75886, 0.76531, 0.77237, 0.77927, 0.78393, 0.78953, 0.79406, 0.79783, 0.79998, 0.80131, 0.79978, 0.79961, 0.80204, 0.80588, 0.80948, 0.81367, 0.82067, 0.83155, 0.84184, 0.85176, 0.86159, 0.87216, 0.88372, 0.89496, 0.90298, 0.91002, 0.91556, 0.9209, 0.92703, 0.93629, 0.94446, 0.95214, 0.95928, 0.96681, 0.97443, 0.98218, 0.99221, 1.00434, 1.01805, 1.03171, 1.0438, 1.05443, 1.06258, 1.06725, 1.07068, 1.07772, 1.08684, 1.09876, 1.11332, 1.12801, 1.14298, 1.15796, 1.17288, 1.18767, 1.20234, 1.21733, 1.23233, 1.24728, 1.26224, 1.2772, 1.29195, 1.30653, 1.32148, 1.33642, 1.35141, 1.36621, 1.38071, 1.3956, 1.41058, 1.42539, 1.43916, 1.45264, 1.4672, 1.4822, 1.49672, 1.51154, 1.52649, 1.54116, 1.55577, 1.56856, 1.5817, 1.59481, 1.60703, 1.6164, 1.62555, 1.63468, 1.64085, 1.643, 1.64244, 1.64059, 1.6364, 1.63231, 1.62905, 1.62675, 1.62583, 1.62826, 1.63439, 1.64314, 1.65212, 1.66405, 1.67756, 1.68993, 1.69965, 1.70591, 1.71193, 1.71811, 1.72459, 1.73205, 1.74218, 1.7501, 1.75661, 1.76269, 1.76928, 1.77565, 1.78426, 1.79313, 1.80424, 1.81583, 1.82614, 1.83121, 1.83189, 1.83065, 1.82873, 1.8263, 1.82594, 1.82785, 1.83286, 1.84151, 1.85164, 1.86359, 1.87653, 1.88866, 1.90039, 1.91249, 1.92542, 1.9401, 1.95499, 1.96986, 1.98471, 1.99968, 2.01408, 2.02839, 2.04181, 2.0532, 2.06291, 2.07162, 2.07912, 2.08601, 2.09329, 2.09994, 2.10485, 2.10725, 2.10413, 2.09454, 2.08056, 2.06371, 2.04452, 2.02473, 2.00574, 1.98645, 1.96826, 1.9488, 1.92999, 1.91002, 1.89051, 1.87104, 1.85121, 1.83101, 1.8106, 1.79109, 1.77227, 1.75348, 1.73437, 1.71406, 1.69332, 1.67249, 1.65181, 1.63237, 1.6133, 1.59345, 1.57251, 1.55192, 1.53105, 1.51001, 1.48893, 1.46811, 1.44764, 1.42753, 1.40761, 1.3887, 1.36921, 1.34958, 1.32945, 1.30872, 1.28888, 1.26973, 1.25054, 1.2308, 1.21024, 1.19026, 1.16958, 1.14966, 1.12985, 1.1099, 1.08894, 1.06759, 1.04672, 1.02611, 1.0055, 0.98548, 0.96522, 0.94495, 0.92534, 0.90607, 0.88645, 0.86579, 0.8458, 0.82593, 0.80546, 0.78455, 0.7642, 0.74443, 0.72431, 0.70446, 0.68391, 0.66307, 0.64199, 0.62111, 0.59985, 0.57903, 0.55864, 0.53846, 0.51882]"
ARIMA,11007,300,1,10,1,19.185,,,,,,,,,,,,,0.09318,0.11915,0.1224,0.12998,0.15428,0.09318,0.10023,0.10473,0.11439,0.13606,34.92264,67.20518,53.54152,1.37E+10,1.10E+10,"[0.17364, 0.1658, 0.16453, 0.16432, 0.16429, 0.16428, 0.16428, 0.16428, 0.16428, 0.16428, 0.16428, 0.16428, 0.16428, 0.16428, 0.16428, 0.16428, 0.16428, 0.16428, 0.16428, 0.16428]",
RandomWalk,11007,300,1,10,1,1.241,,,,,,,,,,,,,0.04486,0.10582,0.09924,0.11491,0.12797,0.04486,0.08924,0.08331,0.09654,0.11024,16.81276,83.5759,58.83406,1.85E+10,1.48E+10,"[0.22196, 0.22196, 0.22196, 0.22196, 0.22196, 0.22196, 0.22196, 0.22196, 0.22196, 0.22196, 0.22196, 0.22196, 0.22196, 0.22196, 0.22196, 0.22196, 0.22196, 0.22196, 0.22196, 0.22196]",
LSTM,11007,300,1,10,1,470.1,,,,,,,,,,,,,0.05607,0.13292,0.12139,0.14545,0.13408,0.05607,0.10449,0.09418,0.10611,0.0966,21.013,121.80012,86.6211,2.72E+10,2.18E+10,"[0.32289, 0.28217, 0.31292, 0.33815, 0.31584, 0.33632, 0.32059, 0.32068, 0.33166, 0.32536, 0.33049, 0.32631, 0.32853, 0.32861, 0.32817, 0.32965, 0.32872, 0.32889, 0.32896, 0.32895]",
Alg_c,66214,300,1,10,1,0,0.4648,0.4648,0.86842,0.62821,0.65909,0.71857,0.76773,0.38202,0.16216,0,0.18139,0.28616,,,,,,,,,,,,,,,,,"[0.0, 0.0, 0.49147, 0.0, 0.0, 0.0, 0.18601, 0.1943, 0.0, 0.0, 0.01895, 0.0, 0.0443, 0.69442, 0.0, 0.31636, 0.0, 0.51649, 0.63429, 0.0, 0.49584, 0.00894, 1.20418, 0.0, 0.0, 0.30817, 0.30239, 0.25476, 0.56488, 0.45948, 0.0, 1.03131, 0.82786, 0.29425, 0.11114, 0.4422, 0.49974, 0.96485, 0.0, 0.0, 0.43046, 0.46349, 0.73757, 0.68954, 0.78354, 0.38039, 0.10956, 0.0, 0.0, 0.0, 0.74503, 0.16431, 1.45576, 0.9184, 0.41497, 0.50156, 0.01706, 0.18211, 0.49821, 0.3339, 0.42919, 0.74439, 0.29298, 0.36275, 0.0, 0.3505, 0.84394, 0.7776, 0.58394, 1.24208, 0.43764, 0.48397, 0.66811, 1.32283, 0.38727, 0.01815, 0.67373, 0.03955, 0.45727, 0.70068, 1.02953, 1.14951, 0.613, 1.17387, 0.95753, 0.43473, 0.54469, 0.71536, 1.15164, 0.74789, 0.71329, 0.96473, 1.08613, 1.49089, 1.32392, 0.58944, 0.9601, 0.55097, 0.98929, 0.506, 1.42233, 0.54472, 0.79318, 1.49433, 1.01407, 0.5117, 0.50136, 1.78731, 0.55279, 0.82895, 1.51512, 1.2405, 1.23583, 0.79348, 1.41343, 0.29132, 2.00269, 0.98208, 1.08088, 0.36353, 2.75405, 1.68267, 0.0, 0.57654, 0.86378, 2.42679, 3.22346, 0.0, 2.05332, 0.0, 1.33713, 0.79001, 3.30081, 0.0, 0.0, 2.36766, 1.2293, 1.06356, 1.89617, 1.22916, 1.31552, 1.33203, 1.20883, 2.17826, 1.50477, 1.28368, 1.11844, 2.08749, 2.28986, 1.84699, 1.74229, 1.53443, 1.17597, 1.69057, 1.35624, 1.89481, 1.39225, 1.3224, 2.25213, 1.50508, 1.34684, 1.55549, 1.18254, 2.14063, 1.8652, 1.63759, 1.47325, 1.16445, 1.70147, 1.60788, 2.77437, 1.41878, 1.8312, 1.84638, 1.92512, 1.62405, 1.48146, 2.22328, 2.42721, 1.69139, 1.38654, 1.8995, 1.93123, 1.69471, 1.50944, 1.99758, 1.83134, 2.42387, 2.33287, 1.91919, 1.87868, 1.52042, 1.67508, 1.86874, 2.80792, 1.70379, 1.78042, 2.37159, 2.0192, 2.08455, 2.24336, 2.6529, 2.06961, 1.98811, 1.42467, 2.09784, 2.04742, 1.70135, 2.6449, 2.59546, 2.51563, 2.36626, 1.86514, 1.56707, 1.55239, 2.06436, 2.03887, 1.53704, 1.78005, 2.01957, 2.9437, 2.76286, 2.287, 2.10196, 2.28287, 2.13033, 1.5475, 1.80342, 2.69139, 2.09703, 2.1987, 2.45973, 2.61578, 2.98623, 2.19375, 2.10909, 2.18622, 2.58514, 2.11057, 2.92317, 2.39181, 2.18774, 2.53245, 1.7393, 2.43703, 2.59817, 2.7389, 2.54818, 2.69284, 2.17448, 1.84274, 2.32466, 2.84884, 2.25092, 2.71309, 3.05962, 2.06077, 2.56524, 2.39417, 3.10722, 2.9324, 2.97762, 2.28956, 2.88169, 2.5822, 2.57612, 2.40383, 2.94712, 3.14942, 2.17361, 3.37638, 2.70947, 2.4449, 2.50681, 2.61739, 3.00313, 2.71697, 3.02719, 2.64849, 2.74379, 3.26775, 3.12382, 1.40805, 3.70711, 2.86699, 3.28423, 1.37955, 3.32577, 3.29029, 2.56145, 2.85038, 3.59998, 2.45754, 3.10713, 3.10382, 3.09121, 3.1568, 2.92649, 3.83517]"
Alg_c,11007,300,1,10,1,0,1.09485,1.09485,0.90379,0.625,0.52459,0.68446,0.78841,0.41489,0.42857,0.66667,0.50338,0.47135,,,,,,,,,,,,,,,,,"[0.04231, 0.09848, 0.1053, 0.22945, 0.0, 0.0, 0.0, 0.0, 0.0, 0.15712, 0.1209, 0.04821, 0.0, 0.26505, 0.6301, 0.0, 0.44183, 0.53282, 0.12397, 0.0, 0.22805, 0.4867, 0.42902, 0.0, 0.25747, 0.245, 0.67652, 0.34428, 0.0, 0.08631, 0.1338, 0.1619, 0.38695, 0.36158, 0.57394, 0.70838, 0.0, 0.24798, 0.49651, 0.34398, 0.50661, 0.40654, 0.37872, 0.31822, 0.2726, 0.80605, 0.36846, 0.81371, 0.63599, 0.46477, 0.63556, 0.30161, 0.72804, 0.92959, 0.26801, 0.84174, 0.65439, 0.32714, 0.0, 0.70722, 0.15331, 0.52233, 0.81777, 0.22574, 0.87169, 0.44726, 0.9822, 0.38073, 0.92482, 0.68318, 0.37639, 0.4264, 0.99417, 0.62123, 0.79671, 1.22163, 0.67759, 0.37519, 0.82508, 1.17475, 0.73664, 0.9121, 0.61821, 0.89399, 0.6356, 0.62923, 1.01872, 0.76953, 0.49766, 1.20118, 0.92338, 1.30072, 0.63664, 1.27256, 0.64878, 1.09479, 0.78796, 0.96234, 1.29416, 1.24807, 0.89582, 0.93463, 1.08169, 0.96488, 0.85725, 1.11729, 0.88328, 1.14294, 0.95679, 1.34048, 0.95945, 1.10683, 1.26673, 0.77869, 1.96266, 1.36628, 1.39358, 0.95194, 0.88558, 1.27974, 1.22837, 0.7756, 1.18112, 1.35445, 1.51077, 1.68999, 1.15616, 1.32461, 1.34974, 1.39358, 1.52264, 1.31003, 1.39388, 1.47304, 1.55222, 1.6085, 1.36934, 1.30476, 1.37438, 0.94089, 0.90205, 1.28343, 1.53288, 1.22167, 1.67042, 1.74233, 1.38389, 1.60589, 1.41357, 1.43328, 1.27988, 1.39595, 2.24204, 0.98207, 1.94544, 1.71019, 1.08382, 1.22226, 1.94513, 1.82652, 1.3539, 1.68549, 1.52118, 2.34315, 1.20141, 1.36726, 1.9471, 1.45817, 1.98057, 1.78348, 1.66456, 1.69158, 1.42461, 1.65178, 2.07426, 1.73224, 1.29061, 1.90969, 2.07828, 1.57977, 2.253, 1.5428, 1.98853, 1.97221, 1.77943, 1.72969, 1.96076, 1.847, 2.31142, 1.81297, 1.78266, 1.54471, 2.32648, 2.27064, 1.61779, 1.478, 2.34044, 1.8036, 1.93368, 2.40382, 1.46851, 2.13254, 2.52997, 1.88508, 2.36452, 1.58722, 2.20856, 2.19385, 2.26236, 2.12047, 1.74297, 1.89909, 2.32067, 2.66657, 1.63609, 2.54161, 1.84548, 2.12283, 2.15475, 2.44982, 1.73543, 2.61421, 3.61853, 0.0, 2.26755, 0.0, 2.5485, 0.0, 2.90267, 0.0, 2.15789, 2.34658, 3.54137, 4.92116, 0.0, 1.36477, 1.84394, 1.98122, 3.026, 5.04442, 2.34504, 6.07317, 0.0, 1.26208, 2.18859, 4.81869, NaN, 3.71855, 3.86616, 4.69708, 2.22688, 2.27964, 2.63807, 3.1882, 0.0, 2.81933, 2.07291, 2.24043, 5.34026, NaN, 1.4862, 1.71591, 2.24611, 3.96774, 0.0, 3.75675, 0.0, 1.58886, 1.70823, 3.70457, 14.0725, NaN, 2.39462, 4.0559, 0.0, 2.86959, 4.16958, 0.0, 1.47741, 1.90563, 4.16227, NaN, 2.09302, 2.96574, 5.73309, 0.0, 1.30328, 2.86398, 0.0, 2.98588, 3.1438, 5.84094, 0.0, 5.14332, NaN, 0.16691, 3.3458, 0.0, 2.47298]"
UDE-NN,88243,300,1,10,1,201.517,0.14798,1.24464,0.99155,0.91667,0.84507,0.91776,0.95116,0.9403,0.47059,0.51724,0.64271,0.71365,0.32734,0.26276,0.19846,0.21231,0.21881,0.32734,0.22734,0.14988,0.16739,0.17509,48.43999,42.60139,26.72557,27.32689,28.38788,"[1.00309, 0.90652, 0.81564, 0.7437, 0.69309, 0.65833, 0.63303, 0.61297, 0.59592, 0.58077, 0.56701, 0.55434, 0.54258, 0.53162, 0.52135, 0.5117, 0.50261, 0.49402, 0.48588, 0.47816]","[0.02556, 0.15564, 0.08825, 0.12118, 0.09523, 0.15054, 0.20756, 0.1512, 0.11686, 0.17499, 0.24302, 0.13503, -0.00259, -0.05754, 0.01953, 0.09988, 0.24449, 0.20891, 0.23743, 0.31984, 0.1917, 0.1607, 0.16364, 0.12134, 0.17354, 0.28556, 0.34795, 0.44274, 0.45295, 0.41166, 0.37134, 0.38096, 0.2899, 0.43055, 0.43247, 0.46738, 0.50725, 0.38282, 0.3249, 0.3833, 0.31018, 0.28764, 0.24872, 0.23759, 0.11706, 0.02055, 0.04802, 0.10426, 0.25014, 0.35983, 0.30262, 0.33157, 0.31806, 0.38984, 0.62357, 0.78582, 0.61589, 0.53954, 0.58704, 0.65966, 0.71119, 0.75495, 0.76518, 0.78659, 0.68487, 0.59859, 0.52742, 0.49228, 0.46729, 0.50115, 0.60265, 0.71635, 0.7618, 0.76043, 0.80242, 0.71852, 0.74502, 0.63469, 0.54636, 0.6599, 0.70717, 0.86333, 0.83921, 0.78479, 0.80738, 0.96505, 0.96915, 0.88099, 0.97495, 0.98111, 1.00199, 1.01626, 0.98871, 0.94811, 0.97541, 0.95013, 1.03515, 1.05921, 1.03249, 0.96152, 0.97199, 0.97677, 1.05086, 1.13697, 1.1078, 1.08038, 1.059, 1.10606, 1.13359, 1.15862, 1.13429, 1.17448, 1.15917, 1.13016, 1.18114, 1.15747, 1.12133, 1.20004, 1.1239, 1.18079, 1.20867, 1.23539, 1.29465, 1.27268, 1.09152, 1.06925, 1.13742, 1.12753, 1.22015, 1.2269, 1.34313, 1.41948, 1.32421, 1.39557, 1.42965, 1.48113, 1.42962, 1.41628, 1.48149, 1.44674, 1.40014, 1.31355, 1.27907, 1.34219, 1.23098, 1.29547, 1.31665, 1.35683, 1.50288, 1.58484, 1.65393, 1.65084, 1.66286, 1.62107, 1.61019, 1.55096, 1.54259, 1.66472, 1.70988, 1.73642, 1.69265, 1.67063, 1.69155, 1.69056, 1.69235, 1.63941, 1.68947, 1.63207, 1.65713, 1.68576, 1.60249, 1.50501, 1.49651, 1.53133, 1.64259, 1.65493, 1.57439, 1.51008, 1.51226, 1.62368, 1.72975, 1.80688, 1.84636, 1.79767, 1.78782, 1.82519, 1.88087, 1.93655, 1.90716, 1.86519, 1.83339, 1.91963, 2.09235, 2.1167, 2.09763, 2.08472, 2.11335, 2.12876, 2.13102, 2.13671, 2.12737, 2.11822, 2.10669, 2.09528, 2.07931, 2.06586, 2.05486, 2.04596, 2.03551, 2.02564, 2.02225, 2.03028, 2.03189, 2.03533, 2.03683, 2.03784, 2.03931, 2.05047, 2.06493, 2.06538, 2.0681, 2.06632, 2.06491, 2.079, 2.08428, 2.12747, 2.16181, 2.17042, 2.16202, 2.15321, 2.1363, 2.13485, 2.11111, 2.07373, 2.02623, 1.9731, 1.9121, 1.85543, 1.82116, 1.85286, 1.91826, 1.99982, 2.05338, 2.10589, 2.15416, 2.20374, 2.25359, 2.29455, 2.32777, 2.34824, 2.38323, 2.37513, 2.3609, 2.34297, 2.3326, 2.35232, 2.36222, 2.36554, 2.37784, 2.37123, 2.37531, 2.38282, 2.39601, 2.4154, 2.45684, 2.48745, 2.5196, 2.53991, 2.55835, 2.58089, 2.60176, 2.62292, 2.64424, 2.67583, 2.67578, 2.67692, 2.6876, 2.71628, 2.74084, 2.75459, 2.77143, 2.75975, 2.74138, 2.75562, 2.70695, 2.71301, 2.76929, 2.79021, 2.86344, 2.93893, 3.0065, 3.0048, 3.03761, 3.05332, 3.02619, 3.03555, 3.01247, 2.97479, 2.92357, 2.93314]"
GP,88243,300,1,10,1,1277.465,0.25261,1.24464,0.95699,0.69189,0,0.54963,0.75483,0.8968,0.24837,0,0.38172,0.48045,0.63312,1.6322,6.07219,7.00581,7.79454,0.63312,1.43726,4.71287,5.67644,6.61361,93.69124,253.86887,821.53532,902.29954,1132.12415,"[1.30888, 1.56917, 1.9202, 2.44734, 3.29645, 4.67806, 6.74478, 9.19639, 10.99225, 11.47745, 11.38396, 11.23588, 11.08878, 10.94498, 10.80449, 10.66721, 10.53303, 10.40184, 10.27353, 10.14799]","[0.03441, 0.04334, 0.05229, 0.06108, 0.07024, 0.07955, 0.08902, 0.09867, 0.1083, 0.11752, 0.12683, 0.13642, 0.14615, 0.15598, 0.16594, 0.17609, 0.18599, 0.19605, 0.20582, 0.21577, 0.22596, 0.2361, 0.24637, 0.25717, 0.26775, 0.27816, 0.28911, 0.29946, 0.31007, 0.31925, 0.32876, 0.33771, 0.34692, 0.35637, 0.36598, 0.3754, 0.38476, 0.39397, 0.40343, 0.41325, 0.42291, 0.4332, 0.44392, 0.45448, 0.466, 0.4771, 0.48918, 0.49993, 0.51105, 0.52234, 0.53303, 0.54437, 0.55534, 0.56604, 0.5767, 0.58707, 0.59704, 0.6067, 0.61642, 0.62635, 0.6361, 0.64574, 0.65549, 0.66511, 0.67456, 0.68446, 0.69443, 0.70426, 0.71377, 0.72295, 0.7324, 0.74156, 0.75067, 0.75971, 0.76871, 0.77773, 0.78667, 0.79573, 0.80485, 0.81395, 0.82331, 0.83251, 0.84175, 0.85068, 0.85961, 0.86879, 0.87745, 0.88608, 0.89464, 0.90333, 0.912, 0.92073, 0.92957, 0.93842, 0.94713, 0.95539, 0.96354, 0.97147, 0.97933, 0.98728, 0.99528, 1.00339, 1.01132, 1.01923, 1.02714, 1.03466, 1.04192, 1.04927, 1.05679, 1.06443, 1.07223, 1.07999, 1.08786, 1.09592, 1.1043, 1.11318, 1.12207, 1.13106, 1.14004, 1.14877, 1.15775, 1.16678, 1.17582, 1.1847, 1.19354, 1.20226, 1.21087, 1.21895, 1.22669, 1.23445, 1.24245, 1.25076, 1.25901, 1.26739, 1.27595, 1.28454, 1.29311, 1.30156, 1.31008, 1.31848, 1.32697, 1.33589, 1.34488, 1.35406, 1.36362, 1.37297, 1.38274, 1.39229, 1.40231, 1.41179, 1.42136, 1.43056, 1.43985, 1.44908, 1.45817, 1.46677, 1.47504, 1.48334, 1.49162, 1.49992, 1.50797, 1.51624, 1.52462, 1.53309, 1.54161, 1.55012, 1.5587, 1.56731, 1.57597, 1.5846, 1.59322, 1.60202, 1.61071, 1.61955, 1.62799, 1.63647, 1.64528, 1.65427, 1.66357, 1.67281, 1.68172, 1.69006, 1.69816, 1.70652, 1.71496, 1.72343, 1.73207, 1.74022, 1.74838, 1.7562, 1.76355, 1.77076, 1.77787, 1.78472, 1.79108, 1.79701, 1.80262, 1.80817, 1.81364, 1.81908, 1.82454, 1.82995, 1.83536, 1.84077, 1.84619, 1.8516, 1.85705, 1.86251, 1.86795, 1.87338, 1.87881, 1.88429, 1.88977, 1.89522, 1.90068, 1.90612, 1.91156, 1.91701, 1.9225, 1.92796, 1.93338, 1.93883, 1.94427, 1.94973, 1.95527, 1.96078, 1.96636, 1.9719, 1.97738, 1.98282, 1.98828, 1.99372, 1.99926, 2.00475, 2.0102, 2.01563, 2.02107, 2.02649, 2.03199, 2.03754, 2.04316, 2.04872, 2.05421, 2.05961, 2.06503, 2.07043, 2.07588, 2.08136, 2.08683, 2.0923, 2.09776, 2.10329, 2.10875, 2.1142, 2.11966, 2.12517, 2.13073, 2.13621, 2.14167, 2.14717, 2.15262, 2.15814, 2.16362, 2.16911, 2.17458, 2.18011, 2.18557, 2.19104, 2.19646, 2.20187, 2.20734, 2.2128, 2.21827, 2.22373, 2.22924, 2.23467, 2.24013, 2.24565, 2.25121, 2.25677, 2.26233, 2.26789, 2.27343, 2.27899, 2.28462, 2.29023, 2.2959, 2.30159, 2.30727, 2.31295, 2.31862, 2.32428, 2.3299, 2.33554, 2.34114, 2.34669, 2.35232, 2.35794, 2.36355, 2.36918]"
ARIMA,88243,300,1,10,1,21.316,,,,,,,,,,,,,0.26869,0.45111,0.4712,0.44777,0.47509,0.26869,0.40088,0.43774,0.41283,0.43429,39.76153,76.6143,79.07105,72.11824,81.07455,"[0.94445, 1.10391, 1.10391, 1.10391, 1.10391, 1.10391, 1.10391, 1.10391, 1.10391, 1.10391, 1.10391, 1.10391, 1.10391, 1.10391, 1.10391, 1.10391, 1.10391, 1.10391, 1.10391, 1.10391]",
RandomWalk,88243,300,1,10,1,1.202,,,,,,,,,,,,,0.41256,0.46094,0.46823,0.44353,0.4685,0.41256,0.41718,0.43809,0.41052,0.42932,61.05233,78.77246,78.86799,71.62565,80.06769,"[1.08832, 1.08832, 1.08832, 1.08832, 1.08832, 1.08832, 1.08832, 1.08832, 1.08832, 1.08832, 1.08832, 1.08832, 1.08832, 1.08832, 1.08832, 1.08832, 1.08832, 1.08832, 1.08832, 1.08832]",
LSTM,88243,300,1,10,1,494.152,,,,,,,,,,,,,0.1004,0.27832,0.26774,0.30547,0.30769,0.1004,0.22234,0.22668,0.2619,0.25149,14.85806,29.39196,32.12506,35.60848,33.7904,"[0.57535, 0.47786, 0.4747, 0.44118, 0.43676, 0.41629, 0.40903, 0.39612, 0.39031, 0.37977, 0.3783, 0.37693, 0.37503, 0.37393, 0.37291, 0.37227, 0.37175, 0.37146, 0.37123, 0.37111]",
Alg_c,88243,300,1,10,1,0,1.24464,1.24464,0.90962,0.39175,0.5,0.60046,0.73414,0.86567,0.44156,0.72566,0.67763,0.74754,,,,,,,,,,,,,,,,,"[0.0, 0.57044, 0.0, 0.23406, 0.0, 0.1593, 0.43458, 0.13027, 0.0, 0.17323, 0.60656, 0.20442, 0.0, 0.0, 0.0, 0.02996, 0.59754, 0.09381, 0.17856, 0.72081, 0.03724, 0.08885, 0.20244, 0.0, 0.04965, 0.35682, 0.35518, 0.62888, 0.55108, 0.42835, 0.266, 0.56524, 0.0, 0.66319, 0.37788, 0.44448, 0.84097, 0.21712, 0.06527, 0.63206, 0.24776, 0.2913, 0.2817, 0.49309, 0.0, 0.0, 0.0, 0.0, 0.33215, 0.66422, 0.23077, 0.33726, 0.05772, 0.0, 0.7978, 1.48647, 0.44272, 0.26553, 0.50166, 0.69894, 0.73589, 0.82384, 0.7415, 1.03452, 0.67105, 0.55201, 0.44482, 0.46546, 0.33442, 0.34865, 0.57545, 0.85383, 0.85714, 0.6632, 1.07217, 0.46928, 1.02946, 0.59722, 0.14343, 0.76662, 0.50161, 1.2183, 0.89265, 0.60161, 0.48953, 1.28915, 1.17456, 0.45829, 1.18762, 0.93028, 1.01278, 1.10033, 1.01332, 0.79436, 1.13431, 0.67582, 1.18792, 1.126, 1.14539, 0.75597, 1.03625, 0.82422, 1.01701, 1.39182, 1.05296, 1.11622, 0.86931, 1.1982, 1.10316, 1.30704, 0.92169, 1.33494, 1.19789, 0.93168, 1.34428, 1.18044, 0.8776, 1.55322, 0.79827, 1.25296, 1.20934, 1.15725, 1.44405, 1.61131, 0.74061, 0.86604, 1.37792, 0.79415, 1.55178, 0.90646, 1.38823, 1.84898, 0.87909, 1.52112, 1.35734, 1.71545, 1.33073, 1.22291, 1.72305, 1.42105, 1.48944, 1.2129, 1.10423, 1.70249, 0.86079, 1.34882, 1.24022, 1.1241, 1.63324, 1.61105, 1.80141, 1.61303, 1.77233, 1.54972, 1.73647, 1.46477, 1.24509, 1.87864, 1.68529, 1.90427, 1.62797, 1.57685, 1.75507, 1.65855, 1.84248, 1.36984, 1.96924, 1.43012, 1.63152, 1.92641, 1.63477, 1.31479, 1.43623, 1.33936, 1.86789, 1.82771, 1.5185, 1.36952, 1.28666, 1.62408, 1.76862, 1.84229, 2.04182, 1.69687, 1.70172, 1.79364, 1.85898, 2.11651, 1.90872, 1.92122, 1.5829, 1.66133, 2.52219, 2.12515, 2.04622, 0.85668, 2.41935, 4.7854, 0.0, 4.22941, NaN, 4.98111, 0.0, 5.6688, NaN, 1.82985, 1.53549, 2.80847, 2.26474, 0.0, 0.72138, 2.67928, 0.0, 2.57551, 2.20405, 2.84038, 0.0, 1.69622, 4.37649, NaN, 3.34438, 2.88909, 0.0, 2.81484, 0.0, 2.39647, 2.94205, 4.73257, 0.0, 5.44027, 0.0, 2.67072, 3.19126, 3.99683, 2.41882, 7.14878, NaN, 0.89175, 0.2497, 1.71812, 1.48752, 3.53613, 0.0, 7.1393, NaN, 2.08778, 2.95156, 2.86507, 5.41996, 0.0, 3.47938, 2.06213, 4.12626, 0.0, 0.38451, 2.58143, 3.97636, 0.0, 3.72894, 0.0, 2.31878, 1.73673, 2.02682, 0.0, 2.82721, 0.65489, 4.01412, 15.17415, NaN, 2.79896, 2.44162, 3.1767, 0.0, 4.10995, NaN, 0.0, 1.90271, 2.89168, 3.08732, 2.32888, 3.56826, 3.20959, 0.78764, 3.93553, 0.00798, 2.3105, 3.44725, 1.9637, 2.98462, 2.81776, 3.83677, 1.58381, 3.25986, 4.23344, 0.0, 3.63456, 3.12176, 3.49412, 0.96576]"
UDE-NN,69377,300,1,10,1,185.715,0.14346,1.0301,0.96552,0.86452,0.88608,0.90537,0.92656,0.67774,0.2905,0.1,0.35608,0.5184,0.04684,0.27466,0.24982,0.30349,0.27618,0.04684,0.23127,0.20942,0.24913,0.21908,9.601,8.18E+10,4.09E+10,3.41E+10,2.73E+10,"[0.44103, 0.42663, 0.41993, 0.41431, 0.409, 0.40392, 0.39904, 0.39434, 0.38981, 0.38545, 0.38124, 0.37718, 0.37326, 0.36948, 0.36582, 0.36227, 0.35885, 0.35553, 0.35231, 0.34919]","[-0.22183, -0.359, -0.48204, -0.39442, -0.25167, -0.21549, 0.00094, 0.00652, -0.01462, -0.06142, 0.01581, 0.08709, 0.14436, 0.09356, 0.25444, 0.19669, 0.25441, 0.24195, 0.29552, 0.214, 0.02632, 0.04773, 0.08938, -0.03797, 0.01835, 0.19924, 0.21026, 0.2445, 0.26726, 0.22685, 0.33625, 0.23, 0.14797, 0.20115, 0.26362, 0.20696, 0.23646, 0.17494, 0.12337, 0.28056, 0.47083, 0.53548, 0.42286, 0.41707, 0.50112, 0.54268, 0.43777, 0.3734, 0.50873, 0.37813, 0.29119, 0.19787, 0.29522, 0.34606, 0.33065, 0.37486, 0.3754, 0.30341, 0.44052, 0.6551, 0.83668, 0.7736, 0.78808, 0.75258, 0.80515, 0.82484, 0.65443, 0.64811, 0.64941, 0.75336, 0.7836, 0.66758, 0.61002, 0.61109, 0.65013, 0.78633, 0.74108, 0.8567, 1.05773, 0.9392, 0.74769, 0.80725, 0.6145, 0.78273, 0.96958, 0.96534, 0.99064, 0.98018, 0.88731, 1.09269, 1.0639, 1.00736, 0.91344, 0.95999, 0.99736, 1.03156, 0.98233, 0.99981, 1.04106, 0.99248, 0.90223, 0.94657, 0.97688, 1.02587, 0.87804, 0.91724, 1.03121, 1.01134, 0.96312, 0.97811, 1.14095, 1.1649, 1.21261, 1.10775, 1.16993, 1.33032, 1.25383, 1.24855, 1.20962, 1.22696, 1.3141, 1.3582, 1.14848, 1.0109, 0.94207, 0.98965, 1.10078, 1.23448, 1.12419, 1.18245, 1.53741, 1.58754, 1.49773, 1.47686, 1.47771, 1.35746, 1.31191, 1.32412, 1.37957, 1.42146, 1.39213, 1.30848, 1.28199, 1.33376, 1.3933, 1.37885, 1.44119, 1.4018, 1.4054, 1.34523, 1.27565, 1.19697, 1.3671, 1.45799, 1.6545, 1.60723, 1.44452, 1.32716, 1.33246, 1.34434, 1.39722, 1.62706, 1.58325, 1.66089, 1.72566, 1.66502, 1.70927, 1.6793, 1.63167, 1.63548, 1.78017, 1.79846, 1.75366, 1.76873, 1.785, 1.8035, 1.79394, 1.61958, 1.71656, 1.80049, 1.86253, 1.69499, 1.646, 1.64075, 1.76946, 1.80736, 1.65496, 1.67376, 1.68197, 1.61574, 1.79229, 1.83124, 1.96395, 2.11906, 2.05075, 1.97649, 2.09053, 2.06567, 1.98462, 1.84789, 1.96982, 2.13557, 2.14039, 1.99026, 1.77759, 1.8937, 2.07189, 2.12344, 2.30261, 2.28443, 2.22593, 2.01264, 1.99031, 2.05539, 2.0896, 1.95572, 2.16035, 2.44639, 2.52611, 2.47889, 2.42099, 2.41617, 2.42772, 2.28813, 2.23467, 2.26296, 2.32456, 2.3154, 2.28082, 2.37492, 2.29824, 2.30599, 2.22208, 2.29729, 2.23864, 2.28477, 2.29262, 2.4314, 2.52797, 2.48753, 2.46852, 2.49061, 2.51454, 2.4002, 2.30485, 2.2517, 2.50194, 2.73494, 2.62863, 2.53856, 2.66441, 2.49685, 2.46382, 2.52694, 2.45176, 2.4134, 2.36414, 2.37244, 2.48341, 2.44302, 2.51159, 2.64201, 2.81303, 2.74473, 2.60858, 2.48903, 2.47182, 2.47422, 2.58596, 2.69044, 2.66021, 2.69363, 2.73838, 2.66241, 2.79338, 2.82833, 2.77551, 2.61718, 2.65281, 2.73583, 2.79675, 2.83355, 2.86941, 2.908, 2.94555, 2.97954, 3.02136, 3.04004, 3.05764, 3.07982, 3.12001, 3.13439, 3.16137, 3.18969, 3.19118, 3.24902, 3.26288, 3.26936, 3.26136, 3.27336]"
GP,69377,300,1,10,1,1310.972,0.31519,1.0301,0.94565,0.84337,0.53571,0.77491,0.86094,0.64537,0.34737,0,0.33091,0.5212,0.75055,4.26677,7.86153,8.23286,8.65323,0.75055,3.4178,6.83595,7.34346,7.90712,153.84328,1.55E+12,7.74E+11,6.45E+11,5.16E+11,"[1.23842, 1.95569, 3.1535, 5.10093, 7.74034, 10.105, 10.99819, 10.98312, 10.90098, 10.82237, 10.74551, 10.67038, 10.59693, 10.52512, 10.45489, 10.3862, 10.31901, 10.25326, 10.18892, 10.12595]","[-0.06832, -0.05307, -0.03827, -0.02292, -0.00749, 0.00671, 0.02139, 0.03686, 0.05236, 0.06746, 0.08296, 0.09575, 0.10569, 0.11414, 0.12175, 0.12816, 0.12741, 0.12796, 0.12421, 0.12239, 0.12191, 0.1211, 0.12564, 0.12943, 0.12923, 0.13434, 0.14151, 0.14654, 0.15081, 0.15662, 0.16638, 0.17826, 0.18775, 0.19424, 0.20217, 0.21313, 0.22537, 0.23778, 0.25259, 0.26672, 0.28163, 0.297, 0.31208, 0.32356, 0.33363, 0.34341, 0.3568, 0.37093, 0.3863, 0.40023, 0.41534, 0.43025, 0.44476, 0.45905, 0.47439, 0.48954, 0.50503, 0.52019, 0.53324, 0.54814, 0.56364, 0.57888, 0.59157, 0.60572, 0.61809, 0.6302, 0.64408, 0.6572, 0.67116, 0.68544, 0.69813, 0.70969, 0.72093, 0.73329, 0.74682, 0.76175, 0.77345, 0.77868, 0.78869, 0.79514, 0.79759, 0.80277, 0.80906, 0.81409, 0.81976, 0.82127, 0.82518, 0.83197, 0.83995, 0.84752, 0.8579, 0.86191, 0.86804, 0.87975, 0.89325, 0.90678, 0.92095, 0.93515, 0.95052, 0.96585, 0.9812, 0.99669, 1.01219, 1.02766, 1.0431, 1.05852, 1.07403, 1.08953, 1.10494, 1.1203, 1.13572, 1.1505, 1.16587, 1.18125, 1.19673, 1.21208, 1.2272, 1.24213, 1.25605, 1.27079, 1.28409, 1.29646, 1.30654, 1.31253, 1.32137, 1.3339, 1.34619, 1.35866, 1.36139, 1.363, 1.36733, 1.35141, 1.35693, 1.35264, 1.35063, 1.36036, 1.36777, 1.37113, 1.37688, 1.39087, 1.40097, 1.41198, 1.42697, 1.44162, 1.45423, 1.46719, 1.47873, 1.48432, 1.49509, 1.50761, 1.52226, 1.5368, 1.55175, 1.56564, 1.57361, 1.58389, 1.59674, 1.60839, 1.62067, 1.63482, 1.64891, 1.66369, 1.67886, 1.69147, 1.70409, 1.70567, 1.70571, 1.7082, 1.71083, 1.71687, 1.71894, 1.7189, 1.71819, 1.71582, 1.71511, 1.71489, 1.71254, 1.71064, 1.70597, 1.7045, 1.70438, 1.70568, 1.70902, 1.72036, 1.73325, 1.74815, 1.76363, 1.77906, 1.7943, 1.80757, 1.81972, 1.83277, 1.84603, 1.85885, 1.8712, 1.88294, 1.89746, 1.91281, 1.92657, 1.94052, 1.95479, 1.96942, 1.98297, 1.99472, 2.00806, 2.02336, 2.03886, 2.05373, 2.06843, 2.08373, 2.09895, 2.11243, 2.12631, 2.14179, 2.15718, 2.17151, 2.18496, 2.19985, 2.21483, 2.22882, 2.24217, 2.25552, 2.2656, 2.27462, 2.28695, 2.29792, 2.30644, 2.31374, 2.31831, 2.32038, 2.32078, 2.32126, 2.32446, 2.32418, 2.32645, 2.33211, 2.34146, 2.35154, 2.36105, 2.3707, 2.37488, 2.37396, 2.37183, 2.36756, 2.36289, 2.36102, 2.36361, 2.37269, 2.38268, 2.39248, 2.40141, 2.41305, 2.42641, 2.44191, 2.45741, 2.47253, 2.48736, 2.50268, 2.51668, 2.53094, 2.54479, 2.55971, 2.57496, 2.58823, 2.60044, 2.61519, 2.63067, 2.64516, 2.66027, 2.67436, 2.68526, 2.69294, 2.70142, 2.7084, 2.70576, 2.69624, 2.67419, 2.64289, 2.60055, 2.54862, 2.4869, 2.41577, 2.34183, 2.2678, 2.19577, 2.12366, 2.05097, 1.97922, 1.90556, 1.83218, 1.76079, 1.69018, 1.61799, 1.5477, 1.47744, 1.40648, 1.33988, 1.27065, 1.20051, 1.13127]"
ARIMA,69377,300,1,10,1,18.733,,,,,,,,,,,,,0.22061,0.40607,0.34975,0.33296,0.34054,0.22061,0.33915,0.28961,0.27508,0.29026,45.21983,1.43E+11,7.15E+10,5.96E+10,4.77E+10,"[0.70848, 0.71562, 0.71479, 0.71489, 0.71488, 0.71488, 0.71488, 0.71488, 0.71488, 0.71488, 0.71488, 0.71488, 0.71488, 0.71488, 0.71488, 0.71488, 0.71488, 0.71488, 0.71488, 0.71488]",
RandomWalk,69377,300,1,10,1,1.186,,,,,,,,,,,,,0.28219,0.44845,0.39164,0.36768,0.37919,0.28219,0.3737,0.32344,0.30327,0.32385,57.84125,1.54E+11,7.70E+10,6.42E+10,5.13E+10,"[0.77006, 0.77006, 0.77006, 0.77006, 0.77006, 0.77006, 0.77006, 0.77006, 0.77006, 0.77006, 0.77006, 0.77006, 0.77006, 0.77006, 0.77006, 0.77006, 0.77006, 0.77006, 0.77006, 0.77006]",
LSTM,69377,300,1,10,1,517.635,,,,,,,,,,,,,3.71356,5.48122,6.52225,6.80569,7.34036,3.71356,5.36859,6.38513,6.66563,7.16624,761.18171,1.38E+12,6.91E+11,5.76E+11,4.61E+11,"[4.20143, 5.43429, 5.92561, 6.47382, 6.90771, 7.27674, 7.61864, 7.93149, 8.22233, 8.49826, 8.76399, 9.02604, 9.29032, 9.54185, 9.76567, 9.9342, 10.01614, 9.99517, 9.88327, 9.71866]",
Alg_c,69377,300,1,10,1,0,1.0301,1.0301,0.89441,0.64052,0.62687,0.7206,0.78688,0.69625,0.40936,0,0.36853,0.58333,,,,,,,,,,,,,,,,,"[0.08267, 0.0, 0.0, 0.0, 0.0, 0.0, 0.42044, 0.08604, 0.0, 0.0, 0.02464, 0.09163, 0.40967, 0.0, 0.78691, 0.0, 0.47494, 0.0, 0.59589, 0.50192, 0.0, 0.01635, 0.54176, 0.0, 0.0, 0.58916, 0.10361, 0.25158, 0.44483, 0.0, 0.79989, 0.18226, 0.0, 0.19627, 0.52926, 0.0, 0.45072, 0.17245, 0.0, 0.20552, 0.72443, 0.86065, 0.21271, 0.20376, 0.59014, 0.84607, 0.38479, 0.03225, 1.0072, 0.31317, 0.25875, 0.0, 0.32546, 0.48715, 0.2044, 0.46322, 0.44833, 0.0, 0.22424, 0.72816, 1.3577, 0.53614, 0.91165, 0.54937, 0.87376, 1.24491, 0.27056, 0.65448, 0.42902, 0.88559, 1.08997, 0.51499, 0.50761, 0.53442, 0.43488, 1.24365, 0.28798, 0.59803, 1.73766, 1.02825, 0.06426, 1.56394, 0.0, 0.72008, 1.44634, 0.78101, 1.05331, 1.26704, 0.14728, 1.60482, 0.98282, 1.12387, 0.59844, 1.00111, 0.98867, 1.2194, 0.82481, 0.96345, 1.22663, 1.08757, 0.62807, 0.96832, 0.95225, 1.43361, 0.48174, 0.75224, 1.30585, 1.06682, 0.8356, 0.69817, 1.39901, 1.11539, 1.53943, 0.74925, 0.96859, 1.80602, 1.11511, 1.30246, 1.08555, 1.0813, 1.43875, 1.85544, 1.06641, 0.79822, 0.66442, 0.82209, 1.16191, 1.67312, 0.79467, 0.82225, 2.18279, 1.89167, 1.40145, 1.40163, 1.70188, 1.20617, 1.11972, 1.18964, 1.42668, 1.59558, 1.5324, 1.1925, 1.11944, 1.31018, 1.53345, 1.28028, 1.61966, 1.35848, 1.52814, 1.37217, 1.30234, 0.68914, 1.57002, 1.06882, 2.22278, 1.80108, 1.34844, 1.07838, 1.34545, 1.28506, 1.03736, 2.21409, 1.24303, 1.61784, 2.08831, 1.27029, 1.93541, 1.69434, 1.58093, 1.25429, 2.13539, 1.91764, 1.55278, 1.80641, 1.76057, 1.76987, 2.39241, 0.74846, 1.91407, 1.68615, 2.52628, 1.20039, 1.64476, 1.34296, 1.97027, 2.21691, 1.2622, 1.71592, 1.77512, 1.15021, 2.01872, 1.65296, 1.93024, 2.57306, 2.07703, 1.58065, 2.36403, 2.12559, 2.14644, 1.29771, 1.87285, 2.4125, 2.38794, 2.11464, 1.08453, 1.72055, 2.37877, 1.78219, 2.71488, 2.29661, 2.4987, 1.65655, 1.82166, 2.08551, 2.54625, 1.17735, 2.00921, 2.84787, 2.7279, 2.46752, 2.31351, 2.30697, 2.83607, 2.07591, 2.10167, 2.19051, 2.48732, 2.41484, 1.82393, 2.97178, 1.88497, 2.69257, 1.62675, 2.83308, 1.86524, 2.47696, 1.96339, 2.53741, 2.82503, 2.39187, 2.3783, 2.39678, 2.92172, 2.25324, 2.44291, 1.45766, 2.51068, 3.51989, 2.54011, 1.86838, 3.52526, 2.01829, 2.25345, 2.83451, 2.36656, 2.43582, 2.27537, 2.13007, 2.86858, 2.16296, 2.41211, 2.47837, 3.30862, 2.77253, 2.56443, 2.27913, 2.40748, 2.24494, 2.56867, 3.02007, 2.43248, 2.65029, 3.14626, 1.98343, 3.10355, 2.88481, 3.32305, 1.68657, 2.68877, 2.88847, 5.55239, NaN, NaN, 3.0874, 4.47487, 0.0, 4.37872, 17.44935, 0.0, 1.68279, 4.29429, 0.0, 3.15506, 5.28055, NaN, 4.18857, 3.48476, 4.83766, 0.0]"
UDE-NN,89255,300,1,10,1,197.536,0.07871,0.71425,0.98864,0.88623,0.8,0.89162,0.93501,0.93487,0.61333,0.62385,0.72402,0.76724,0.0304,0.13529,0.21596,0.24232,0.23773,0.0304,0.11057,0.15682,0.18645,0.19267,7.6068,36.65241,40.36954,3.49E+10,2.80E+10,"[0.36927, 0.44578, 0.46298, 0.46046, 0.45438, 0.44797, 0.44175, 0.43579, 0.43009, 0.42461, 0.41936, 0.41432, 0.40948, 0.40481, 0.40033, 0.396, 0.39183, 0.38781, 0.38393, 0.38018]","[0.08539, 0.12252, 0.08969, 0.02235, 0.00108, -0.00802, -0.04164, 0.07685, 0.16261, 0.08282, 0.05351, 0.09198, 0.18065, 0.07725, 0.14365, 0.02044, 0.1433, 0.20772, 0.25926, 0.26791, 0.21266, 0.19036, 0.17859, 0.25795, 0.26679, 0.25702, 0.30107, 0.35299, 0.389, 0.34701, 0.29801, 0.30295, 0.29541, 0.35887, 0.4177, 0.30597, 0.31197, 0.36764, 0.41194, 0.39796, 0.46242, 0.43464, 0.37234, 0.30924, 0.33251, 0.38471, 0.34985, 0.35538, 0.52895, 0.55567, 0.53925, 0.50148, 0.57747, 0.58695, 0.62653, 0.54916, 0.50778, 0.62747, 0.60114, 0.59523, 0.5262, 0.49512, 0.51684, 0.60703, 0.5746, 0.54167, 0.6196, 0.63901, 0.54246, 0.57668, 0.55771, 0.52448, 0.55482, 0.6343, 0.69367, 0.66889, 0.69985, 0.80705, 0.86622, 0.85353, 0.78571, 0.7141, 0.6921, 0.78837, 0.79189, 0.91944, 0.8559, 0.98669, 0.90719, 0.94887, 0.92598, 0.99077, 1.00314, 0.90193, 0.86179, 0.91769, 0.95642, 0.90246, 0.99276, 1.01016, 0.93928, 0.93333, 0.92037, 0.91875, 0.85992, 0.84223, 0.90107, 0.93738, 0.97299, 0.96254, 1.02095, 1.07253, 1.11507, 1.13473, 1.16802, 1.20771, 1.15066, 0.98105, 0.97654, 0.92704, 1.00731, 1.0455, 1.14554, 1.2537, 1.37702, 1.29564, 1.16396, 1.10168, 1.20748, 1.22802, 1.29766, 1.37465, 1.34456, 1.30928, 1.30077, 1.38721, 1.31072, 1.32652, 1.38662, 1.43332, 1.42705, 1.38758, 1.39918, 1.44524, 1.42002, 1.49482, 1.50442, 1.46887, 1.5339, 1.60244, 1.58953, 1.50305, 1.50497, 1.49897, 1.52674, 1.69517, 1.65349, 1.56485, 1.59658, 1.60805, 1.53795, 1.56513, 1.55272, 1.60384, 1.64674, 1.71599, 1.72856, 1.71811, 1.70441, 1.72592, 1.69002, 1.72459, 1.75878, 1.76352, 1.72085, 1.76493, 1.70535, 1.83307, 1.83412, 1.85076, 1.7853, 1.74822, 1.81835, 1.86641, 1.87477, 1.83329, 1.84388, 1.95599, 1.98008, 1.94888, 1.88533, 1.88939, 1.9058, 1.92752, 1.92249, 1.93147, 1.96927, 1.98244, 1.97933, 2.01378, 2.06979, 2.08001, 2.01168, 2.04998, 2.06185, 2.07017, 2.06607, 2.07289, 2.09907, 2.13044, 2.12816, 2.11482, 2.09837, 2.09006, 2.07775, 2.07488, 2.09519, 2.15106, 2.20884, 2.27902, 2.36156, 2.31607, 2.23535, 2.16504, 2.1642, 2.20723, 2.27216, 2.24636, 2.25064, 2.24993, 2.26188, 2.23486, 2.19597, 2.17751, 2.19364, 2.25282, 2.31546, 2.31576, 2.32667, 2.3611, 2.41214, 2.43734, 2.47687, 2.5214, 2.5634, 2.59032, 2.62358, 2.62044, 2.6229, 2.59918, 2.57159, 2.54502, 2.51673, 2.50433, 2.52232, 2.52262, 2.50451, 2.50426, 2.45921, 2.42453, 2.41429, 2.40722, 2.45231, 2.48257, 2.53277, 2.54804, 2.55666, 2.60051, 2.55795, 2.56416, 2.57822, 2.61941, 2.6629, 2.71807, 2.74343, 2.78784, 2.84293, 2.86235, 2.87959, 2.87692, 2.87386, 2.87307, 2.87456, 2.87746, 2.90891, 2.91071, 2.90486, 2.89971, 2.90496, 2.90537, 2.92397, 2.94844, 2.95711, 2.96798, 3.01473, 3.04551, 3.04228, 3.05812, 3.13661, 3.14695]"
GP,89255,300,1,10,1,1280.13,0.23946,0.71425,0.99429,0.78392,0,0.59274,0.79905,0.92776,0.48352,0,0.47042,0.55249,0.01481,0.29568,0.33376,0.37799,0.36627,0.01481,0.20345,0.26585,0.29311,0.2833,3.70593,75.60503,88.67208,6.42E+10,5.13E+10,"[0.41449, 0.58427, 0.69681, 0.76184, 0.79724, 0.81356, 0.817, 0.81166, 0.80056, 0.78602, 0.7698, 0.75316, 0.73692, 0.72153, 0.70721, 0.694, 0.68184, 0.67064, 0.66029, 0.65068]","[-0.05389, -0.04262, -0.03116, -0.01998, -0.00942, 0.0015, 0.01197, 0.02261, 0.03355, 0.04478, 0.05636, 0.06747, 0.07904, 0.09063, 0.10182, 0.11391, 0.12558, 0.13697, 0.14942, 0.16156, 0.17289, 0.18335, 0.19349, 0.20419, 0.21616, 0.22749, 0.23919, 0.24952, 0.26022, 0.27031, 0.28037, 0.29114, 0.30172, 0.31208, 0.32207, 0.33224, 0.34223, 0.35193, 0.36159, 0.37177, 0.3816, 0.39124, 0.40038, 0.40976, 0.41978, 0.4299, 0.43968, 0.44931, 0.4585, 0.46775, 0.47669, 0.48595, 0.49477, 0.50379, 0.51249, 0.52088, 0.52907, 0.53745, 0.54622, 0.55536, 0.56497, 0.57557, 0.58727, 0.59818, 0.60932, 0.62064, 0.63262, 0.644, 0.65502, 0.66631, 0.67794, 0.69028, 0.70261, 0.71491, 0.72668, 0.73806, 0.7497, 0.76131, 0.77348, 0.78626, 0.79809, 0.8094, 0.8199, 0.83047, 0.84108, 0.85187, 0.86292, 0.87308, 0.88347, 0.89365, 0.90384, 0.91348, 0.92257, 0.93186, 0.94078, 0.94979, 0.95903, 0.96863, 0.97907, 0.9903, 1.00197, 1.0137, 1.02546, 1.03656, 1.04781, 1.05964, 1.07177, 1.08361, 1.09434, 1.10546, 1.11721, 1.12926, 1.14157, 1.15425, 1.16792, 1.18116, 1.19419, 1.20697, 1.22049, 1.2343, 1.24701, 1.25953, 1.27234, 1.28529, 1.29707, 1.3096, 1.32077, 1.33313, 1.34621, 1.35854, 1.37016, 1.3818, 1.39312, 1.40473, 1.41637, 1.42759, 1.43833, 1.44869, 1.45868, 1.4688, 1.47833, 1.48711, 1.49606, 1.50515, 1.51367, 1.52192, 1.53022, 1.53813, 1.54575, 1.55314, 1.56115, 1.56893, 1.57687, 1.5846, 1.59192, 1.59917, 1.60673, 1.61433, 1.62215, 1.63019, 1.638, 1.64503, 1.6523, 1.66037, 1.66854, 1.67613, 1.68336, 1.69028, 1.69725, 1.70445, 1.7115, 1.71849, 1.72584, 1.73324, 1.74034, 1.74747, 1.75517, 1.76365, 1.77305, 1.78225, 1.79145, 1.79951, 1.80667, 1.81352, 1.81988, 1.82626, 1.83286, 1.83972, 1.84726, 1.85519, 1.86353, 1.87261, 1.88193, 1.8907, 1.8988, 1.90659, 1.91431, 1.92169, 1.92875, 1.93548, 1.9418, 1.94778, 1.95342, 1.95891, 1.96435, 1.96921, 1.97379, 1.97802, 1.98184, 1.98547, 1.98901, 1.99238, 1.99572, 1.99913, 2.00266, 2.00621, 2.0099, 2.0137, 2.01761, 2.0216, 2.02571, 2.02989, 2.03391, 2.03784, 2.04175, 2.04574, 2.04977, 2.05374, 2.05745, 2.06117, 2.06487, 2.06856, 2.07212, 2.07573, 2.07941, 2.08315, 2.08689, 2.0905, 2.09387, 2.0974, 2.101, 2.10459, 2.10808, 2.11167, 2.11519, 2.1187, 2.12214, 2.12566, 2.12903, 2.13248, 2.13583, 2.1392, 2.14267, 2.14617, 2.14975, 2.1534, 2.15692, 2.16038, 2.16399, 2.16751, 2.17118, 2.17497, 2.17875, 2.18258, 2.18636, 2.19009, 2.1937, 2.19739, 2.20125, 2.20495, 2.20879, 2.2125, 2.21622, 2.21983, 2.22342, 2.22686, 2.23045, 2.23399, 2.23735, 2.24073, 2.24405, 2.24745, 2.25095, 2.25453, 2.25817, 2.26185, 2.26543, 2.26896, 2.27249, 2.27607, 2.27957, 2.28318, 2.28673, 2.29021, 2.29378, 2.29747, 2.30108, 2.30461, 2.30829, 2.31209]"
ARIMA,89255,300,1,10,1,19.526,,,,,,,,,,,,,0.16039,0.24911,0.32701,0.33004,0.32748,0.16039,0.22382,0.26913,0.27961,0.27884,40.12909,45.59198,47.83756,1.99E+10,1.60E+10,"[0.23929, 0.23929, 0.23929, 0.23929, 0.23929, 0.23929, 0.23929, 0.23929, 0.23929, 0.23929, 0.23929, 0.23929, 0.23929, 0.23929, 0.23929, 0.23929, 0.23929, 0.23929, 0.23929, 0.23929]",
RandomWalk,89255,300,1,10,1,1.153,,,,,,,,,,,,,0.16039,0.24911,0.32701,0.33004,0.32748,0.16039,0.22382,0.26913,0.27961,0.27884,40.12909,45.59198,47.83756,1.99E+10,1.60E+10,"[0.23929, 0.23929, 0.23929, 0.23929, 0.23929, 0.23929, 0.23929, 0.23929, 0.23929, 0.23929, 0.23929, 0.23929, 0.23929, 0.23929, 0.23929, 0.23929, 0.23929, 0.23929, 0.23929, 0.23929]",
LSTM,89255,300,1,10,1,391.132,,,,,,,,,,,,,0.12935,0.28966,0.3246,0.37892,0.37847,0.12935,0.2394,0.27842,0.31062,0.31151,32.36488,81.03957,89.45942,6.72E+10,5.38E+10,"[0.52903, 0.68351, 0.73044, 0.73354, 0.75786, 0.77867, 0.79113, 0.79451, 0.80161, 0.81095, 0.8066, 0.80076, 0.79653, 0.79297, 0.78917, 0.78579, 0.78307, 0.78099, 0.77947, 0.77857]",
Alg_c,89255,300,1,10,1,0,0.71425,0.71425,0.90909,0.60465,0.60274,0.70549,0.78905,0.82909,0.5641,0.66667,0.68662,0.72049,,,,,,,,,,,,,,,,,"[0.03218, 0.26576, 0.16916, 0.0, 0.0, 0.06098, 0.0, 0.14066, 0.49535, 0.0, 0.0, 0.0, 0.5932, 0.0, 0.48793, 0.0, 0.29221, 0.24999, 0.35396, 0.40425, 0.14111, 0.20062, 0.0, 0.38893, 0.28898, 0.15063, 0.29497, 0.36928, 0.54729, 0.34111, 0.18543, 0.34054, 0.14675, 0.3536, 0.79188, 0.04094, 0.22955, 0.39977, 0.54713, 0.20205, 0.65797, 0.47458, 0.37819, 0.13144, 0.26385, 0.58206, 0.29922, 0.0, 0.86868, 0.58095, 0.62104, 0.21392, 0.76795, 0.44274, 0.92692, 0.48224, 0.07385, 1.05035, 0.45812, 0.75937, 0.41971, 0.39185, 0.36822, 0.866, 0.5443, 0.31435, 0.72104, 0.88223, 0.25588, 0.69833, 0.58485, 0.38904, 0.44524, 0.66423, 0.86495, 0.56028, 0.5472, 0.92113, 1.0258, 0.96742, 0.80357, 0.62894, 0.43611, 1.02517, 0.51192, 1.36268, 0.34074, 1.49388, 0.58091, 1.12455, 0.70037, 1.10952, 1.26103, 0.75246, 0.6633, 0.95312, 1.20506, 0.54989, 1.15961, 1.18755, 0.80269, 0.94575, 0.88578, 1.04125, 0.76739, 0.68573, 0.93738, 0.92452, 1.07304, 0.81877, 1.03615, 1.09009, 1.15785, 1.11086, 1.16498, 1.40354, 1.34838, 0.67672, 0.99548, 0.6692, 1.07923, 0.92167, 1.11535, 1.25763, 1.77956, 1.33824, 0.98125, 0.7445, 1.36494, 1.12096, 1.26469, 1.59742, 1.34418, 1.26155, 1.07933, 1.76029, 1.09465, 1.25825, 1.40898, 1.52446, 1.50331, 1.2629, 1.30456, 1.6919, 1.09205, 1.6744, 1.64347, 1.18222, 1.5647, 1.7512, 1.78128, 1.2277, 1.60614, 1.524, 0.97627, 2.34317, 1.69694, 1.19256, 1.6768, 1.88405, 1.12611, 1.83554, 1.35809, 1.67475, 1.52839, 1.86975, 1.74079, 1.73477, 1.55059, 1.99661, 1.40931, 1.76381, 1.79364, 1.96741, 1.29197, 2.30571, 1.05791, 2.20844, 1.70343, 2.05013, 1.75764, 1.45697, 1.92457, 1.91596, 2.06331, 1.71978, 1.472, 2.26299, 2.03203, 2.03129, 1.70834, 1.89065, 1.88229, 2.00915, 1.88506, 1.84695, 2.04529, 2.04186, 1.87613, 1.92936, 2.14735, 2.48452, 1.41517, 2.27132, 2.01748, 2.14695, 2.00994, 1.86067, 1.83694, 3.10339, 4.35587, 3.32507, 0.0, 2.50037, 1.73985, 1.86471, 1.70307, 2.33576, 2.12815, 1.84843, 3.23928, 2.37166, 2.26346, 1.47738, 2.05577, 1.9135, 3.17667, 0.73647, 2.51476, 1.74901, 2.89231, 2.76607, 1.44172, 1.74664, 1.692, 2.15182, 4.02932, NaN, 1.54219, 1.94671, 3.27258, 0.0, 2.39309, 2.54524, 3.54594, 0.23216, 4.11729, 0.0, 3.90466, 2.33132, 1.44527, 2.87343, 1.40222, 1.5303, 2.86331, 3.98233, 0.0, 3.61053, 0.0, 1.96008, 2.66923, 1.44168, 2.87268, 1.95129, 3.09055, 2.88441, 0.99395, 3.74191, 0.0, 2.72224, 2.00101, 2.68801, 2.14216, 3.86664, 0.0, 2.54791, 4.0895, 0.0, 5.30683, 0.0, 2.46522, 2.80155, 2.96669, 1.9089, 3.46636, 3.24314, 2.89184, 2.15065, 3.23179, 0.70785, 2.7822, 3.68017, 2.69037, 1.19501, 3.31886, 4.31041, 0.0, 1.7302, 3.98885]"
UDE-NN,61917,300,1,10,1,204.136,0.09501,0.69975,0.97983,0.89286,0.85333,0.90867,0.93866,0.44068,0.53818,0.52941,0.50276,0.52241,0.51811,0.34486,0.35711,0.33153,0.30373,0.51811,0.32122,0.32788,0.29326,0.26019,63.17045,39.73382,38.31247,34.94656,31.99446,"[0.30207, 0.44915, 0.52791, 0.54834, 0.54658, 0.53849, 0.52907, 0.51972, 0.51078, 0.50229, 0.49425, 0.48661, 0.47935, 0.47243, 0.46583, 0.45953, 0.4535, 0.44772, 0.44219, 0.43688]","[-0.07016, -0.17552, -0.19025, -0.08141, -0.02637, 0.04836, 0.20247, 0.32916, 0.29971, 0.36245, 0.26619, 0.17888, 0.1702, 0.19732, 0.23609, 0.25526, 0.23996, 0.27893, 0.2363, 0.14823, 0.18206, 0.16014, 0.23088, 0.39177, 0.43237, 0.41295, 0.37679, 0.34051, 0.34274, 0.34925, 0.31965, 0.2552, 0.24112, 0.23351, 0.19404, 0.18424, 0.17565, 0.19591, 0.32655, 0.43642, 0.51333, 0.46526, 0.451, 0.44751, 0.4486, 0.48965, 0.50362, 0.60234, 0.68785, 0.78749, 0.65372, 0.56177, 0.53587, 0.57679, 0.65693, 0.69661, 0.58336, 0.5714, 0.55925, 0.59279, 0.64481, 0.70664, 0.67818, 0.67391, 0.56651, 0.54827, 0.70985, 0.75516, 0.78085, 0.75906, 0.78076, 0.75602, 0.80616, 0.92184, 0.99133, 0.99016, 0.94888, 1.00368, 0.93215, 0.76065, 0.74037, 0.78558, 0.73317, 0.70465, 0.79976, 0.86436, 0.94632, 0.91997, 0.92133, 0.87059, 0.88309, 0.87199, 0.87292, 0.90899, 0.94137, 0.99779, 1.07092, 1.07738, 0.96264, 0.91031, 0.95503, 0.96082, 1.00498, 1.10665, 1.12295, 1.10813, 1.02799, 1.00061, 0.99135, 1.02814, 1.0917, 1.14626, 1.10614, 1.1477, 1.05257, 1.1584, 1.1537, 1.18357, 1.24673, 1.29483, 1.25669, 1.25254, 1.24637, 1.26463, 1.29421, 1.26541, 1.25503, 1.31936, 1.31392, 1.2888, 1.30658, 1.30365, 1.3495, 1.38417, 1.41949, 1.41102, 1.40417, 1.39396, 1.39402, 1.43777, 1.46457, 1.45201, 1.4189, 1.36014, 1.38132, 1.43187, 1.48109, 1.49426, 1.53617, 1.56009, 1.53197, 1.50915, 1.47867, 1.49599, 1.6301, 1.63408, 1.58825, 1.57644, 1.50653, 1.57748, 1.59058, 1.60094, 1.66598, 1.69685, 1.61741, 1.63749, 1.6669, 1.69983, 1.66501, 1.68929, 1.6991, 1.77706, 1.7335, 1.80035, 1.73966, 1.801, 1.84163, 1.86111, 1.78593, 1.70953, 1.70963, 1.82319, 1.92457, 1.97735, 1.89245, 1.828, 1.79124, 1.86372, 1.86575, 1.9049, 1.95946, 1.94057, 1.9038, 1.93855, 1.94363, 1.87528, 1.83712, 1.91175, 1.98309, 2.00582, 1.99543, 1.97372, 2.05499, 2.08578, 2.09647, 2.08882, 2.09236, 2.09748, 2.09916, 2.09779, 2.10608, 2.11684, 2.1315, 2.1458, 2.15806, 2.17679, 2.20185, 2.22552, 2.24957, 2.26327, 2.27002, 2.2494, 2.22947, 2.18596, 2.15753, 2.18478, 2.21535, 2.22231, 2.23095, 2.25769, 2.2988, 2.35942, 2.35416, 2.33393, 2.33162, 2.33244, 2.36042, 2.37922, 2.41103, 2.33769, 2.35395, 2.35606, 2.33001, 2.31341, 2.35989, 2.35003, 2.28647, 2.36547, 2.44405, 2.42311, 2.50837, 2.57464, 2.53349, 2.54682, 2.53228, 2.58514, 2.64945, 2.6081, 2.554, 2.59005, 2.55255, 2.53145, 2.49884, 2.47561, 2.5032, 2.54674, 2.57292, 2.58664, 2.60256, 2.64019, 2.66245, 2.67384, 2.6941, 2.69469, 2.70652, 2.70252, 2.69923, 2.69282, 2.68779, 2.68479, 2.67259, 2.66244, 2.67993, 2.64916, 2.63354, 2.6562, 2.66371, 2.65647, 2.66083, 2.63904, 2.62384, 2.63193, 2.67981, 2.70433, 2.74471, 2.7747, 2.79667, 2.8164, 2.89296, 2.90263]"
GP,61917,300,1,10,1,1272.336,0.09743,0.69975,0.98615,0.86207,0.69841,0.84888,0.9135,0.42623,0.5694,0.64286,0.54616,0.55753,0.51443,0.3239,0.32351,0.29888,0.27177,0.51443,0.29156,0.28703,0.25359,0.21937,62.7219,35.93048,33.25205,29.84243,26.37659,"[0.30575, 0.46444, 0.56014, 0.59363, 0.59838, 0.59225, 0.58255, 0.57206, 0.56177, 0.55197, 0.5427, 0.53395, 0.52568, 0.51785, 0.51042, 0.50335, 0.49663, 0.49021, 0.48409, 0.47823]","[0.00091, 0.01141, 0.02181, 0.03248, 0.0433, 0.05456, 0.06565, 0.0769, 0.08803, 0.09925, 0.11064, 0.12217, 0.13421, 0.14601, 0.15766, 0.16958, 0.18123, 0.19272, 0.204, 0.21542, 0.22649, 0.23816, 0.24969, 0.26127, 0.27309, 0.28435, 0.29556, 0.30691, 0.31842, 0.33006, 0.34162, 0.35315, 0.36463, 0.37632, 0.38744, 0.39875, 0.41007, 0.42159, 0.43318, 0.44495, 0.45642, 0.46795, 0.47887, 0.48994, 0.50058, 0.51181, 0.52333, 0.53474, 0.54644, 0.55738, 0.5685, 0.57923, 0.58996, 0.60102, 0.61163, 0.6225, 0.63323, 0.64387, 0.65433, 0.66463, 0.67469, 0.68474, 0.69481, 0.70486, 0.71499, 0.72496, 0.73532, 0.74585, 0.75633, 0.76706, 0.77802, 0.78882, 0.79948, 0.8101, 0.82052, 0.83119, 0.84198, 0.85276, 0.86352, 0.87405, 0.88449, 0.89442, 0.90428, 0.9141, 0.92378, 0.93391, 0.94378, 0.95341, 0.96258, 0.97171, 0.98085, 0.98992, 0.99892, 1.00778, 1.01663, 1.02543, 1.03417, 1.04283, 1.05131, 1.05978, 1.06828, 1.07687, 1.0856, 1.0945, 1.10356, 1.11256, 1.12157, 1.13068, 1.13999, 1.14969, 1.15935, 1.1687, 1.17789, 1.18702, 1.19604, 1.20472, 1.21323, 1.22166, 1.23014, 1.23866, 1.24723, 1.25589, 1.26463, 1.27338, 1.28219, 1.29102, 1.29963, 1.30803, 1.31615, 1.32408, 1.33188, 1.33965, 1.34736, 1.35509, 1.36282, 1.37055, 1.37824, 1.38597, 1.39372, 1.40147, 1.40929, 1.41714, 1.42497, 1.43283, 1.4407, 1.4486, 1.45652, 1.46446, 1.47242, 1.48043, 1.48853, 1.49677, 1.50511, 1.51354, 1.52203, 1.5306, 1.53917, 1.5478, 1.55656, 1.56546, 1.57431, 1.5831, 1.5919, 1.60095, 1.61031, 1.61996, 1.62971, 1.63948, 1.64951, 1.65965, 1.66951, 1.6794, 1.68904, 1.69873, 1.7084, 1.71789, 1.72742, 1.7368, 1.74632, 1.75565, 1.76488, 1.77409, 1.78325, 1.79232, 1.80136, 1.81012, 1.81876, 1.82751, 1.83638, 1.84551, 1.85504, 1.86464, 1.87411, 1.88345, 1.89294, 1.90222, 1.91143, 1.92084, 1.93023, 1.93936, 1.94824, 1.957, 1.96558, 1.97393, 1.98198, 1.98977, 1.9974, 2.00504, 2.01266, 2.02026, 2.02785, 2.03548, 2.04308, 2.05069, 2.0583, 2.06591, 2.07354, 2.08119, 2.08881, 2.09645, 2.10408, 2.11171, 2.11932, 2.12698, 2.13463, 2.14233, 2.15008, 2.15781, 2.16551, 2.1732, 2.18092, 2.18867, 2.19645, 2.20423, 2.21206, 2.21996, 2.22799, 2.23621, 2.24475, 2.25378, 2.26334, 2.27336, 2.28371, 2.29434, 2.30502, 2.31572, 2.32647, 2.33698, 2.34743, 2.3575, 2.36746, 2.37718, 2.38667, 2.39604, 2.40532, 2.41447, 2.42362, 2.43277, 2.44185, 2.45076, 2.45951, 2.46803, 2.47637, 2.4844, 2.49214, 2.49978, 2.50742, 2.51502, 2.5226, 2.53021, 2.53788, 2.5455, 2.5531, 2.56073, 2.56831, 2.57596, 2.58357, 2.59118, 2.59881, 2.60642, 2.61405, 2.62167, 2.6293, 2.63698, 2.6446, 2.65227, 2.65997, 2.6676, 2.67521, 2.68287, 2.69051, 2.69818, 2.70589, 2.71361, 2.72125, 2.72893, 2.7366, 2.74427, 2.75194, 2.75967]"
ARIMA,61917,300,1,10,1,21.258,,,,,,,,,,,,,0.44997,0.67352,0.73638,0.70786,0.67644,0.44997,0.66313,0.72209,0.69124,0.65837,54.86228,83.48407,87.29583,87.36808,87.40622,"[0.37021, 0.07357, 0.07357, 0.07357, 0.07357, 0.07357, 0.07357, 0.07357, 0.07357, 0.07357, 0.07357, 0.07357, 0.07357, 0.07357, 0.07357, 0.07357, 0.07357, 0.07357, 0.07357, 0.07357]",
RandomWalk,61917,300,1,10,1,1.156,,,,,,,,,,,,,0.65766,0.63562,0.67226,0.64124,0.60704,0.65766,0.63351,0.6628,0.62701,0.5892,80.18481,79.49501,79.92577,78.75379,77.50646,"[0.16252, 0.16252, 0.16252, 0.16252, 0.16252, 0.16252, 0.16252, 0.16252, 0.16252, 0.16252, 0.16252, 0.16252, 0.16252, 0.16252, 0.16252, 0.16252, 0.16252, 0.16252, 0.16252, 0.16252]",
LSTM,61917,300,1,10,1,446.736,,,,,,,,,,,,,0.62664,1.20439,2.70543,3.32287,3.82154,0.62664,1.13435,2.30796,2.82928,3.33209,76.4036,143.3119,271.74994,376.3657,480.26261,"[0.19353, -0.0396, -0.29904, -0.56029, -0.98619, -1.3939, -1.98105, -2.53902, -3.27407, -3.94672, -4.58638, -5.06424, -5.19988, -4.9807, -4.04807, -2.33477, 0.58264, 4.30399, 7.53504, 9.72328]",
Alg_c,61917,300,1,10,1,0,0.69975,0.69975,0.89535,0.67114,0.58462,0.71704,0.79672,0.42623,0.48,0.34921,0.41848,0.45519,,,,,,,,,,,,,,,,,"[0.1727, 0.0, 0.0, 0.01692, 0.0, 0.0, 0.2639, 0.63675, 0.17979, 0.66844, 0.23269, 0.0, 0.04339, 0.17074, 0.29063, 0.31809, 0.15444, 0.45444, 0.36285, 0.0, 0.21472, 0.0, 0.07582, 0.63828, 0.59046, 0.45904, 0.36843, 0.25679, 0.33099, 0.4385, 0.3924, 0.15554, 0.20217, 0.28886, 0.14057, 0.16346, 0.07202, 0.0, 0.32488, 0.57555, 0.80964, 0.40172, 0.41807, 0.43275, 0.37604, 0.51288, 0.34179, 0.58154, 0.72133, 1.27073, 0.57629, 0.40828, 0.37474, 0.50644, 0.74365, 1.00199, 0.38696, 0.56984, 0.46933, 0.56452, 0.60974, 0.90323, 0.5915, 0.92423, 0.34921, 0.18793, 0.94176, 0.77618, 0.8689, 0.68242, 0.86823, 0.60077, 0.6588, 1.0249, 1.1338, 1.06883, 0.76664, 1.24707, 1.1108, 0.47564, 0.6066, 1.01737, 0.72658, 0.42239, 0.87432, 0.80214, 1.19421, 0.75268, 1.10578, 0.67145, 0.98667, 0.8542, 0.78429, 0.96271, 0.88673, 0.91936, 1.13842, 1.4851, 0.71758, 0.60374, 1.23399, 0.84844, 0.81652, 1.33786, 1.08911, 1.30587, 0.84302, 1.01022, 0.90346, 0.97838, 1.06592, 1.42213, 0.77942, 1.65527, 0.29122, 1.73115, 0.92884, 1.09015, 1.2357, 1.61349, 1.05011, 1.31436, 1.17921, 1.21195, 1.47148, 1.22543, 0.96663, 1.64551, 1.42187, 0.69629, 1.83999, 0.0, 1.75788, 1.04478, 2.12997, 0.8382, 1.54449, 1.47349, 0.50599, 1.67857, 1.70089, 1.44559, 1.81441, 0.58943, 1.38292, 1.42306, 1.80733, 1.15208, 1.60654, 1.8441, 1.39671, 1.61407, 1.43317, 0.9666, 2.1513, 1.69644, 1.33724, 1.92244, 1.01158, 1.8618, 1.60686, 1.37318, 1.73749, 2.02454, 1.32406, 1.66231, 1.63777, 1.85989, 1.52375, 1.76475, 1.4816, 2.15376, 1.3654, 2.20563, 1.35231, 1.89323, 1.83359, 2.07018, 1.78295, 1.58831, 1.46307, 1.89323, 1.95086, 2.32256, 1.73417, 1.87743, 1.36723, 2.27268, 1.68094, 1.85353, 2.1264, 1.99621, 1.68448, 1.99219, 2.13808, 1.79354, 1.57719, 1.94377, 2.07522, 2.04864, 2.09374, 1.59221, 2.30953, 2.10064, 2.32079, 0.0, 2.06142, 2.38421, 3.60348, 0.0, 2.09233, 1.27828, 2.22874, 2.71582, 0.38677, 1.80777, 2.33509, 1.92401, 2.91906, 2.04022, 4.07563, 0.0, 3.53195, 0.37475, 0.94556, 2.32899, 2.60953, 2.19642, 1.8113, 2.21318, 1.74719, 3.12938, 2.35149, 2.06285, 2.45856, 2.08862, 2.51807, 2.14315, 2.90057, 1.98458, 2.42644, 2.41338, 2.31358, 2.17687, 2.48175, 2.48133, 1.98279, 2.33955, 2.69684, 2.1489, 2.52826, 2.87024, 2.29001, 2.72335, 2.32261, 2.51786, 2.95041, 2.63377, 2.1984, 2.93182, 2.3881, 2.605, 2.44911, 1.78049, 1.74675, 3.13052, 5.98153, 0.0, 0.0, 3.01771, 4.70755, 0.0, 4.22406, NaN, 3.26368, 1.15252, 3.1549, 2.51645, 2.2502, 3.49431, 2.58822, 0.0, 3.87519, 0.0, 1.57528, 2.90706, 4.33241, 0.0, 3.65923, 0.85295, 2.10768, 1.91632, 3.16988, 1.02429, 3.04089, 3.04921, 3.04813, 0.00921, 3.87674]"
UDE-NN,7296,300,1,10,1,207.168,0.1095,1.12059,0.96359,0.81609,0.69841,0.82603,0.88725,0.92135,0.80829,0.73333,0.82099,0.85082,0.06945,0.25147,0.25137,0.27447,0.3103,0.06945,0.22949,0.2355,0.25773,0.28342,15.52691,7.79E+10,3.90E+10,9.39E+10,7.52E+10,"[0.37782, 0.38958, 0.39006, 0.38793, 0.3853, 0.38263, 0.38, 0.37743, 0.37491, 0.37246, 0.37005, 0.3677, 0.36541, 0.36316, 0.36095, 0.3588, 0.35668, 0.35461, 0.35258, 0.35059]","[-0.27508, -0.27113, -0.01384, 0.12639, 0.22049, 0.20946, 0.09987, 0.11761, 0.11453, 0.17107, 0.24256, 0.14878, 0.23429, 0.3329, 0.28449, 0.22386, 0.25291, 0.23445, 0.14804, 0.11253, 0.15359, 0.21397, 0.14558, 0.14175, 0.33883, 0.41408, 0.49056, 0.48179, 0.45123, 0.59006, 0.51228, 0.3452, 0.40724, 0.41209, 0.44173, 0.33506, 0.4188, 0.31531, 0.30066, 0.38173, 0.39022, 0.33394, 0.37425, 0.43724, 0.4107, 0.4647, 0.49351, 0.52951, 0.44701, 0.36953, 0.45839, 0.49921, 0.5517, 0.55315, 0.44356, 0.29661, 0.35593, 0.36414, 0.40491, 0.56813, 0.66348, 0.59729, 0.66079, 0.57084, 0.487, 0.50618, 0.63128, 0.6433, 0.56247, 0.49086, 0.59117, 0.62836, 0.6165, 0.69247, 0.65619, 0.71162, 0.76879, 0.71587, 0.79945, 0.89344, 0.93687, 0.98223, 0.94069, 0.97179, 0.96425, 0.81803, 0.83168, 0.81169, 0.90091, 0.71847, 0.64583, 0.5618, 0.62075, 0.79134, 0.9203, 0.94198, 1.00293, 1.04247, 1.06986, 1.06263, 1.09833, 0.97136, 0.97693, 1.10618, 1.21093, 1.22069, 1.26845, 1.14804, 1.07369, 1.05125, 1.00876, 1.01262, 1.09253, 1.09671, 1.10311, 1.19289, 1.1906, 1.23831, 1.23305, 1.11472, 1.25374, 1.25431, 1.18007, 1.23472, 1.18397, 1.09767, 1.06736, 1.22203, 1.36751, 1.40333, 1.2873, 1.27224, 1.35994, 1.39572, 1.35438, 1.32382, 1.39935, 1.53726, 1.55776, 1.43365, 1.49342, 1.63246, 1.44981, 1.41222, 1.47017, 1.49395, 1.55579, 1.51602, 1.56304, 1.49044, 1.57892, 1.56113, 1.46888, 1.42373, 1.48345, 1.44306, 1.54324, 1.63399, 1.62129, 1.73028, 1.65914, 1.55696, 1.60909, 1.6342, 1.65454, 1.65445, 1.715, 1.76336, 1.79906, 1.85134, 1.8297, 1.80579, 1.77433, 1.73326, 1.70953, 1.78353, 1.65805, 1.54722, 1.53815, 1.63977, 1.62184, 1.72461, 1.72963, 1.78968, 1.79411, 1.74272, 1.75571, 1.81484, 1.79291, 1.88385, 1.99531, 1.99935, 1.9055, 1.92734, 1.91565, 1.94731, 2.05655, 2.07813, 1.99536, 1.92088, 1.85708, 1.86549, 1.82413, 1.8665, 1.99333, 2.15323, 2.22441, 2.1911, 2.09159, 2.09996, 2.11437, 2.16775, 2.06418, 2.12538, 2.17139, 2.1626, 2.15038, 2.11675, 2.09941, 2.19993, 2.22137, 2.17281, 2.14317, 2.23286, 2.36734, 2.34787, 2.43724, 2.36841, 2.37547, 2.36033, 2.39904, 2.32777, 2.44555, 2.42429, 2.40719, 2.35181, 2.33842, 2.36993, 2.35409, 2.43731, 2.50877, 2.53633, 2.37937, 2.33493, 2.36849, 2.3813, 2.39937, 2.40568, 2.41286, 2.41765, 2.4224, 2.42824, 2.43564, 2.43908, 2.44448, 2.44594, 2.44741, 2.45513, 2.47215, 2.48301, 2.49492, 2.50728, 2.5105, 2.51307, 2.51713, 2.53581, 2.52226, 2.50829, 2.49513, 2.48649, 2.49508, 2.50485, 2.51324, 2.52097, 2.52845, 2.54295, 2.55397, 2.58083, 2.6078, 2.63137, 2.65457, 2.67771, 2.70612, 2.72634, 2.74715, 2.77114, 2.78865, 2.80802, 2.83218, 2.86077, 2.88384, 2.91713, 2.93552, 2.9459, 2.96138, 2.95956, 2.96583, 2.97707, 2.98654, 2.99713]"
GP,7296,300,1,10,1,1266.904,0.74278,1.12059,0.87595,0.94737,0,0.60777,0.77323,0.791,0.84211,0,0.54437,0.69485,0.21621,3.67919,7.53842,8.08048,8.39671,0.21621,2.91925,6.45905,7.11159,7.60051,48.34002,2.58E+11,1.29E+11,1.84E+12,1.47E+12,"[0.66347, 1.29216, 2.4506, 4.40712, 7.09905, 9.52977, 10.45794, 10.47751, 10.44576, 10.41684, 10.3883, 10.36023, 10.33261, 10.30543, 10.27868, 10.25233, 10.22637, 10.2008, 10.17559, 10.15073]","[-0.07393, -0.06107, -0.04813, -0.03527, -0.02235, -0.00951, 0.00279, 0.01566, 0.02826, 0.04039, 0.05281, 0.06572, 0.07835, 0.09131, 0.10383, 0.11671, 0.12915, 0.14118, 0.15304, 0.16517, 0.1774, 0.18996, 0.20089, 0.21287, 0.22562, 0.23841, 0.25076, 0.26289, 0.27507, 0.28672, 0.29833, 0.30947, 0.32046, 0.33133, 0.34164, 0.35139, 0.35844, 0.3647, 0.37168, 0.37866, 0.38614, 0.39267, 0.40137, 0.41308, 0.42505, 0.43721, 0.45015, 0.4631, 0.47606, 0.48878, 0.50108, 0.51339, 0.52478, 0.53667, 0.54921, 0.56192, 0.57488, 0.58762, 0.60001, 0.6122, 0.62436, 0.63641, 0.64847, 0.65981, 0.6707, 0.68272, 0.6946, 0.70521, 0.71455, 0.72393, 0.73668, 0.74803, 0.76071, 0.7731, 0.78536, 0.79745, 0.80957, 0.82245, 0.83534, 0.84828, 0.86116, 0.87412, 0.88672, 0.89922, 0.91142, 0.92193, 0.93215, 0.94411, 0.95651, 0.96896, 0.98145, 0.99384, 1.00633, 1.01875, 1.03059, 1.04053, 1.04743, 1.05435, 1.06222, 1.07167, 1.08158, 1.09311, 1.10551, 1.11846, 1.13142, 1.14422, 1.15677, 1.16956, 1.18253, 1.19499, 1.20746, 1.21823, 1.22945, 1.23971, 1.24713, 1.25502, 1.26536, 1.27392, 1.28291, 1.29154, 1.30053, 1.31003, 1.31516, 1.32107, 1.32722, 1.334, 1.34139, 1.34714, 1.34869, 1.34753, 1.34608, 1.34482, 1.34531, 1.34698, 1.34902, 1.34991, 1.35189, 1.35479, 1.361, 1.36817, 1.37315, 1.38009, 1.38838, 1.39674, 1.40657, 1.41747, 1.42823, 1.43892, 1.44916, 1.45972, 1.47085, 1.48144, 1.49183, 1.50157, 1.5113, 1.52032, 1.52705, 1.53568, 1.54357, 1.54968, 1.55719, 1.56525, 1.57286, 1.58281, 1.59246, 1.60214, 1.6114, 1.61999, 1.62878, 1.63705, 1.64564, 1.65261, 1.66129, 1.67175, 1.68291, 1.69527, 1.70788, 1.72083, 1.73247, 1.74374, 1.75372, 1.76557, 1.77549, 1.78679, 1.79577, 1.80718, 1.81827, 1.82968, 1.84175, 1.85354, 1.86628, 1.87924, 1.892, 1.90497, 1.91785, 1.93019, 1.94249, 1.95307, 1.96486, 1.97487, 1.9871, 1.99736, 2.00783, 2.01925, 2.02894, 2.03701, 2.04709, 2.05541, 2.06635, 2.07729, 2.08936, 2.10219, 2.11498, 2.1267, 2.13961, 2.15223, 2.16425, 2.17582, 2.18797, 2.19997, 2.21223, 2.22229, 2.23116, 2.24026, 2.24967, 2.25983, 2.27062, 2.28149, 2.29278, 2.30342, 2.31289, 2.32203, 2.32497, 2.32599, 2.32874, 2.33218, 2.33272, 2.33364, 2.33206, 2.32765, 2.32064, 2.30861, 2.29155, 2.26791, 2.23927, 2.20509, 2.16725, 2.12991, 2.09113, 2.05273, 2.01352, 1.97453, 1.93619, 1.89804, 1.85917, 1.82108, 1.78238, 1.74384, 1.70717, 1.66956, 1.63086, 1.59247, 1.55417, 1.51504, 1.47609, 1.43812, 1.40151, 1.36277, 1.32384, 1.28545, 1.24829, 1.21177, 1.17405, 1.13556, 1.09682, 1.05827, 1.02161, 0.98412, 0.94848, 0.91071, 0.87166, 0.8323, 0.79339, 0.75602, 0.71752, 0.67908, 0.64063, 0.60159, 0.56308, 0.5251, 0.48714, 0.44892, 0.41099, 0.37255, 0.33396, 0.2958, 0.25717, 0.21955, 0.18205, 0.14452]"
ARIMA,7296,300,1,10,1,22.164,,,,,,,,,,,,,0.08024,0.24381,0.23732,0.25607,0.3074,0.08024,0.22418,0.21674,0.23635,0.27373,17.94048,7.44E+10,3.72E+10,8.67E+10,6.94E+10,"[0.36702, 0.37194, 0.35546, 0.33188, 0.31439, 0.30923, 0.31499, 0.32561, 0.33462, 0.33835, 0.33668, 0.33207, 0.32757, 0.32525, 0.32551, 0.32743, 0.3296, 0.33093, 0.33107, 0.33032]",
RandomWalk,7296,300,1,10,1,1.16,,,,,,,,,,,,,0.11368,0.22738,0.23108,0.25109,0.30215,0.11368,0.21532,0.21523,0.23496,0.27112,25.41589,6.67E+10,3.34E+10,8.34E+10,6.67E+10,"[0.33359, 0.33359, 0.33359, 0.33359, 0.33359, 0.33359, 0.33359, 0.33359, 0.33359, 0.33359, 0.33359, 0.33359, 0.33359, 0.33359, 0.33359, 0.33359, 0.33359, 0.33359, 0.33359, 0.33359]",
LSTM,7296,300,1,10,1,478.475,,,,,,,,,,,,,1.1003,1.25366,1.3164,1.272,1.3849,1.1003,1.22925,1.29306,1.24777,1.34956,246.00515,1.93E+11,9.67E+10,2.51E+11,2.01E+11,"[-0.65303, -0.96724, -1.00682, -1.09667, -1.10634, -1.14918, -1.09894, -1.10363, -1.06462, -1.03441, -1.03556, -1.00714, -1.0083, -1.00663, -1.00713, -1.01153, -1.01178, -1.01673, -1.01695, -1.01895]",
Alg_c,7296,300,1,10,1,0,1.12059,1.12059,0.90801,0.66667,0.6,0.72489,0.81469,0.85824,0.65409,0.58333,0.69855,0.75448,,,,,,,,,,,,,,,,,"[0.0, 0.0, 0.18762, 0.22379, 0.45664, 0.43235, 0.0, 0.13367, 0.0, 0.15282, 0.61105, 0.0, 0.1533, 0.6412, 0.31538, 0.03243, 0.34963, 0.37434, 0.04332, 0.0, 0.0697, 0.51151, 0.0, 0.0, 0.58362, 0.38128, 0.66553, 0.54674, 0.04789, 1.05161, 0.69126, 0.0, 0.57625, 0.31814, 0.79763, 0.0, 0.96766, 0.07816, 0.09663, 0.5382, 0.55453, 0.07835, 0.32787, 0.65114, 0.21072, 0.52078, 0.48552, 0.77108, 0.45041, 0.02427, 0.56673, 0.44884, 0.64503, 0.76778, 0.50913, 0.0, 0.43822, 0.28084, 0.15655, 0.7116, 0.98876, 0.38054, 0.94851, 0.58961, 0.25948, 0.30137, 0.8748, 0.87758, 0.60189, 0.16461, 0.66479, 0.71923, 0.45704, 0.89414, 0.48586, 0.69595, 1.01218, 0.41849, 0.7814, 0.99569, 0.92097, 1.17219, 0.77411, 1.01217, 1.32369, 0.38136, 0.9591, 0.52641, 1.4997, 0.4467, 0.69909, 0.27326, 0.39498, 0.86162, 1.15609, 0.78854, 1.06733, 1.04493, 1.16286, 0.88566, 1.51557, 0.62345, 0.72111, 1.14481, 1.41214, 1.07352, 1.62958, 1.07209, 0.97313, 1.11063, 0.91733, 0.8461, 1.26921, 1.10229, 0.87731, 1.4347, 1.00946, 1.32278, 1.57798, 0.44798, 1.55414, 1.42352, 0.76557, 1.54361, 1.23244, 1.02179, 0.67158, 1.26019, 1.53138, 1.83221, 0.9377, 1.0326, 1.51981, 1.56787, 1.34094, 1.1017, 1.23702, 1.79647, 1.96612, 0.89667, 1.22606, 2.52724, 0.94107, 1.25078, 1.59284, 1.35902, 1.83036, 1.22041, 1.92246, 1.06002, 1.84587, 1.70517, 1.36899, 1.17135, 1.83316, 1.02041, 1.57823, 1.94851, 1.12816, 2.22757, 1.7344, 1.13479, 1.73163, 1.62357, 1.72575, 1.50096, 1.7696, 1.79594, 1.71595, 2.02823, 1.77805, 1.81822, 1.80119, 1.71872, 1.42561, 2.26256, 1.55604, 1.32499, 1.34425, 1.85588, 1.41024, 1.89004, 1.646, 1.89502, 1.9012, 1.61179, 1.65142, 1.95315, 1.57473, 1.80329, 2.22878, 2.22086, 1.63891, 2.01307, 1.83499, 1.81536, 2.21534, 2.2828, 2.01443, 1.88218, 1.71798, 1.94516, 1.63812, 1.6576, 1.89125, 2.37541, 2.50168, 2.31329, 1.88161, 2.06977, 2.01111, 2.58473, 1.58745, 2.16528, 2.28159, 2.14242, 2.20269, 2.11814, 1.83276, 2.35401, 2.35457, 2.15312, 1.89509, 2.10593, 2.80935, 1.93659, 2.89209, 2.12149, 2.48637, 2.18133, 2.80005, 1.59393, 3.06424, 2.25584, 2.55151, 2.2255, 2.20451, 2.64959, 1.98116, 2.52325, 2.39832, 3.41072, 1.58302, 2.01076, 2.82956, 0.0, 4.25398, NaN, 5.15281, 0.0, 0.0, 1.44748, 5.33339, NaN, 3.75503, 11.36442, 0.0, 1.70905, 4.18649, 0.0, 1.21004, 5.34765, NaN, 0.0, 0.0, 3.33901, NaN, 0.0, 0.0, 0.04568, 2.25049, 3.23586, 3.60084, 11.75942, NaN, 2.92501, 0.0, 2.26255, 6.33848, NaN, NaN, NaN, 2.84377, 0.0, 0.0, 4.96037, 0.0, 1.87111, 2.54283, 3.54271, 0.0, 3.39113, 5.37509, 0.0, 4.79772, NaN, 2.72431, 3.22976, 2.4547]"
UDE-NN,96004,300,1,10,1,197.783,0.12379,0.36833,0.97898,0.88485,0.85366,0.90583,0.93529,0.68588,0,0,0.22863,0.56189,0.1859,0.35037,0.30183,0.28239,0.28319,0.1859,0.30495,0.26647,0.24645,0.25017,129.45731,6.33E+10,3.17E+10,2.64E+10,2.11E+10,"[0.32949, 0.31822, 0.3159, 0.31596, 0.31667, 0.31754, 0.31838, 0.31917, 0.31989, 0.32054, 0.32112, 0.32163, 0.32208, 0.32246, 0.32279, 0.32305, 0.32327, 0.32343, 0.32353, 0.32359]","[-0.26556, -0.20136, -0.09226, -0.15396, -0.00702, -0.07307, -0.09322, -0.13648, -0.09719, 0.12712, 0.17988, 0.11839, 0.1985, 0.06926, 0.08677, 0.06998, 0.16981, 0.10883, 0.02163, -0.00011, 0.07633, 0.18468, 0.18638, 0.12783, 0.19769, 0.19202, 0.28262, 0.28554, 0.31478, 0.36295, 0.41851, 0.48624, 0.40267, 0.16966, 0.09264, 0.06658, 0.09512, 0.27154, 0.34897, 0.38004, 0.40571, 0.39382, 0.29942, 0.30295, 0.38539, 0.44795, 0.47188, 0.51906, 0.53682, 0.48519, 0.44081, 0.40463, 0.49768, 0.43959, 0.35839, 0.55062, 0.51905, 0.72433, 0.73248, 0.6361, 0.69865, 0.66888, 0.63445, 0.65268, 0.6457, 0.56766, 0.54121, 0.65369, 0.75433, 0.81507, 0.78227, 0.75176, 0.67897, 0.7008, 0.76321, 0.81595, 0.84379, 0.76153, 0.80129, 0.84469, 0.87966, 0.82756, 0.82635, 0.97493, 1.02197, 1.0644, 1.05399, 1.06173, 0.98179, 0.96235, 0.8928, 0.97783, 0.93736, 0.96212, 0.89652, 0.99943, 0.98033, 1.00202, 0.8781, 0.89393, 0.98759, 0.949, 1.06656, 1.19248, 1.13846, 1.03285, 0.9561, 1.01796, 1.13179, 1.15958, 1.18072, 1.13061, 1.08023, 1.08997, 1.09286, 1.13861, 1.29432, 1.20133, 1.20013, 1.22588, 1.25545, 1.09774, 1.05868, 0.9736, 1.04794, 1.02543, 1.26627, 1.54083, 1.44979, 1.47669, 1.42375, 1.52364, 1.50664, 1.50398, 1.37906, 1.39392, 1.24049, 1.17233, 1.13424, 1.18248, 1.23153, 1.2777, 1.32208, 1.42923, 1.43894, 1.37008, 1.58248, 1.61511, 1.64777, 1.57376, 1.49901, 1.5958, 1.70134, 1.7728, 1.90353, 1.81102, 1.76598, 1.63465, 1.54733, 1.59306, 1.66624, 1.66633, 1.5931, 1.65539, 1.65322, 1.75261, 1.78321, 1.84895, 1.80138, 1.75795, 1.71861, 1.73235, 1.7196, 1.58083, 1.6158, 1.66557, 1.71174, 1.84642, 1.87125, 1.80591, 1.86027, 1.91442, 1.86055, 1.79304, 1.88127, 1.90098, 1.96901, 1.84806, 1.85796, 1.87575, 1.96461, 2.07661, 2.12309, 2.1293, 2.18904, 2.18402, 2.28685, 2.29398, 2.33902, 2.08439, 1.97897, 1.93135, 1.95562, 1.98649, 2.14852, 2.30693, 2.2578, 2.23059, 2.0178, 1.9222, 1.90552, 1.95984, 1.92805, 1.94999, 1.87515, 2.06049, 2.13095, 2.15971, 2.18627, 2.36372, 2.22748, 2.18486, 2.24296, 2.32526, 2.12884, 2.07483, 2.03793, 2.11885, 2.29225, 2.42944, 2.30944, 2.28996, 2.30547, 2.34121, 2.32067, 2.4024, 2.4666, 2.53993, 2.49627, 2.48577, 2.34481, 2.40033, 2.48986, 2.51391, 2.44344, 2.33249, 2.42486, 2.54118, 2.64338, 2.67662, 2.58189, 2.34945, 2.33075, 2.48884, 2.59739, 2.56209, 2.70869, 2.657, 2.6831, 2.68002, 2.60727, 2.59104, 2.60742, 2.58285, 2.40738, 2.34517, 2.41439, 2.54543, 2.6042, 2.64741, 2.77005, 2.71283, 2.69575, 2.70241, 2.7136, 2.7277, 2.90823, 2.87526, 2.9891, 2.97185, 3.009, 2.86411, 2.89299, 2.87827, 2.85768, 2.9149, 2.89696, 2.83751, 2.88278, 3.00753, 2.87976, 2.83886, 2.91586, 2.79906, 2.79035, 2.77232, 2.78222, 2.78504, 2.79087, 2.80115]"
GP,96004,300,1,10,1,1315.697,0.02428,0.36833,0.99712,0.99379,1,0.99697,0.99662,0.70085,0,0,0.23362,0.57416,0.15492,0.35443,0.30412,0.28711,0.2926,0.15492,0.29889,0.26071,0.24643,0.25601,107.88343,5.79E+10,2.90E+10,2.41E+10,1.93E+10,"[0.29851, 0.29047, 0.28896, 0.28911, 0.28966, 0.29027, 0.29085, 0.29137, 0.29182, 0.29221, 0.29254, 0.29281, 0.29303, 0.29319, 0.2933, 0.29336, 0.29337, 0.29334, 0.29327, 0.29315]","[-0.04292, -0.0332, -0.02334, -0.01342, -0.00325, 0.00694, 0.01763, 0.02778, 0.038, 0.04851, 0.05902, 0.06985, 0.08043, 0.09087, 0.10147, 0.11217, 0.12293, 0.13364, 0.14448, 0.15525, 0.16577, 0.17613, 0.18644, 0.19719, 0.20822, 0.21926, 0.23033, 0.24132, 0.25235, 0.26318, 0.27388, 0.28459, 0.29531, 0.30599, 0.31643, 0.32668, 0.33691, 0.34712, 0.35739, 0.36791, 0.37813, 0.38814, 0.39813, 0.40801, 0.4181, 0.4281, 0.43835, 0.44862, 0.459, 0.46955, 0.48041, 0.49125, 0.50238, 0.5135, 0.5247, 0.53583, 0.54689, 0.55818, 0.56952, 0.58106, 0.59278, 0.60447, 0.61619, 0.62794, 0.63972, 0.65153, 0.66328, 0.67506, 0.68692, 0.69883, 0.71083, 0.72288, 0.73497, 0.7471, 0.7592, 0.77122, 0.7831, 0.79476, 0.80615, 0.81731, 0.82819, 0.83896, 0.84985, 0.86083, 0.87163, 0.88244, 0.8931, 0.90376, 0.91423, 0.92474, 0.93531, 0.94623, 0.95711, 0.96803, 0.97881, 0.98965, 1.0004, 1.01129, 1.02224, 1.03335, 1.04435, 1.05538, 1.06637, 1.07715, 1.0874, 1.09778, 1.10809, 1.1181, 1.12793, 1.13784, 1.14777, 1.15759, 1.16728, 1.1771, 1.1868, 1.19652, 1.20606, 1.21534, 1.22467, 1.23392, 1.24306, 1.25239, 1.26177, 1.27111, 1.28039, 1.2889, 1.29792, 1.30691, 1.31637, 1.32625, 1.33573, 1.34535, 1.35504, 1.36459, 1.37452, 1.38468, 1.39481, 1.40476, 1.41468, 1.42455, 1.43423, 1.44354, 1.45312, 1.46265, 1.47221, 1.48188, 1.49141, 1.50076, 1.50974, 1.51906, 1.52834, 1.53773, 1.54682, 1.5565, 1.56628, 1.57649, 1.58673, 1.59676, 1.60701, 1.61704, 1.62667, 1.63624, 1.64564, 1.65492, 1.66415, 1.67373, 1.683, 1.69246, 1.70229, 1.712, 1.72163, 1.73127, 1.74074, 1.75034, 1.75972, 1.76907, 1.77863, 1.78832, 1.79802, 1.80772, 1.81761, 1.82782, 1.83809, 1.84835, 1.85858, 1.8686, 1.87869, 1.8885, 1.8981, 1.9075, 1.91661, 1.92556, 1.93487, 1.94439, 1.95423, 1.96416, 1.97377, 1.98328, 1.99246, 2.00096, 2.00948, 2.01767, 2.02578, 2.03439, 2.04256, 2.05128, 2.05984, 2.06851, 2.07729, 2.0856, 2.09434, 2.10277, 2.11154, 2.12063, 2.1296, 2.13882, 2.14794, 2.15749, 2.16709, 2.17708, 2.18721, 2.19753, 2.20803, 2.21855, 2.22917, 2.23984, 2.25032, 2.2609, 2.27149, 2.28193, 2.29243, 2.30304, 2.31348, 2.32381, 2.33397, 2.34433, 2.35471, 2.36533, 2.37607, 2.38675, 2.39735, 2.4078, 2.41834, 2.42933, 2.44035, 2.45147, 2.46259, 2.47379, 2.48507, 2.49622, 2.5072, 2.51815, 2.52887, 2.53919, 2.54932, 2.55956, 2.56992, 2.58033, 2.59084, 2.60106, 2.61115, 2.62135, 2.63146, 2.64136, 2.65138, 2.66139, 2.67115, 2.68086, 2.69045, 2.69987, 2.70929, 2.71876, 2.72822, 2.7377, 2.74736, 2.75703, 2.76665, 2.77606, 2.78565, 2.79545, 2.80558, 2.81568, 2.82575, 2.83589, 2.84625, 2.85669, 2.86713, 2.8778, 2.88859, 2.89959, 2.91085, 2.92222, 2.93383, 2.94559, 2.95765, 2.96994, 2.98254, 2.9953, 3.00808, 3.02081]"
ARIMA,96004,300,1,10,1,21.728,,,,,,,,,,,,,0.36434,0.37892,0.35924,0.32963,0.29955,0.36434,0.33732,0.30582,0.26679,0.23526,253.72591,1.09E+11,5.44E+10,4.53E+10,3.62E+10,"[0.50794, 0.5756, 0.53854, 0.56079, 0.54356, 0.53824, 0.54199, 0.53653, 0.5396, 0.53921, 0.53894, 0.53981, 0.53925, 0.5395, 0.53947, 0.53937, 0.53946, 0.5394, 0.53942, 0.53943]",
RandomWalk,96004,300,1,10,1,1.257,,,,,,,,,,,,,0.2616,0.34865,0.30923,0.28388,0.27103,0.2616,0.32042,0.28295,0.24621,0.23343,182.17622,8.10E+10,4.05E+10,3.38E+10,2.70E+10,"[0.4052, 0.4052, 0.4052, 0.4052, 0.4052, 0.4052, 0.4052, 0.4052, 0.4052, 0.4052, 0.4052, 0.4052, 0.4052, 0.4052, 0.4052, 0.4052, 0.4052, 0.4052, 0.4052, 0.4052]",
LSTM,96004,300,1,10,1,379.717,,,,,,,,,,,,,3.1827,7.80362,9.51802,9.8114,10.02845,3.1827,7.30097,9.13343,9.47166,9.74798,2216.41576,2.20E+12,1.10E+12,9.16E+11,7.33E+11,"[3.32629, 5.86279, 8.18864, 9.95254, 10.98766, 11.45487, 11.3278, 11.11879, 11.1223, 11.32075, 11.57088, 11.6902, 11.60397, 11.46975, 11.24854, 10.95931, 10.73245, 10.56828, 10.42748, 10.33638]",
Alg_c,96004,300,1,10,1,0,0.36833,0.36833,0.9125,0.6242,0.60759,0.71477,0.78676,0.7069,0.16393,0,0.29028,0.61108,,,,,,,,,,,,,,,,,"[0.0, 0.0, 0.2638, 0.0, 0.43259, 0.0, 0.0, 0.0, 0.0, 0.43866, 0.40245, 0.0, 0.68644, 0.0, 0.23406, 0.0, 0.53025, 0.12884, 0.0, 0.0, 0.02763, 0.39159, 0.34396, 0.0, 0.46713, 0.0, 0.53317, 0.18022, 0.28573, 0.35713, 0.33589, 0.75364, 0.71733, 0.0, 0.01223, 0.0, 0.0, 0.46073, 0.41071, 0.3775, 0.47219, 0.5525, 0.11365, 0.15193, 0.417, 0.52785, 0.4141, 0.57229, 0.68021, 0.44142, 0.48779, 0.03302, 0.89294, 0.54139, 0.0, 1.26337, 0.0, 1.24938, 1.00925, 0.0, 1.09381, 0.64753, 0.45492, 0.70232, 0.89201, 0.46263, 0.17816, 0.77057, 0.76868, 1.09597, 0.61791, 1.03353, 0.28997, 0.65369, 0.82524, 0.76704, 1.29607, 0.31357, 0.87862, 0.83297, 1.09082, 0.7634, 0.44595, 1.26791, 0.95527, 1.18995, 0.95592, 1.27647, 0.81301, 1.15571, 0.44632, 1.37615, 0.66928, 1.27413, 0.41471, 1.34541, 0.76322, 1.44066, 0.46846, 0.70325, 1.4502, 0.47749, 1.11659, 1.55254, 1.19659, 0.97545, 0.67498, 0.90506, 1.31218, 1.14916, 1.32641, 1.13772, 0.9569, 1.1085, 1.00835, 0.94358, 1.78149, 1.0256, 1.13486, 1.22835, 1.62663, 0.87268, 1.15054, 0.69945, 1.12007, 0.48846, 1.1332, 2.31622, 1.08876, 1.6342, 1.09807, 1.77652, 1.47495, 1.79109, 0.9989, 1.80622, 1.03912, 1.13387, 0.96103, 1.19243, 1.23739, 1.27891, 1.19788, 1.61696, 1.59634, 0.78867, 1.95062, 1.66608, 1.86464, 1.58998, 1.14823, 1.51759, 1.77095, 1.58017, 2.42131, 1.58985, 1.97107, 1.5482, 1.2771, 1.53807, 1.81657, 1.80268, 1.33559, 1.77339, 1.44567, 1.87611, 1.69574, 2.09216, 1.77605, 1.75668, 1.61181, 1.76745, 1.96715, 1.23041, 1.5603, 1.67853, 1.52041, 2.07347, 2.05429, 1.55531, 1.85568, 2.14456, 1.911, 1.43069, 2.07204, 1.72409, 2.39342, 1.55226, 1.84235, 1.72471, 1.90202, 2.20937, 2.21481, 1.98945, 2.36131, 1.93648, 2.50881, 2.28658, 2.92096, 1.81325, 1.73766, 1.7212, 1.84735, 1.67047, 2.1885, 2.73947, 2.27905, 2.54526, 1.82858, 1.70225, 1.73692, 2.11391, 1.85022, 2.11734, 1.38082, 2.23035, 2.20838, 2.19295, 1.78325, 3.09888, 1.95478, 2.00993, 2.0793, 3.08723, 1.58582, 2.15033, 1.82781, 1.95035, 2.28681, 3.0626, 1.90749, 2.27039, 2.26088, 2.50816, 2.06269, 2.47949, 2.357, 2.86316, 2.24997, 2.9164, 1.853, 2.33738, 2.61616, 2.68037, 2.63052, 1.77703, 2.50856, 2.54202, 2.73397, 2.84391, 3.03903, 1.73181, 2.0145, 2.59076, 2.96886, 1.99715, 3.2895, 2.31238, 2.7618, 2.84433, 2.46563, 2.53416, 2.65034, 2.93576, 2.12216, 2.10226, 2.29633, 2.7028, 2.6348, 2.46713, 3.14939, 2.61715, 2.65021, 2.69801, 2.74044, 2.37553, 3.35566, 2.53353, 3.30147, 2.71737, 3.49262, 2.41013, 3.03544, 2.91133, 2.64084, 3.0945, 3.01417, 2.61152, 2.5044, 3.92121, 2.51347, 2.30694, 3.87507, 2.04938, 2.97566, 2.41378, 4.90045, NaN, 2.1423]"
UDE-NN,18423,300,1,10,1,220.484,0.06634,0.94733,0.95266,0.87719,0.94253,0.92413,0.93101,0.41905,0.10738,0.48447,0.33697,0.37846,0.12415,0.09563,0.11141,0.11971,0.11715,0.12415,0.0833,0.10034,0.10809,0.10163,21.24883,16.54499,25.41705,26.37804,27.08019,"[0.46011, 0.46328, 0.45962, 0.45458, 0.44941, 0.44437, 0.43952, 0.43484, 0.43034, 0.42599, 0.4218, 0.41775, 0.41384, 0.41006, 0.40641, 0.40287, 0.39944, 0.39612, 0.3929, 0.38977]","[0.15631, 0.0845, 0.09431, 0.10515, 0.07733, 0.07247, 0.02179, 0.00646, -0.0057, 0.05168, 0.15262, 0.08814, 0.13347, 0.06584, 0.05193, 0.04606, 0.06351, 0.12463, 0.13818, 0.26314, 0.31626, 0.25516, 0.29084, 0.27061, 0.31285, 0.34696, 0.3476, 0.30157, 0.29799, 0.29882, 0.29284, 0.41322, 0.33382, 0.32878, 0.34323, 0.39067, 0.36924, 0.34604, 0.39134, 0.37625, 0.38496, 0.39531, 0.44979, 0.48575, 0.41542, 0.40491, 0.42199, 0.46195, 0.5167, 0.5261, 0.57005, 0.61451, 0.61723, 0.58523, 0.56077, 0.53956, 0.52697, 0.63544, 0.6863, 0.60865, 0.55767, 0.57158, 0.6216, 0.69517, 0.66287, 0.62855, 0.66052, 0.79208, 0.84204, 0.79164, 0.75061, 0.74201, 0.7088, 0.66793, 0.68162, 0.65694, 0.70774, 0.69316, 0.65591, 0.73239, 0.79359, 0.84811, 0.84782, 0.83002, 0.83469, 0.8436, 0.85324, 0.91349, 0.9702, 0.93987, 0.99916, 1.03095, 0.98739, 1.00188, 0.99925, 1.03328, 1.02732, 1.04338, 1.04474, 1.0194, 1.01686, 1.01407, 1.01392, 1.06002, 1.02473, 1.06196, 1.10584, 1.06548, 1.10909, 1.11003, 1.11392, 1.15349, 1.18545, 1.22422, 1.2411, 1.24743, 1.27013, 1.27649, 1.28751, 1.27988, 1.27736, 1.27253, 1.27176, 1.26656, 1.26634, 1.25598, 1.27421, 1.31001, 1.35165, 1.35088, 1.33952, 1.32865, 1.34994, 1.37135, 1.38565, 1.37872, 1.37279, 1.36205, 1.36178, 1.34864, 1.33418, 1.32567, 1.33918, 1.35636, 1.36648, 1.37808, 1.38945, 1.40704, 1.42115, 1.43793, 1.46749, 1.50564, 1.54843, 1.59878, 1.62755, 1.65292, 1.67956, 1.70151, 1.7308, 1.7514, 1.76441, 1.78237, 1.79223, 1.79505, 1.79754, 1.80103, 1.80804, 1.81481, 1.81721, 1.81772, 1.82079, 1.83412, 1.85069, 1.85499, 1.8528, 1.8495, 1.84986, 1.83682, 1.82813, 1.8511, 1.89192, 1.90231, 1.90482, 1.90715, 1.90444, 1.90066, 1.90354, 1.92529, 1.94712, 1.94273, 1.9453, 1.94985, 1.95703, 1.96565, 1.97591, 2.00631, 1.98299, 1.93009, 1.96401, 2.00893, 2.02723, 1.98531, 1.95563, 1.96453, 2.03506, 1.99649, 1.95359, 1.98985, 2.09782, 2.12403, 2.12385, 2.11745, 2.10293, 2.09716, 2.07527, 2.19347, 2.2422, 2.21087, 2.20779, 2.29397, 2.25549, 2.20683, 2.24764, 2.19888, 2.15959, 2.21058, 2.22671, 2.2282, 2.20726, 2.31372, 2.34733, 2.32764, 2.30611, 2.30442, 2.35276, 2.38049, 2.41849, 2.42834, 2.33879, 2.35887, 2.41669, 2.45307, 2.46978, 2.47396, 2.47493, 2.48075, 2.4929, 2.50386, 2.50962, 2.51536, 2.53428, 2.56925, 2.57912, 2.59328, 2.62383, 2.64088, 2.65289, 2.66474, 2.67523, 2.6887, 2.70131, 2.70884, 2.71671, 2.72629, 2.73579, 2.74229, 2.75227, 2.76308, 2.77254, 2.77989, 2.78955, 2.80429, 2.81483, 2.81477, 2.80905, 2.80167, 2.79203, 2.78419, 2.78862, 2.80532, 2.80981, 2.81832, 2.82649, 2.84394, 2.83894, 2.83816, 2.86947, 2.88002, 2.87204, 2.89332, 2.92471, 2.92275, 2.92366, 2.9233, 2.91778, 2.92436, 2.92333, 2.92526, 2.94066, 2.9502]"
GP,18423,300,1,10,1,1319.688,0.34151,0.94733,0.89447,0.47799,0,0.45749,0.66038,0.46269,0.21898,0,0.22722,0.20367,0.01192,0.24566,0.30033,0.29479,0.29964,0.01192,0.20573,0.26513,0.25813,0.26754,2.04024,49.6083,74.17123,72.44396,78.19347,"[0.57233, 0.66064, 0.70892, 0.73287, 0.74207, 0.7422, 0.73686, 0.72838, 0.71829, 0.70758, 0.69683, 0.68638, 0.6764, 0.66695, 0.65804, 0.64964, 0.64172, 0.63424, 0.62716, 0.62045]","[0.02014, 0.03212, 0.04398, 0.05638, 0.06792, 0.07897, 0.09027, 0.1015, 0.11312, 0.12531, 0.13799, 0.15041, 0.16286, 0.1757, 0.18917, 0.20209, 0.2146, 0.22673, 0.23839, 0.25034, 0.26263, 0.27458, 0.28643, 0.29814, 0.30908, 0.32028, 0.33127, 0.34192, 0.35293, 0.36462, 0.3774, 0.38906, 0.40091, 0.41312, 0.42511, 0.43694, 0.44824, 0.45893, 0.46959, 0.48052, 0.49144, 0.50182, 0.51156, 0.52079, 0.52941, 0.53766, 0.54626, 0.55489, 0.56395, 0.5732, 0.58274, 0.59231, 0.60127, 0.61003, 0.61907, 0.62876, 0.63862, 0.64865, 0.659, 0.6699, 0.68122, 0.69307, 0.70429, 0.71548, 0.7263, 0.73693, 0.74746, 0.758, 0.7686, 0.77854, 0.789, 0.79967, 0.81091, 0.82292, 0.83517, 0.84888, 0.86271, 0.87505, 0.88701, 0.89892, 0.90996, 0.92035, 0.93015, 0.93988, 0.94928, 0.95835, 0.96738, 0.97667, 0.98654, 0.99684, 1.00706, 1.01669, 1.02637, 1.03593, 1.04564, 1.05549, 1.06535, 1.07513, 1.08472, 1.09396, 1.10261, 1.11049, 1.11813, 1.12568, 1.1329, 1.13974, 1.14661, 1.15324, 1.15934, 1.16511, 1.17042, 1.17534, 1.1801, 1.18469, 1.18919, 1.19358, 1.19789, 1.20224, 1.2065, 1.2108, 1.215, 1.21927, 1.22355, 1.22788, 1.23224, 1.23667, 1.24113, 1.24569, 1.25034, 1.25507, 1.25981, 1.26446, 1.26912, 1.27387, 1.27848, 1.28288, 1.28715, 1.29142, 1.29566, 1.29995, 1.30413, 1.30832, 1.31258, 1.31696, 1.32126, 1.32549, 1.32973, 1.33396, 1.33823, 1.34248, 1.34676, 1.35109, 1.35543, 1.35977, 1.36408, 1.36827, 1.37245, 1.37668, 1.38091, 1.38517, 1.38935, 1.39345, 1.39768, 1.40181, 1.40583, 1.40985, 1.41397, 1.41813, 1.42226, 1.42634, 1.43041, 1.43458, 1.43885, 1.44308, 1.44721, 1.45129, 1.45541, 1.45962, 1.46381, 1.4681, 1.47258, 1.47705, 1.48135, 1.48556, 1.48977, 1.49395, 1.49818, 1.50248, 1.50687, 1.51123, 1.51547, 1.5198, 1.52421, 1.52864, 1.53313, 1.53769, 1.54232, 1.54691, 1.55158, 1.55649, 1.56151, 1.56666, 1.572, 1.57763, 1.58385, 1.591, 1.59995, 1.61102, 1.62341, 1.63671, 1.65041, 1.66462, 1.67861, 1.69298, 1.7071, 1.72065, 1.73469, 1.74873, 1.76157, 1.77441, 1.78689, 1.79973, 1.81241, 1.82422, 1.8356, 1.84682, 1.85759, 1.86828, 1.87835, 1.88831, 1.89887, 1.90955, 1.91981, 1.92926, 1.9377, 1.94558, 1.95336, 1.96091, 1.96813, 1.9749, 1.98117, 1.9868, 1.99174, 1.99616, 2.00044, 2.00467, 2.00894, 2.01321, 2.01742, 2.02156, 2.02574, 2.03004, 2.03432, 2.03845, 2.04266, 2.04696, 2.05109, 2.05513, 2.05921, 2.06329, 2.06744, 2.07157, 2.07564, 2.07974, 2.08388, 2.088, 2.09212, 2.09632, 2.10048, 2.10461, 2.10872, 2.11291, 2.11712, 2.12128, 2.12538, 2.12947, 2.13359, 2.13775, 2.142, 2.14636, 2.15075, 2.15507, 2.15941, 2.1637, 2.16803, 2.17229, 2.17661, 2.18107, 2.18544, 2.18976, 2.19424, 2.19874, 2.20322, 2.20772, 2.21223, 2.21668, 2.22119, 2.22564, 2.23009, 2.23454]"
ARIMA,18423,300,1,10,1,21.704,,,,,,,,,,,,,0.21274,0.17231,0.17182,0.1853,0.17548,0.21274,0.15179,0.14324,0.15112,0.14448,36.41266,29.61783,29.16205,29.96999,30.13661,"[0.37151, 0.36246, 0.3242, 0.3032, 0.29168, 0.28536, 0.2819, 0.27999, 0.27895, 0.27838, 0.27806, 0.27789, 0.27779, 0.27774, 0.27771, 0.2777, 0.27769, 0.27768, 0.27768, 0.27768]",
RandomWalk,18423,300,1,10,1,1.218,,,,,,,,,,,,,0.153,0.10809,0.11729,0.12405,0.1232,0.153,0.08498,0.10087,0.10887,0.10416,26.18746,16.01225,24.93264,26.1987,27.76117,"[0.43125, 0.43125, 0.43125, 0.43125, 0.43125, 0.43125, 0.43125, 0.43125, 0.43125, 0.43125, 0.43125, 0.43125, 0.43125, 0.43125, 0.43125, 0.43125, 0.43125, 0.43125, 0.43125, 0.43125]",
LSTM,18423,300,1,10,1,381.135,,,,,,,,,,,,,0.10575,0.08921,0.11213,0.1194,0.12268,0.10575,0.08158,0.10099,0.1091,0.10602,18.09985,16.47342,26.27663,27.60138,29.64832,"[0.47851, 0.48103, 0.46944, 0.45848, 0.44737, 0.44874, 0.44919, 0.44732, 0.45148, 0.44979, 0.45049, 0.45206, 0.45345, 0.45454, 0.45528, 0.45603, 0.45683, 0.4574, 0.45798, 0.45838]",
Alg_c,18423,300,1,10,1,0,0.94733,0.94733,0.86195,0.69333,0.56471,0.70666,0.77195,0.46766,0.09524,0.46897,0.34396,0.38772,,,,,,,,,,,,,,,,,"[0.33012, 0.0, 0.07898, 0.18812, 0.01849, 0.17446, 0.0, 0.00612, 0.0, 0.0, 0.48711, 0.0, 0.34595, 0.0, 0.02299, 0.0, 0.0, 0.23134, 0.0, 0.3975, 0.54877, 0.05535, 0.41356, 0.12698, 0.33174, 0.40198, 0.44906, 0.19983, 0.29953, 0.32296, 0.00938, 0.83426, 0.18387, 0.28836, 0.272, 0.53298, 0.37532, 0.18932, 0.53148, 0.32109, 0.39602, 0.29567, 0.4546, 0.7638, 0.20367, 0.38452, 0.38958, 0.4162, 0.64332, 0.43052, 0.55936, 0.69024, 0.6822, 0.546, 0.55994, 0.56654, 0.24126, 0.7677, 0.95052, 0.51914, 0.43021, 0.50891, 0.55426, 0.92177, 0.65788, 0.51287, 0.45159, 0.92982, 1.03671, 0.7477, 0.67582, 0.80328, 0.73371, 0.55891, 0.72348, 0.50989, 0.83681, 0.72884, 0.42317, 0.77238, 0.78305, 0.96116, 0.87534, 0.77487, 0.83655, 0.87431, 0.72899, 0.91555, 1.18035, 0.71415, 1.06941, 1.21812, 0.80644, 1.0833, 0.89323, 1.14639, 0.95618, 1.0742, 1.10901, 0.95471, 1.03514, 1.03985, 0.8259, 1.39852, 0.71394, 1.03438, 1.45364, 0.62516, 1.36451, 1.1045, 0.82856, 1.32502, 0.92567, 1.65941, 1.85817, 0.0, 2.19017, 0.0, 2.82108, 0.0, 1.85311, 0.29642, 1.76289, 0.60876, 1.93542, 0.01029, 1.19799, 1.1359, 1.82659, 1.33072, 1.44699, 0.8058, 1.43608, 1.35703, 2.19714, 0.06758, 2.23782, 0.0, 2.28504, 1.86516, 0.0, 0.0, 1.36945, 1.94326, 0.67697, 1.69617, 0.0, 1.94425, 1.13172, 0.36654, 1.24175, 1.43602, 0.86557, 2.65985, 1.8112, 0.1855, 2.64296, 0.0, 2.23051, 5.40478, 0.0, 2.21956, 5.78989, NaN, 0.0, 0.10281, 1.74825, 3.20996, 7.28755, 0.0, 0.0, 1.64046, 2.65259, 4.97201, 2.09416, 0.0, 3.28599, 0.0, 0.0, 1.68936, 2.49502, 2.44959, 1.28007, 2.63994, 2.24045, 1.14041, 0.79051, 1.8972, 3.06843, 0.0, 2.01336, 1.90332, 1.95672, 2.05418, 1.38762, 2.5858, 2.63611, 0.27393, 2.12433, 2.08481, 2.42938, 1.84082, 1.86438, 1.51085, 2.67012, 1.92672, 1.78446, 1.85266, 2.26767, 2.17514, 2.13801, 2.13144, 2.08695, 2.13017, 1.79551, 2.33513, 2.42215, 2.15019, 1.99914, 2.57216, 2.26416, 2.00402, 2.45713, 2.17391, 1.95462, 2.32083, 2.23394, 2.35649, 1.83793, 2.51997, 2.43477, 2.3199, 2.29618, 2.16536, 2.47618, 2.29915, 2.41083, 2.84843, 1.88775, 2.32074, 2.53791, 2.53647, 2.97901, 2.77941, 1.74157, 2.03422, 2.53318, 3.24669, 3.028, 0.0, 1.84749, 3.88932, 0.0, 0.61054, 2.96601, 5.69721, 0.0, 4.27059, 0.0, 2.67809, 4.51777, 0.05709, 1.87191, 2.65197, 4.28871, 0.0, 2.62181, 2.97698, 4.26949, 0.41978, 2.0467, 2.93055, 4.44155, 5.69704, 2.53141, 3.61556, 2.41871, 1.76927, 2.38953, 3.25975, 2.38472, 2.93984, 1.7104, 3.83613, 1.6143, 0.56913, 3.29469, 4.15456, 0.0, 2.82287, 3.54027, 2.65839, 2.95154, 3.07722, 2.47311, 3.12129, 2.84953, 2.42921, 3.11583]"
UDE-NN,89053,300,1,10,1,199.697,0.10988,2.75997,0.97436,0.88506,0.84507,0.9015,0.9326,0.72897,0.6875,0.73171,0.71606,0.70878,0.64468,3.91385,6.69664,6.16841,5.66846,0.64468,3.04371,5.43242,4.85727,4.45013,50.19888,218.11139,253.41522,213.42448,174.46452,"[1.92894, 2.55727, 3.67244, 5.67941, 8.86761, 12.34952, 13.74907, 13.43163, 13.22141, 12.99938, 12.78516, 12.57584, 12.37153, 12.17201, 11.97709, 11.78662, 11.60039, 11.41826, 11.24005, 11.0656]","[0.38151, 0.29902, 0.19111, 0.10032, 0.01236, 0.04111, -0.00043, 0.07053, 0.10408, 0.18916, 0.11127, 0.19353, 0.24478, 0.10144, 0.08424, 0.12999, 0.08014, 0.13641, 0.26965, 0.19779, 0.206, 0.16653, 0.23909, 0.314, 0.34219, 0.26445, 0.32723, 0.38302, 0.35783, 0.32499, 0.41566, 0.42073, 0.3938, 0.41688, 0.309, 0.29397, 0.35786, 0.33948, 0.3452, 0.23141, 0.27167, 0.2811, 0.23058, 0.30138, 0.27225, 0.23541, 0.31221, 0.47219, 0.56028, 0.63224, 0.6001, 0.55231, 0.53261, 0.51514, 0.49654, 0.58698, 0.63365, 0.51707, 0.57248, 0.66271, 0.56778, 0.66484, 0.62872, 0.62817, 0.64018, 0.64359, 0.67533, 0.68739, 0.61575, 0.51608, 0.49635, 0.52844, 0.64627, 0.68785, 0.74992, 0.82065, 0.91867, 1.06398, 0.97615, 0.95665, 0.94084, 0.89021, 0.89088, 0.82362, 0.75648, 0.82058, 0.85681, 0.87217, 0.88057, 0.83085, 0.86441, 0.85924, 0.90846, 0.94971, 1.01004, 0.99751, 0.91275, 0.91124, 0.93749, 0.91512, 0.89506, 1.00175, 1.0799, 1.08773, 1.14703, 1.0657, 1.07902, 1.0596, 1.12982, 1.21944, 1.15321, 1.07774, 1.03329, 1.06297, 1.2077, 1.06624, 1.1553, 1.14591, 1.05177, 1.04332, 1.11863, 1.22434, 1.29076, 1.28892, 1.1165, 1.06409, 1.17912, 1.1979, 1.25468, 1.21045, 1.20643, 1.19879, 1.21734, 1.25578, 1.31279, 1.35812, 1.43782, 1.44226, 1.38759, 1.36244, 1.34151, 1.38066, 1.35814, 1.39875, 1.39503, 1.39475, 1.39938, 1.42355, 1.44933, 1.46306, 1.47653, 1.49013, 1.50402, 1.52105, 1.53806, 1.55055, 1.56341, 1.57092, 1.57281, 1.57895, 1.5906, 1.61797, 1.62268, 1.63829, 1.62606, 1.67241, 1.71529, 1.71371, 1.73696, 1.69926, 1.75737, 1.77394, 1.78125, 1.8412, 1.90619, 1.82027, 1.90375, 1.95406, 1.91666, 1.86133, 1.80524, 1.83895, 1.8685, 1.79008, 1.76202, 1.81009, 1.85782, 1.85894, 1.85477, 1.87488, 1.87754, 1.94808, 2.02732, 2.09085, 2.03253, 2.01359, 1.93717, 1.91716, 1.80058, 1.79376, 1.90036, 2.08764, 2.14734, 2.14473, 2.22692, 2.28775, 2.22925, 2.25373, 2.20461, 2.17495, 2.1034, 2.15466, 2.17955, 2.15131, 2.1012, 2.12029, 2.0645, 2.10126, 2.11906, 2.08933, 2.12023, 2.08774, 2.13979, 2.26243, 2.24894, 2.19615, 2.30318, 2.3084, 2.31048, 2.34546, 2.39672, 2.41661, 2.4321, 2.38567, 2.37244, 2.31589, 2.26728, 2.24136, 2.22696, 2.20982, 2.18174, 2.17529, 2.17393, 2.16354, 2.14333, 2.12236, 2.13594, 2.17851, 2.22831, 2.31687, 2.39136, 2.45771, 2.4859, 2.54339, 2.53137, 2.53049, 2.58473, 2.58705, 2.5897, 2.58871, 2.58184, 2.57654, 2.57918, 2.59028, 2.61143, 2.61851, 2.62247, 2.64007, 2.66607, 2.69682, 2.70563, 2.71418, 2.73747, 2.71985, 2.70333, 2.69434, 2.67722, 2.6704, 2.66381, 2.64408, 2.61493, 2.58263, 2.56435, 2.55403, 2.56182, 2.5866, 2.59158, 2.60236, 2.67665, 2.71551, 2.72893, 2.75139, 2.81652, 2.88899, 2.91526, 2.87971, 2.86457, 2.86847, 2.84961, 2.85782]"
GP,89053,300,1,10,1,1276.96,0.43478,2.75997,0.88778,0.79487,0,0.56088,0.74119,0.59542,0.54369,0,0.3797,0.45047,1.55571,9.61,9.78736,8.94152,8.03322,1.55571,8.21213,8.69878,7.37936,6.20962,121.1367,603.6644,470.73045,393.15721,316.52313,"[2.83997, 5.44501, 10.04393, 14.91516, 15.30367, 14.84133, 14.74694, 14.50751, 14.33344, 14.14323, 13.96659, 13.79288, 13.62536, 13.46274, 13.30515, 13.15232, 13.0041, 12.86032, 12.7208, 12.58541]","[0.00516, 0.01144, 0.01878, 0.02622, 0.03178, 0.04069, 0.05003, 0.061, 0.07161, 0.08193, 0.09165, 0.10146, 0.11278, 0.12352, 0.13456, 0.14726, 0.15964, 0.17194, 0.18249, 0.191, 0.20357, 0.21428, 0.2256, 0.23524, 0.23898, 0.24061, 0.24296, 0.24378, 0.249, 0.25747, 0.26842, 0.28118, 0.29456, 0.30845, 0.32218, 0.3357, 0.34663, 0.3531, 0.3586, 0.36488, 0.37126, 0.37884, 0.38966, 0.40217, 0.4149, 0.42807, 0.44068, 0.45269, 0.46519, 0.4772, 0.48976, 0.50331, 0.51713, 0.53088, 0.54464, 0.55846, 0.57232, 0.58607, 0.59997, 0.61377, 0.62767, 0.64151, 0.65364, 0.66637, 0.68015, 0.69405, 0.70792, 0.72182, 0.73555, 0.74777, 0.75734, 0.7687, 0.78079, 0.79268, 0.80592, 0.81879, 0.83179, 0.84261, 0.85355, 0.86463, 0.87356, 0.88131, 0.88972, 0.89688, 0.90458, 0.91227, 0.91531, 0.9166, 0.92094, 0.92519, 0.93431, 0.94692, 0.96016, 0.97378, 0.98744, 1.00042, 1.01375, 1.02697, 1.0405, 1.05417, 1.06768, 1.08064, 1.09355, 1.1067, 1.11988, 1.13362, 1.14749, 1.16138, 1.17523, 1.1888, 1.20267, 1.21656, 1.23045, 1.24435, 1.25811, 1.272, 1.2859, 1.29914, 1.31251, 1.3258, 1.33839, 1.35139, 1.36491, 1.37879, 1.39269, 1.40656, 1.42016, 1.43381, 1.44736, 1.46125, 1.47511, 1.48898, 1.50271, 1.51657, 1.53039, 1.5442, 1.55804, 1.57162, 1.58436, 1.59635, 1.60747, 1.61842, 1.62861, 1.63569, 1.64001, 1.6401, 1.63671, 1.62992, 1.62156, 1.61229, 1.60186, 1.59133, 1.58104, 1.57097, 1.56234, 1.55348, 1.54445, 1.5355, 1.52623, 1.51656, 1.5082, 1.50059, 1.49389, 1.48732, 1.48185, 1.47688, 1.47389, 1.47225, 1.47201, 1.47559, 1.48365, 1.49623, 1.51012, 1.52259, 1.53347, 1.54297, 1.55054, 1.5554, 1.56568, 1.57417, 1.58468, 1.59665, 1.60929, 1.62287, 1.6364, 1.65013, 1.66377, 1.67741, 1.68965, 1.7025, 1.71506, 1.7262, 1.73906, 1.75218, 1.76507, 1.77705, 1.78957, 1.80214, 1.81363, 1.8243, 1.83453, 1.84472, 1.85703, 1.87045, 1.88315, 1.89605, 1.90833, 1.92098, 1.93351, 1.94568, 1.95776, 1.96942, 1.97893, 1.98477, 1.99136, 1.99554, 1.99591, 1.99628, 2.00277, 2.0098, 2.02127, 2.03318, 2.04529, 2.05604, 2.06769, 2.08141, 2.09514, 2.10897, 2.12239, 2.13503, 2.14601, 2.15534, 2.16083, 2.1609, 2.15641, 2.14863, 2.13865, 2.12938, 2.1207, 2.11191, 2.10267, 2.09309, 2.08444, 2.07509, 2.06524, 2.05518, 2.04571, 2.03779, 2.02998, 2.02199, 2.01432, 2.00635, 1.99778, 1.98826, 1.9799, 1.96993, 1.96111, 1.95316, 1.94262, 1.9321, 1.9213, 1.91019, 1.89966, 1.89011, 1.8805, 1.87083, 1.86049, 1.85029, 1.8411, 1.83141, 1.82164, 1.81107, 1.80063, 1.79125, 1.78065, 1.77047, 1.76087, 1.75117, 1.74196, 1.73284, 1.72316, 1.71316, 1.70336, 1.69467, 1.68632, 1.67775, 1.66929, 1.65998, 1.65125, 1.64399, 1.63535, 1.62592, 1.61701, 1.60892, 1.60045, 1.59124, 1.58177, 1.57364, 1.56681, 1.56188]"
ARIMA,89053,300,1,10,1,22.167,,,,,,,,,,,,,0.13188,0.34523,3.69441,6.32444,8.26062,0.13188,0.28072,2.02239,3.8691,5.78276,10.2693,22.60823,37.89766,46.4751,55.09634,"[1.41614, 1.59538, 1.50261, 1.60013, 1.52381, 1.59037, 1.53471, 1.582, 1.54207, 1.57587, 1.54728, 1.57146, 1.55101, 1.56831, 1.55368, 1.56606, 1.55559, 1.56444, 1.55695, 1.56329]",
RandomWalk,89053,300,1,10,1,1.173,,,,,,,,,,,,,0.25419,0.33309,3.70733,6.33804,8.27507,0.25419,0.29413,2.04238,3.88924,5.80272,19.79286,23.3298,38.7096,47.17526,55.68265,"[1.53845, 1.53845, 1.53845, 1.53845, 1.53845, 1.53845, 1.53845, 1.53845, 1.53845, 1.53845, 1.53845, 1.53845, 1.53845, 1.53845, 1.53845, 1.53845, 1.53845, 1.53845, 1.53845, 1.53845]",
LSTM,89053,300,1,10,1,574.783,,,,,,,,,,,,,0.30678,1.98733,3.15545,3.72663,4.44217,0.30678,1.55133,2.65508,3.16708,3.83655,23.88766,115.0548,123.94232,109.7793,96.48107,"[1.59104, 2.05178, 2.73278, 3.76443, 5.10369, 6.53851, 7.66784, 8.39848, 8.71958, 9.02622, 9.52185, 8.34801, 8.64904, 8.68368, 8.10932, 9.07122, 8.54769, 7.99887, 7.95641, 7.39388]",
Alg_c,89053,300,1,10,1,0,2.75997,2.75997,0.89506,0.68056,0.59375,0.72312,0.80027,0.7109,0.60417,0.60274,0.63927,0.63801,,,,,,,,,,,,,,,,,"[0.56456, 0.34491, 0.15225, 0.09977, 0.0, 0.20616, 0.0, 0.17302, 0.0, 0.54104, 0.0, 0.25512, 0.6549, 0.0, 0.0, 0.38147, 0.0, 0.0105, 0.71375, 0.0, 0.34483, 0.0, 0.26805, 0.41948, 0.55558, 0.0, 0.31384, 0.54889, 0.38146, 0.04836, 0.61871, 0.49484, 0.19898, 0.78852, 0.03915, 0.14873, 0.53109, 0.28518, 0.58723, 0.0, 0.31878, 0.42906, 0.0, 0.5383, 0.28573, 0.0042, 0.13556, 0.64864, 0.55338, 0.84364, 0.60978, 0.48195, 0.53876, 0.56097, 0.23726, 0.61526, 1.10381, 0.02987, 0.45391, 1.24284, 0.0, 0.99992, 0.52985, 0.6095, 0.68072, 0.56023, 0.68662, 0.86746, 0.64766, 0.35854, 0.4239, 0.34693, 0.82639, 0.61427, 0.75139, 0.77317, 0.75712, 1.60055, 0.73306, 0.95991, 1.0233, 0.76872, 1.03556, 0.84594, 0.48002, 0.88123, 0.90327, 0.89186, 1.00101, 0.64829, 0.9886, 0.72541, 0.94828, 0.84586, 1.17157, 1.19166, 0.661, 0.86716, 1.07249, 0.96458, 0.55256, 1.11785, 1.28349, 0.79185, 1.59827, 0.73055, 1.25145, 0.84561, 1.04513, 1.61109, 1.09076, 1.04423, 0.91361, 0.65356, 2.1384, 0.22444, 1.425, 1.33448, 0.83909, 0.89867, 1.06487, 1.28667, 1.32851, 1.75325, 0.74099, 0.69072, 1.49252, 1.02857, 1.53129, 1.04779, 1.25399, 1.14115, 1.19564, 1.21476, 1.37241, 1.22502, 1.59875, 1.56733, 1.264, 1.42788, 1.124, 1.6545, 1.05448, 1.61707, 1.33135, 1.39751, 1.1149, 1.1947, 3.50093, NaN, NaN, 46.4004, NaN, 1.75822, 2.48265, 0.28381, 2.12367, 6.14295, NaN, 1.71637, 0.57453, 2.32535, 0.81439, 2.35665, 0.45139, 1.80404, 2.10157, 1.24623, 2.31984, 1.07727, 2.01294, 1.79051, 1.65616, 1.78979, 2.294, 1.40738, 1.93138, 2.13097, 1.93488, 1.89107, 1.60564, 1.81688, 2.15502, 1.65768, 1.60734, 1.81983, 1.97629, 1.86437, 1.7849, 1.9498, 1.73095, 1.95182, 1.99446, 2.3947, 1.86042, 2.19735, 1.72541, 2.2024, 1.55942, 1.60051, 1.70707, 2.3563, 2.26273, 1.90179, 2.26945, 2.59605, 1.92485, 2.48395, 2.09808, 2.35018, 1.77738, 2.25969, 2.2779, 2.19876, 1.94793, 2.26165, 1.88068, 2.15451, 2.23813, 1.90745, 2.33375, 1.87973, 1.97344, 2.54902, 2.33923, 1.72608, 2.67309, 2.26197, 2.23237, 2.29717, 2.50575, 2.31008, 2.76291, 1.99686, 3.44622, 0.0, 1.00551, 2.02696, 2.29042, 3.26979, 0.0, 2.08958, 2.58162, 3.39427, 3.15502, 0.0, 1.95746, 2.328, 1.28429, 2.67665, 2.34086, 3.86652, 0.0, 3.93504, NaN, 0.42046, 3.35118, 0.0, 3.18877, 7.3333, NaN, 0.0, 2.19451, 1.61267, 3.45644, 5.19046, 0.0, 2.37537, 2.05487, 4.21869, 2.92214, 0.0, 3.80562, 0.0, 0.84437, 3.35272, 0.53686, 2.6999, 3.18117, 3.74142, 4.10597, 0.0, 2.4981, 2.01604, 1.88129, 3.29085, 1.84323, 0.0, 3.30109, 4.19699, 0.0, 1.07149, 2.81413, 3.32853, 4.74114, 0.0, 2.64282, 3.33981, 2.43429]"
UDE-NN,60590,300,1,10,1,223.002,0.06131,1.6027,0.9916,0.91463,0.85714,0.92112,0.95257,0.75,0.16993,0.5035,0.47448,0.49461,0.0128,0.0858,0.09397,0.09625,0.09429,0.0128,0.0675,0.07664,0.08137,0.08158,18.77928,2.58E+10,1.29E+10,1.07E+10,8.60E+09,"[0.08099, 0.09366, 0.10625, 0.11816, 0.12895, 0.13844, 0.14666, 0.15378, 0.16004, 0.16563, 0.17072, 0.17543, 0.17984, 0.184, 0.18793, 0.19167, 0.19524, 0.19863, 0.20187, 0.20496]","[0.07103, 0.06116, 0.06473, 0.07154, 0.10092, 0.11861, 0.16482, 0.15084, 0.17702, 0.21257, 0.22932, 0.2382, 0.13066, 0.13772, 0.16704, 0.1462, 0.10959, 0.15745, 0.16704, 0.1528, 0.15874, 0.2089, 0.23501, 0.26802, 0.24821, 0.276, 0.3343, 0.36117, 0.35119, 0.31489, 0.28858, 0.3177, 0.31026, 0.27998, 0.29394, 0.37833, 0.43292, 0.4301, 0.40158, 0.40834, 0.37204, 0.43168, 0.40409, 0.38375, 0.38857, 0.41909, 0.51836, 0.46209, 0.49773, 0.51549, 0.52135, 0.47618, 0.54278, 0.52428, 0.52717, 0.58615, 0.59083, 0.58597, 0.60363, 0.65118, 0.66358, 0.70705, 0.71666, 0.67937, 0.67308, 0.6992, 0.68759, 0.65926, 0.70562, 0.7358, 0.76024, 0.73477, 0.75778, 0.72902, 0.73206, 0.70407, 0.72821, 0.78036, 0.83705, 0.84601, 0.80867, 0.77763, 0.8107, 0.82094, 0.80543, 0.82983, 0.86221, 0.88951, 0.91198, 0.92107, 0.95275, 0.97398, 0.93542, 0.90768, 0.89312, 0.9212, 0.96455, 0.95334, 1.00682, 0.98887, 1.0184, 0.96174, 0.96343, 0.95621, 1.04497, 1.08824, 1.12495, 1.13814, 1.1091, 1.09878, 1.12204, 1.17449, 1.19624, 1.18265, 1.14464, 1.10333, 1.06626, 1.13766, 1.15925, 1.19635, 1.18087, 1.19668, 1.2355, 1.20469, 1.27292, 1.23954, 1.26346, 1.35499, 1.30723, 1.31926, 1.37722, 1.46003, 1.4698, 1.4288, 1.42245, 1.45035, 1.45159, 1.48407, 1.41476, 1.4244, 1.41047, 1.40575, 1.47804, 1.52481, 1.4992, 1.48809, 1.47563, 1.41703, 1.4475, 1.52463, 1.53507, 1.56129, 1.57669, 1.58798, 1.56735, 1.57196, 1.5878, 1.59602, 1.57238, 1.60925, 1.63357, 1.65571, 1.67835, 1.70838, 1.71177, 1.63589, 1.65518, 1.70794, 1.79508, 1.7639, 1.73323, 1.70943, 1.73179, 1.781, 1.77507, 1.77228, 1.76773, 1.76806, 1.76722, 1.77345, 1.7848, 1.81002, 1.84324, 1.88072, 1.90912, 1.93234, 1.95652, 1.98588, 2.0252, 2.03232, 2.03716, 2.05124, 2.05722, 2.06288, 2.06604, 2.06946, 2.07184, 2.07112, 2.06547, 2.05905, 2.04881, 2.03811, 2.03425, 2.05426, 2.07326, 2.09409, 2.11197, 2.12815, 2.13139, 2.13403, 2.12984, 2.12673, 2.12257, 2.12277, 2.1258, 2.12366, 2.12531, 2.14389, 2.16395, 2.179, 2.19167, 2.20127, 2.21176, 2.22512, 2.24005, 2.25501, 2.25927, 2.27463, 2.28352, 2.29369, 2.29334, 2.29816, 2.31739, 2.31882, 2.31181, 2.30503, 2.35185, 2.37054, 2.35288, 2.33805, 2.34399, 2.35887, 2.35759, 2.37741, 2.42661, 2.4394, 2.45279, 2.46672, 2.49922, 2.49141, 2.52565, 2.56253, 2.57453, 2.56568, 2.57808, 2.59374, 2.61112, 2.61116, 2.61154, 2.60397, 2.58945, 2.56965, 2.56823, 2.57354, 2.58244, 2.5861, 2.58396, 2.59606, 2.60044, 2.60727, 2.60742, 2.62094, 2.64113, 2.66549, 2.69908, 2.73407, 2.76887, 2.79847, 2.82643, 2.85126, 2.87637, 2.89871, 2.91858, 2.93442, 2.95015, 2.96593, 2.98205, 2.99977, 3.01799, 3.03307, 3.04785, 3.0605, 3.07228, 3.08381, 3.09527, 3.1061, 3.11771, 3.12863, 3.13935, 3.14957]"
GP,60590,300,1,10,1,1299.611,0.70202,1.6027,0.74633,0,0,0.24878,0.4443,0.48837,0,0,0.16279,0.15778,0.02233,0.12055,0.17063,0.19578,0.29979,0.02233,0.09128,0.14102,0.16549,0.24021,32.7451,4.87E+10,2.44E+10,2.03E+10,1.62E+10,"[0.09051, 0.11844, 0.15343, 0.19552, 0.2437, 0.29587, 0.34936, 0.40182, 0.45188, 0.4992, 0.54421, 0.58771, 0.63061, 0.67382, 0.71823, 0.76469, 0.81412, 0.86754, 0.92613, 0.99138]","[0.02107, 0.03699, 0.05283, 0.0686, 0.08306, 0.09784, 0.11211, 0.12643, 0.14114, 0.15522, 0.16954, 0.18373, 0.19738, 0.21055, 0.22372, 0.2353, 0.24506, 0.25394, 0.2617, 0.26918, 0.27702, 0.2841, 0.29145, 0.29903, 0.3073, 0.31403, 0.32032, 0.32639, 0.33174, 0.33689, 0.34286, 0.34962, 0.35757, 0.36591, 0.37428, 0.3837, 0.39448, 0.40721, 0.42006, 0.43263, 0.44522, 0.45774, 0.47044, 0.4827, 0.49662, 0.51142, 0.52609, 0.54025, 0.55282, 0.56478, 0.5763, 0.58858, 0.59969, 0.61062, 0.62118, 0.63268, 0.64453, 0.65595, 0.66856, 0.68191, 0.69439, 0.70691, 0.71877, 0.73064, 0.74322, 0.75528, 0.767, 0.77751, 0.78818, 0.79968, 0.80886, 0.81663, 0.82341, 0.82866, 0.83258, 0.8363, 0.83957, 0.84251, 0.84551, 0.84818, 0.85062, 0.85334, 0.85601, 0.85893, 0.86226, 0.86511, 0.86751, 0.86966, 0.87108, 0.8711, 0.87078, 0.87023, 0.86989, 0.86962, 0.87007, 0.87174, 0.87527, 0.88117, 0.88773, 0.89514, 0.9016, 0.90812, 0.91518, 0.92308, 0.93101, 0.93911, 0.94645, 0.95289, 0.95881, 0.96384, 0.9691, 0.97441, 0.98009, 0.98631, 0.99369, 1.00341, 1.01434, 1.02662, 1.03944, 1.05283, 1.06604, 1.07802, 1.0893, 1.09959, 1.10985, 1.12188, 1.13496, 1.1494, 1.16479, 1.18023, 1.19598, 1.2123, 1.22883, 1.24539, 1.26179, 1.27841, 1.29519, 1.31187, 1.32858, 1.34511, 1.36158, 1.37824, 1.39485, 1.4108, 1.42661, 1.44239, 1.45792, 1.47257, 1.48668, 1.50109, 1.51369, 1.52464, 1.5334, 1.54277, 1.55376, 1.56454, 1.57399, 1.58383, 1.59416, 1.6047, 1.61581, 1.62733, 1.63936, 1.65125, 1.66318, 1.67422, 1.68456, 1.69539, 1.70512, 1.71383, 1.72007, 1.72408, 1.72654, 1.72702, 1.72538, 1.72171, 1.7171, 1.71229, 1.70763, 1.70304, 1.69866, 1.694, 1.68936, 1.68461, 1.67963, 1.67435, 1.66888, 1.66358, 1.65857, 1.65388, 1.64851, 1.64313, 1.63844, 1.63344, 1.62831, 1.62307, 1.61784, 1.61259, 1.60735, 1.60207, 1.59705, 1.59226, 1.58777, 1.5835, 1.57947, 1.57499, 1.57044, 1.56572, 1.56085, 1.55564, 1.55051, 1.54531, 1.54029, 1.53535, 1.53059, 1.52581, 1.5209, 1.51611, 1.5116, 1.50682, 1.50166, 1.49641, 1.49106, 1.48594, 1.48097, 1.47596, 1.47098, 1.46604, 1.46152, 1.45685, 1.4523, 1.44773, 1.44328, 1.43919, 1.43508, 1.431, 1.42697, 1.42341, 1.41979, 1.41594, 1.41209, 1.40843, 1.40473, 1.4007, 1.39686, 1.39303, 1.38887, 1.38478, 1.38057, 1.3765, 1.37225, 1.36852, 1.3646, 1.36037, 1.35607, 1.35204, 1.34811, 1.34402, 1.33956, 1.33517, 1.33068, 1.32625, 1.3219, 1.31767, 1.31324, 1.30859, 1.30358, 1.29847, 1.29395, 1.28927, 1.28454, 1.27981, 1.27529, 1.27078, 1.26621, 1.26155, 1.25672, 1.25176, 1.24675, 1.2418, 1.23682, 1.23173, 1.22656, 1.22132, 1.21593, 1.21054, 1.20511, 1.19966, 1.19428, 1.18884, 1.18321, 1.17762, 1.1719, 1.16609, 1.1603, 1.15468, 1.14903, 1.14359, 1.13806, 1.13249]"
ARIMA,60590,300,1,10,1,20.472,,,,,,,,,,,,,0.01034,0.09833,0.16076,0.18086,0.17301,0.01034,0.06474,0.12446,0.14679,0.14083,15.15775,6.49E+09,3.25E+09,2.71E+09,2.16E+09,"[0.05785, 0.04913, 0.04224, 0.03678, 0.03247, 0.02906, 0.02636, 0.02422, 0.02253, 0.0212, 0.02014, 0.01931, 0.01864, 0.01812, 0.01771, 0.01738, 0.01712, 0.01692, 0.01676, 0.01663]",
RandomWalk,60590,300,1,10,1,1.204,,,,,,,,,,,,,0.00069,0.08746,0.13248,0.14824,0.13957,0.00069,0.0623,0.10114,0.11916,0.10858,1.00734,1.38E+10,6.89E+09,5.74E+09,4.59E+09,"[0.06887, 0.06887, 0.06887, 0.06887, 0.06887, 0.06887, 0.06887, 0.06887, 0.06887, 0.06887, 0.06887, 0.06887, 0.06887, 0.06887, 0.06887, 0.06887, 0.06887, 0.06887, 0.06887, 0.06887]",
LSTM,60590,300,1,10,1,449.141,,,,,,,,,,,,,0.16694,0.21456,0.19401,0.18181,0.1994,0.16694,0.19681,0.17283,0.1605,0.17801,244.83619,6.40E+10,3.20E+10,2.67E+10,2.13E+10,"[0.23513, 0.27591, 0.29162, 0.30748, 0.32017, 0.33554, 0.34624, 0.36117, 0.37028, 0.37534, 0.37558, 0.37827, 0.38122, 0.38343, 0.38506, 0.3861, 0.38673, 0.38707, 0.38748, 0.38795]",
Alg_c,60590,300,1,10,1,0,1.6027,1.6027,0.93443,0.44444,0.53488,0.63792,0.76309,0.70886,0.1165,0.67123,0.49887,0.53357,,,,,,,,,,,,,,,,,"[0.11204, 0.03298, 0.06083, 0.02372, 0.1327, 0.04157, 0.30285, 0.06421, 0.16306, 0.25233, 0.21516, 0.51556, 0.0, 0.09421, 0.27387, 0.19711, 0.0, 0.2857, 0.21438, 0.12005, 0.03992, 0.30618, 0.17399, 0.42746, 0.11086, 0.20573, 0.40962, 0.41712, 0.40648, 0.30928, 0.11293, 0.43691, 0.37662, 0.19421, 0.1231, 0.47942, 0.54026, 0.48001, 0.29794, 0.55214, 0.11379, 0.65606, 0.3456, 0.33542, 0.34781, 0.26125, 0.87698, 0.20307, 0.56557, 0.51832, 0.67859, 0.15501, 0.8038, 0.44603, 0.38512, 0.72511, 0.5922, 0.53754, 0.53111, 0.75289, 0.56725, 0.77379, 0.82086, 0.60691, 0.59879, 0.78548, 0.75193, 0.45995, 0.75943, 0.70872, 0.91642, 0.53549, 0.97272, 0.54209, 0.91823, 0.52725, 0.69237, 0.73958, 0.95605, 0.97348, 0.80698, 0.51596, 0.9474, 0.92732, 0.64634, 0.84133, 0.88462, 0.88191, 1.00864, 0.75761, 0.94085, 1.30588, 0.7747, 0.93192, 0.73508, 0.86324, 1.21671, 0.64642, 1.28968, 0.69939, 1.38255, 0.69725, 1.10869, 0.65259, 1.22717, 1.05116, 1.15119, 1.26145, 1.03806, 1.0391, 1.03132, 1.26411, 1.25489, 1.21932, 1.13756, 1.14688, 0.7878, 1.31254, 1.08807, 1.33052, 1.09523, 1.11197, 1.50793, 0.80638, 1.62143, 1.0689, 1.10375, 1.67787, 1.15478, 1.23966, 1.32984, 1.60928, 1.57716, 1.3536, 1.35581, 1.49756, 1.39858, 1.68643, 1.25149, 1.47644, 1.37894, 1.24231, 1.52591, 1.67266, 1.45751, 1.47951, 1.60863, 1.2077, 1.34013, 1.6972, 1.45774, 1.60161, 1.55974, 1.67801, 1.49851, 1.55408, 1.59466, 1.71781, 1.38069, 1.68211, 1.63069, 1.65942, 1.64578, 1.72585, 1.96424, 1.33929, 1.65342, 1.56208, 2.12358, 1.66952, 1.76314, 1.57992, 1.60275, 2.12415, 1.63284, 1.99232, 1.05644, 2.04916, 1.25289, 1.73885, 0.8796, 1.52743, 1.36097, 2.74371, 5.15777, 0.0, 0.0, 0.20894, 3.29963, 19.28196, 0.0, 2.50128, 1.71474, 2.9483, 1.49473, 2.10277, 2.57647, 3.69021, 1.10779, 2.66147, 2.04345, 1.86024, 1.11208, 2.18171, 1.89423, 2.29287, 1.92548, 3.67049, 0.0, 3.77548, 0.0, 2.67565, 1.22888, 1.83171, 2.82892, 1.3413, 0.0, 2.10906, 2.67794, 2.72402, 4.35708, 0.0, 1.31569, 2.16683, 1.80222, 4.04002, 0.0, 2.62482, 1.88514, 2.89719, 1.93559, 1.57928, 2.73257, 2.42867, 2.63404, 0.43001, 2.8338, 2.80773, 2.22703, 1.94115, 2.25438, 2.73791, 1.70566, 1.8145, 3.07161, 2.15675, 2.55492, 1.63337, 3.45228, 0.0, 2.63093, 2.86285, 3.1664, 1.54426, 2.65383, 2.52551, 2.99016, 2.38321, 2.80206, 2.84216, 2.92317, 1.30251, 2.38388, 2.3321, 2.90336, 5.71966, 0.0, 2.91007, 2.17095, 3.4333, 0.0, 2.43239, 2.5109, 1.97005, 2.66507, 2.70941, 3.33273, 2.91271, 3.19442, 2.71455, 3.42974, 3.45172, 5.01999, 1.85066, 3.40647, 3.85382, 0.0, 2.45974, 6.33794, 0.0, 5.75418, 18.48026, NaN, 0.0, 7.38131, 0.0, 3.96118, 1.54898, 5.9323]"
UDE-NN,86366,300,1,10,1,209.542,0.14613,1.18466,0.96848,0.83562,0.86316,0.88909,0.91781,0.7931,0.56604,0.83721,0.73212,0.72461,0.04564,0.2721,0.24131,0.2447,0.21927,0.04564,0.19698,0.19655,0.20706,0.17073,34.48809,57.07208,2.74E+10,2.28E+10,1.82E+10,"[0.17796, 0.22978, 0.25948, 0.27007, 0.27279, 0.2734, 0.2735, 0.27347, 0.27339, 0.27327, 0.27313, 0.27296, 0.27276, 0.27253, 0.27228, 0.27201, 0.27172, 0.27141, 0.27107, 0.27072]","[-0.00998, 0.08032, 0.02196, 0.02573, 0.05622, 0.06102, 0.11273, 0.14431, 0.10155, 0.11822, 0.11891, 0.06675, -0.07667, -0.06357, -0.04056, 0.0084, 0.0326, -0.03388, 0.04547, 0.18082, 0.29194, 0.3139, 0.28565, 0.21463, 0.24078, 0.3547, 0.24028, 0.13821, 0.06137, 0.08048, 0.03428, 0.05452, 0.11157, 0.3371, 0.40452, 0.43826, 0.34115, 0.31644, 0.26387, 0.24975, 0.23267, 0.36587, 0.43104, 0.43142, 0.44843, 0.50901, 0.43595, 0.42109, 0.55084, 0.48966, 0.50294, 0.34059, 0.23855, 0.22216, 0.27525, 0.30123, 0.37239, 0.50004, 0.58648, 0.53939, 0.50501, 0.63979, 0.50793, 0.45645, 0.51404, 0.54628, 0.54009, 0.64593, 0.61313, 0.562, 0.49512, 0.58247, 0.7354, 0.67952, 0.62332, 0.66762, 0.70112, 0.70899, 0.80157, 0.85776, 0.84171, 0.85849, 0.77808, 0.74009, 0.69318, 0.62622, 0.61239, 0.69392, 0.64499, 0.66849, 0.81425, 0.97955, 1.13017, 1.02918, 1.08506, 1.09102, 0.95486, 0.98116, 0.89414, 0.88296, 0.95969, 1.1013, 1.0221, 1.07687, 1.26911, 1.25218, 1.15254, 1.05063, 1.07294, 1.17642, 1.21426, 1.16074, 1.2927, 1.34043, 1.21461, 1.26365, 1.20257, 1.18164, 1.12909, 1.1837, 1.14408, 1.10073, 1.03962, 1.05991, 1.17398, 1.08242, 1.11567, 1.16433, 1.10118, 1.00332, 1.08264, 1.12981, 1.08653, 1.16511, 1.28623, 1.36016, 1.36613, 1.35128, 1.3051, 1.36871, 1.42676, 1.45472, 1.49284, 1.41996, 1.45557, 1.42953, 1.46691, 1.56615, 1.49967, 1.51715, 1.52044, 1.60647, 1.62416, 1.55403, 1.49166, 1.56536, 1.71037, 1.69166, 1.58383, 1.58133, 1.61747, 1.64406, 1.59308, 1.5747, 1.59407, 1.58403, 1.65039, 1.66859, 1.63098, 1.66058, 1.7377, 1.73332, 1.777, 1.92936, 1.93962, 1.90522, 1.93109, 1.80261, 1.63055, 1.61627, 1.63492, 1.66711, 1.63548, 1.70989, 1.76209, 1.81873, 1.85357, 1.96258, 1.92789, 1.89752, 1.96164, 1.95095, 1.944, 2.05046, 1.9367, 1.86407, 1.89672, 1.95568, 2.01615, 2.00836, 2.02092, 2.05072, 1.97905, 2.01097, 2.0707, 2.04554, 2.05723, 2.04601, 2.03184, 2.00969, 2.04494, 2.0635, 2.06075, 2.04278, 2.03794, 2.02577, 2.00788, 2.00929, 2.01276, 2.02765, 2.07177, 2.09573, 2.11165, 2.12603, 2.16315, 2.25826, 2.28077, 2.34533, 2.40165, 2.42076, 2.43504, 2.44863, 2.48537, 2.54197, 2.492, 2.44143, 2.40361, 2.39399, 2.37555, 2.38854, 2.41196, 2.45537, 2.4644, 2.47716, 2.53211, 2.5628, 2.61647, 2.61002, 2.61984, 2.64742, 2.65095, 2.67088, 2.69568, 2.74835, 2.77109, 2.81641, 2.83649, 2.86924, 2.8894, 2.9097, 2.93316, 2.90756, 2.87484, 2.85014, 2.84997, 2.79946, 2.74654, 2.71602, 2.68888, 2.6434, 2.65695, 2.70329, 2.76674, 2.76644, 2.76395, 2.84333, 2.91528, 2.94168, 2.95207, 2.97992, 3.02546, 3.06318, 3.02157, 2.9915, 2.98176, 2.97236, 3.00726, 3.09296, 3.20636, 3.23692, 3.25872, 3.27977, 3.30122, 3.32097, 3.34685, 3.36372, 3.37881, 3.3974, 3.41892, 3.43026]"
GP,86366,300,1,10,1,1298.295,0.03961,1.18466,0.9971,0.96341,0.93506,0.96519,0.97922,0.7931,0.50847,0.64865,0.65008,0.64962,0.05277,0.25297,0.22969,0.22595,0.20519,0.05277,0.19342,0.18918,0.19174,0.16871,39.87911,63.39434,3.28E+10,2.74E+10,2.19E+10,"[0.18509, 0.25141, 0.29761, 0.31869, 0.3257, 0.32771, 0.32825, 0.32838, 0.32837, 0.32829, 0.32818, 0.32802, 0.32783, 0.3276, 0.32735, 0.32707, 0.32675, 0.32641, 0.32605, 0.32566]","[-0.0722, -0.06186, -0.05152, -0.0412, -0.03079, -0.0204, -0.00985, 0.0005, 0.01087, 0.02116, 0.03145, 0.04172, 0.05202, 0.06233, 0.07275, 0.08319, 0.09364, 0.10411, 0.11458, 0.12515, 0.1358, 0.14641, 0.157, 0.16755, 0.17813, 0.18862, 0.19916, 0.20963, 0.22013, 0.2306, 0.24114, 0.25182, 0.26242, 0.27302, 0.28349, 0.29394, 0.30442, 0.31489, 0.32544, 0.33596, 0.34648, 0.35703, 0.36759, 0.37818, 0.38875, 0.3993, 0.40974, 0.42028, 0.43068, 0.44113, 0.45159, 0.46212, 0.47252, 0.48304, 0.49338, 0.50369, 0.51405, 0.52435, 0.53463, 0.54496, 0.5553, 0.56566, 0.57596, 0.58622, 0.59656, 0.60685, 0.6173, 0.62776, 0.63814, 0.64848, 0.65875, 0.66897, 0.6793, 0.68964, 0.69998, 0.71042, 0.72086, 0.73131, 0.74183, 0.75226, 0.76279, 0.77331, 0.78387, 0.79432, 0.80489, 0.81542, 0.82586, 0.8363, 0.84678, 0.85719, 0.86765, 0.87819, 0.88859, 0.89892, 0.90912, 0.91944, 0.92976, 0.94008, 0.95045, 0.96083, 0.97138, 0.9819, 0.9925, 1.00308, 1.01369, 1.02449, 1.03525, 1.04598, 1.05667, 1.06733, 1.07789, 1.08835, 1.09882, 1.10946, 1.12019, 1.13119, 1.14201, 1.15274, 1.16354, 1.17412, 1.18467, 1.19522, 1.20582, 1.21644, 1.22714, 1.23777, 1.24848, 1.2593, 1.27, 1.28071, 1.2915, 1.30221, 1.31298, 1.32363, 1.33424, 1.34477, 1.35531, 1.36566, 1.37616, 1.38687, 1.39759, 1.40812, 1.41856, 1.42912, 1.43957, 1.45009, 1.46048, 1.47086, 1.48116, 1.49148, 1.50167, 1.51176, 1.52184, 1.53187, 1.54175, 1.55161, 1.56147, 1.57134, 1.58116, 1.59094, 1.60068, 1.61038, 1.62004, 1.62967, 1.63929, 1.64893, 1.65859, 1.66827, 1.67793, 1.6876, 1.69731, 1.70706, 1.71684, 1.72667, 1.73654, 1.74641, 1.75624, 1.76612, 1.77596, 1.78581, 1.79575, 1.80573, 1.81569, 1.82557, 1.83547, 1.84539, 1.85542, 1.86551, 1.87567, 1.88582, 1.89588, 1.90598, 1.91608, 1.9262, 1.93636, 1.94646, 1.95661, 1.96677, 1.97682, 1.9868, 1.99665, 2.00642, 2.01616, 2.02585, 2.0355, 2.04509, 2.05462, 2.06411, 2.07357, 2.08301, 2.09243, 2.10184, 2.11124, 2.12063, 2.13002, 2.13942, 2.14881, 2.1582, 2.1676, 2.177, 2.1864, 2.19581, 2.20521, 2.2146, 2.224, 2.2334, 2.24282, 2.25222, 2.26164, 2.27104, 2.28043, 2.28982, 2.29921, 2.30861, 2.31803, 2.32741, 2.3368, 2.3462, 2.3556, 2.365, 2.37442, 2.38384, 2.39327, 2.40269, 2.41212, 2.42154, 2.43096, 2.44037, 2.44977, 2.45918, 2.4686, 2.47801, 2.48742, 2.49683, 2.50625, 2.51564, 2.52504, 2.53442, 2.54381, 2.55319, 2.56258, 2.57197, 2.58135, 2.59072, 2.60011, 2.60952, 2.61889, 2.62827, 2.63767, 2.64707, 2.65645, 2.66588, 2.67529, 2.68469, 2.69408, 2.70348, 2.71292, 2.72235, 2.73177, 2.74118, 2.7506, 2.76002, 2.76944, 2.77885, 2.78827, 2.7977, 2.80712, 2.81654, 2.82596, 2.83537, 2.84474, 2.85409, 2.86344, 2.8728, 2.88217, 2.89155, 2.90093, 2.91031, 2.91969, 2.92907]"
ARIMA,86366,300,1,10,1,19.382,,,,,,,,,,,,,0.03366,0.32903,0.29305,0.30813,0.2788,0.03366,0.23388,0.22641,0.25094,0.21914,25.43891,51.28727,1.59E+10,1.33E+10,1.06E+10,"[0.16598, 0.15785, 0.15929, 0.15904, 0.15908, 0.15907, 0.15908, 0.15908, 0.15908, 0.15908, 0.15908, 0.15908, 0.15908, 0.15908, 0.15908, 0.15908, 0.15908, 0.15908, 0.15908, 0.15908]",
RandomWalk,86366,300,1,10,1,1.169,,,,,,,,,,,,,0.01216,0.35409,0.31782,0.33563,0.30599,0.01216,0.24486,0.2406,0.26925,0.24157,9.19103,46.4506,1.20E+10,1.00E+10,8.01E+09,"[0.12016, 0.12016, 0.12016, 0.12016, 0.12016, 0.12016, 0.12016, 0.12016, 0.12016, 0.12016, 0.12016, 0.12016, 0.12016, 0.12016, 0.12016, 0.12016, 0.12016, 0.12016, 0.12016, 0.12016]",
LSTM,86366,300,1,10,1,486.325,,,,,,,,,,,,,0.26315,0.25677,0.2766,0.25417,0.28443,0.26315,0.22695,0.23202,0.20476,0.24021,198.87083,121.28802,5.18E+10,4.31E+10,3.45E+10,"[0.39547, 0.4438, 0.45973, 0.45871, 0.4782, 0.50506, 0.51779, 0.53714, 0.57662, 0.5911, 0.59511, 0.60714, 0.62123, 0.63362, 0.64429, 0.65463, 0.66391, 0.6706, 0.6771, 0.68464]",
Alg_c,86366,300,1,10,1,0,1.18466,1.18466,0.89086,0.56934,0.66667,0.70896,0.7735,0.75833,0.53595,0.73786,0.67738,0.66966,,,,,,,,,,,,,,,,,"[0.0, 0.38831, 0.0, 0.0, 0.09278, 0.0, 0.16095, 0.30172, 0.0, 0.14669, 0.21961, 0.26704, 0.0, 0.0, 0.0, 0.06796, 0.20761, 0.0, 0.0, 0.23692, 0.49943, 0.44947, 0.35053, 0.01119, 0.09757, 0.80767, 0.22885, 0.07572, 0.0, 0.17393, 0.0, 0.0, 0.0, 0.63567, 0.49344, 0.70656, 0.20401, 0.35113, 0.1901, 0.21582, 0.0, 0.49132, 0.57786, 0.39879, 0.34538, 0.76548, 0.3501, 0.13781, 0.92605, 0.38477, 0.8558, 0.16957, 0.02963, 0.07538, 0.33263, 0.21204, 0.25077, 0.58629, 0.85764, 0.49134, 0.14179, 1.21079, 0.26582, 0.2232, 0.59834, 0.60834, 0.32162, 0.92252, 0.64805, 0.63575, 0.16667, 0.44131, 1.16581, 0.63737, 0.41923, 0.68363, 0.73389, 0.5363, 0.89016, 1.00712, 0.80439, 1.05526, 0.68799, 0.7529, 0.73351, 0.5142, 0.43505, 0.94686, 0.49343, 0.41243, 0.73551, 1.00516, 1.70205, 0.57528, 1.18683, 1.40473, 0.58195, 1.23741, 0.69527, 0.68125, 0.86224, 1.52184, 0.76935, 0.87415, 1.69892, 1.49866, 1.145, 0.75825, 0.86623, 1.29674, 1.42175, 0.78315, 1.44895, 1.56882, 0.9476, 1.41515, 1.16556, 1.20896, 0.92395, 1.36358, 1.16384, 1.12262, 0.83948, 0.85533, 1.54969, 0.86029, 1.04021, 1.40366, 1.11828, 0.63109, 1.13919, 1.31272, 0.84386, 1.0443, 1.39532, 1.50917, 1.38871, 1.37925, 1.08568, 1.33549, 1.49091, 1.45253, 1.72695, 1.20331, 1.56487, 1.29614, 1.30506, 1.92534, 1.32042, 1.5981, 1.30178, 1.7639, 1.79931, 1.57264, 1.18664, 1.35975, 2.11143, 1.89275, 1.24561, 1.5519, 1.59778, 1.95104, 1.40774, 1.42549, 1.86981, 1.18542, 1.83564, 1.91004, 1.34768, 1.47526, 2.12629, 1.57966, 1.37568, 2.38532, 2.00762, 1.55583, 2.34906, 1.94233, 1.12185, 1.65376, 1.58952, 1.90874, 1.27194, 1.8521, 1.71414, 1.91752, 1.60594, 2.31379, 1.92844, 1.6368, 2.17861, 1.95765, 1.60274, 2.59491, 1.75289, 1.65392, 1.86549, 1.93446, 2.18821, 1.92047, 1.88637, 2.49715, 1.55185, 1.92381, 2.50171, 1.67058, 2.26397, 2.00166, 2.25847, 0.9924, 2.35662, 2.50568, 2.90948, 0.16744, 2.3332, 2.36731, 0.95165, 2.15632, 1.86658, 1.10265, 2.50328, 2.24148, 2.29957, 1.54141, 0.56041, 3.48734, 0.0, 2.53624, 3.19025, 2.35841, 2.7501, 0.96474, 1.85754, 3.9828, 0.0, 1.84511, 1.55254, 2.88784, 1.10384, 2.501, 1.98124, 2.98254, 2.41289, 1.84281, 3.01278, 1.72168, 3.62461, 0.09858, 2.26038, 3.15132, 2.13475, 2.73896, 2.02373, 3.36833, 0.76946, 3.66858, 0.0, 3.30532, 2.69394, 2.32631, 4.38303, 5.14368, 0.0, 1.74649, 3.90425, 2.03346, 0.0, 2.7351, 3.97236, 0.0, 2.79394, 2.25609, 3.96935, 3.33173, 0.0, 3.33557, 3.33836, 3.22893, 2.45554, 2.75213, 2.91071, 4.1387, 2.13516, 2.70196, 3.15313, 2.23457, 2.50194, 2.78287, 4.1678, 18.69462, NaN, 0.0, 8.52299, NaN, 3.61722, 3.90189, 2.57418, 3.11964, 4.88081]"
UDE-NN,29623,300,1,10,1,211.028,0.24669,4.92134,0.96317,0.71875,0,0.56064,0.76166,0.70742,0.41593,0,0.37445,0.40276,0.33673,0.19121,0.18979,0.18956,0.21896,0.33673,0.15381,0.15664,0.16048,0.18866,3.37E+11,6.73E+10,3.37E+10,2.81E+10,4.61E+10,"[0.33673, 0.30637, 0.29767, 0.29715, 0.30031, 0.3052, 0.31086, 0.31679, 0.32276, 0.32862, 0.33431, 0.33981, 0.34511, 0.35019, 0.35508, 0.35976, 0.36424, 0.36853, 0.37264, 0.37656]","[0.03001, 0.06747, 0.00129, -0.00347, 0.03976, 0.02922, -0.03725, -0.12348, -0.11176, -0.02073, -0.08711, 0.02405, 0.11679, 0.1767, 0.14891, 0.22197, 0.16104, 0.17068, 0.21257, 0.2212, 0.12345, 0.06647, 0.14599, 0.17422, 0.25437, 0.39878, 0.39652, 0.35861, 0.30994, 0.37447, 0.34432, 0.38256, 0.29501, 0.24955, 0.23563, 0.25711, 0.31233, 0.36001, 0.41141, 0.4305, 0.38913, 0.28318, 0.22363, 0.34318, 0.33617, 0.31265, 0.31504, 0.50063, 0.52494, 0.63359, 0.6834, 0.67944, 0.66771, 0.6256, 0.6318, 0.68639, 0.75998, 0.76762, 0.7974, 0.84569, 0.85882, 0.77912, 0.80642, 0.76785, 0.68242, 0.51151, 0.49106, 0.55821, 0.55857, 0.39066, 0.48455, 0.57929, 0.6214, 0.6981, 0.82046, 0.66836, 0.5738, 0.64885, 0.73871, 0.90215, 0.9047, 0.79043, 0.72574, 0.77427, 0.82771, 0.82798, 0.96303, 0.98512, 0.93912, 0.89064, 0.87636, 0.97366, 0.95173, 0.83744, 0.81841, 0.97577, 1.11489, 1.18282, 1.31112, 1.27842, 1.27728, 1.20383, 1.12979, 1.14223, 1.26922, 1.25331, 1.22658, 1.30133, 1.20983, 1.16617, 1.18459, 1.18819, 1.13489, 1.05586, 1.01557, 0.85771, 0.85424, 0.86569, 1.00965, 1.00382, 1.13917, 1.13954, 1.2323, 1.15126, 1.11516, 1.11366, 1.15374, 1.14789, 1.17196, 1.24488, 1.26223, 1.38657, 1.49096, 1.49116, 1.58023, 1.61701, 1.51092, 1.47077, 1.42004, 1.32232, 1.31735, 1.31357, 1.35378, 1.37973, 1.48571, 1.49822, 1.4747, 1.55221, 1.60935, 1.57897, 1.48594, 1.56664, 1.6484, 1.66974, 1.68758, 1.72357, 1.616, 1.50726, 1.61025, 1.62781, 1.56145, 1.51581, 1.69858, 1.74739, 1.54735, 1.5565, 1.50399, 1.53254, 1.49841, 1.52787, 1.63656, 1.61655, 1.70096, 1.57993, 1.67561, 1.6651, 1.80066, 1.85207, 1.79072, 1.76192, 1.74563, 1.76196, 1.77104, 1.67334, 1.75877, 1.80009, 1.63697, 1.63742, 1.72389, 1.64422, 1.75633, 1.98587, 2.0886, 2.02238, 1.95706, 1.8112, 1.96813, 1.94391, 1.94861, 1.94109, 2.0644, 2.21672, 2.092, 2.0672, 2.08336, 2.0792, 2.2242, 2.15937, 2.13909, 2.20593, 2.1898, 2.16736, 2.12125, 2.18136, 2.20872, 2.20846, 2.19665, 2.22931, 2.25023, 2.27374, 2.28171, 2.2903, 2.29522, 2.30362, 2.30836, 2.31271, 2.31953, 2.33057, 2.34323, 2.34821, 2.35355, 2.37489, 2.37858, 2.38282, 2.38349, 2.38397, 2.38486, 2.386, 2.38947, 2.39083, 2.39801, 2.40309, 2.4096, 2.41416, 2.41957, 2.43351, 2.43395, 2.43416, 2.43397, 2.43325, 2.43222, 2.4343, 2.42569, 2.41719, 2.40887, 2.40044, 2.39157, 2.38233, 2.37311, 2.36439, 2.35635, 2.34902, 2.34235, 2.33653, 2.32623, 2.31685, 2.30374, 2.29073, 2.27712, 2.26377, 2.24207, 2.22186, 2.20733, 2.19989, 2.18524, 2.17833, 2.20768, 2.21742, 2.21985, 2.23851, 2.25807, 2.2736, 2.27825, 2.2732, 2.26923, 2.2619, 2.25754, 2.25119, 2.23673, 2.22068, 2.20134, 2.18137, 2.16265, 2.15031, 2.13393, 2.12966, 2.09273, 2.06425, 2.06014, 2.06734]"
GP,29623,300,1,10,1,1289.138,0.77694,4.92134,0.83178,0.75969,0,0.53049,0.69843,0.55479,0.60123,0,0.38534,0.43645,0.62262,0.86194,2.20456,2.90748,3.77163,0.62262,0.81265,1.83047,2.38198,3.12431,6.23E+11,1.25E+11,6.23E+10,5.19E+10,4.73E+11,"[0.62262, 0.79281, 0.99779, 1.25019, 1.56812, 1.97287, 2.48268, 3.10061, 3.79944, 4.51482, 5.16237, 5.67778, 6.04748, 6.30064, 6.47855, 6.61369, 6.7257, 6.82487, 6.91624, 7.00218]","[0.05112, 0.06102, 0.071, 0.08084, 0.09096, 0.10034, 0.10807, 0.11263, 0.11672, 0.12235, 0.1305, 0.13887, 0.14745, 0.15704, 0.16586, 0.17288, 0.18009, 0.18718, 0.1959, 0.20346, 0.21199, 0.21896, 0.22693, 0.23663, 0.24659, 0.25718, 0.26731, 0.27777, 0.2887, 0.29961, 0.30973, 0.31861, 0.32725, 0.33519, 0.34296, 0.35245, 0.36191, 0.37165, 0.38149, 0.39207, 0.40242, 0.41264, 0.42292, 0.43267, 0.44136, 0.4496, 0.45988, 0.46975, 0.47908, 0.48852, 0.49798, 0.50679, 0.51567, 0.52507, 0.53458, 0.54385, 0.55228, 0.56136, 0.57182, 0.58207, 0.59266, 0.60363, 0.6143, 0.62518, 0.63574, 0.64659, 0.65753, 0.66852, 0.67903, 0.68971, 0.69978, 0.71078, 0.72149, 0.73242, 0.74338, 0.75435, 0.76491, 0.77562, 0.78651, 0.79721, 0.80764, 0.81721, 0.8255, 0.83446, 0.84365, 0.85192, 0.86023, 0.86972, 0.87945, 0.88942, 0.89971, 0.90929, 0.91827, 0.92681, 0.93511, 0.94446, 0.95451, 0.96479, 0.97411, 0.98428, 0.9934, 1.00341, 1.01397, 1.02497, 1.03594, 1.04688, 1.05781, 1.06829, 1.07822, 1.08639, 1.09541, 1.10428, 1.11324, 1.12315, 1.13259, 1.14155, 1.15138, 1.16193, 1.17287, 1.18386, 1.19477, 1.20576, 1.21664, 1.22764, 1.23848, 1.24878, 1.2595, 1.27048, 1.28141, 1.29205, 1.30299, 1.31399, 1.32496, 1.33582, 1.34682, 1.35782, 1.36874, 1.37922, 1.3902, 1.40118, 1.41218, 1.42309, 1.43352, 1.44348, 1.45294, 1.46105, 1.46971, 1.48036, 1.48977, 1.49863, 1.50718, 1.51592, 1.52313, 1.5323, 1.53886, 1.54673, 1.55522, 1.56332, 1.57295, 1.58192, 1.59136, 1.60009, 1.61025, 1.62043, 1.63118, 1.64183, 1.65153, 1.66253, 1.67353, 1.68449, 1.69541, 1.7062, 1.7167, 1.72741, 1.73682, 1.74712, 1.75777, 1.76824, 1.77764, 1.78711, 1.79504, 1.80101, 1.80753, 1.81387, 1.81848, 1.82258, 1.82814, 1.83436, 1.8429, 1.85326, 1.86391, 1.87487, 1.88582, 1.89667, 1.90698, 1.91792, 1.92764, 1.93842, 1.94862, 1.95934, 1.97005, 1.9798, 1.98909, 1.99799, 2.00725, 2.01581, 2.02374, 2.03188, 2.03853, 2.04395, 2.048, 2.04984, 2.04885, 2.04518, 2.03981, 2.03067, 2.01859, 2.00354, 1.98727, 1.97004, 1.95269, 1.93472, 1.91692, 1.89888, 1.88144, 1.86365, 1.84582, 1.82818, 1.81068, 1.79298, 1.77487, 1.75701, 1.74066, 1.72256, 1.7046, 1.68625, 1.66784, 1.64957, 1.63133, 1.61361, 1.59559, 1.57828, 1.56033, 1.54241, 1.5242, 1.50627, 1.48908, 1.47077, 1.45226, 1.43371, 1.41526, 1.39712, 1.3794, 1.36105, 1.34257, 1.324, 1.30544, 1.28682, 1.26817, 1.24953, 1.23094, 1.21245, 1.19426, 1.1762, 1.15823, 1.13999, 1.12195, 1.10369, 1.0855, 1.06741, 1.04951, 1.03143, 1.01372, 0.99647, 0.97925, 0.96186, 0.94478, 0.92826, 0.91102, 0.89361, 0.87666, 0.85956, 0.84215, 0.82441, 0.80636, 0.78848, 0.77055, 0.75283, 0.73502, 0.71694, 0.69881, 0.68051, 0.66222, 0.64423, 0.62673, 0.60923, 0.59208, 0.57456, 0.5576, 0.54102]"
ARIMA,29623,300,1,10,1,20.135,,,,,,,,,,,,,0.51314,0.32206,0.29346,0.2931,0.32112,0.51314,0.2749,0.25842,0.2532,0.27267,5.13E+11,1.03E+11,5.13E+10,4.28E+10,6.81E+10,"[0.51314, 0.50654, 0.50786, 0.50759, 0.50765, 0.50764, 0.50764, 0.50764, 0.50764, 0.50764, 0.50764, 0.50764, 0.50764, 0.50764, 0.50764, 0.50764, 0.50764, 0.50764, 0.50764, 0.50764]",
RandomWalk,29623,300,1,10,1,1.175,,,,,,,,,,,,,0.48008,0.29714,0.27161,0.2714,0.2998,0.48008,0.24642,0.23591,0.22985,0.25215,4.80E+11,9.60E+10,4.80E+10,4.00E+10,6.40E+10,"[0.48008, 0.48008, 0.48008, 0.48008, 0.48008, 0.48008, 0.48008, 0.48008, 0.48008, 0.48008, 0.48008, 0.48008, 0.48008, 0.48008, 0.48008, 0.48008, 0.48008, 0.48008, 0.48008, 0.48008]",
LSTM,29623,300,1,10,1,565.493,,,,,,,,,,,,,0.297,0.18356,0.19898,0.19753,0.21168,0.297,0.15581,0.15329,0.15812,0.17792,2.97E+11,5.94E+10,2.97E+10,2.47E+10,3.49E+10,"[0.297, 0.26474, 0.25885, 0.24353, 0.23957, 0.23115, 0.2294, 0.22558, 0.22495, 0.22586, 0.22662, 0.22688, 0.22697, 0.22714, 0.22725, 0.22735, 0.2274, 0.22744, 0.22745, 0.22745]",
Alg_c,29623,300,1,10,1,0,4.92134,4.92134,0.90698,0.49485,0.54545,0.64909,0.77706,0.69643,0.46259,0.69841,0.61914,0.58033,,,,,,,,,,,,,,,,,"[0.0, 0.28193, 0.0, 0.0, 0.14722, 0.13828, 0.03082, 0.0, 0.0, 0.33948, 0.0, 0.09572, 0.18358, 0.38024, 0.0, 0.55326, 0.0, 0.09764, 0.28674, 0.45055, 0.04319, 0.0, 0.26332, 0.05437, 0.10443, 0.6997, 0.45485, 0.35715, 0.08306, 0.56632, 0.17538, 0.65832, 0.19228, 0.19792, 0.16855, 0.19077, 0.3303, 0.35337, 0.47753, 0.55152, 0.51555, 0.18153, 0.0, 0.61493, 0.32033, 0.25589, 0.0, 0.86112, 0.32743, 0.74873, 0.7821, 0.67827, 0.73424, 0.52677, 0.54084, 0.63687, 0.90824, 0.72371, 0.75807, 0.93292, 1.05734, 0.56502, 0.92439, 0.86032, 0.84367, 0.18769, 0.26115, 0.71375, 0.96779, 0.0, 0.47775, 0.69279, 0.55007, 0.64836, 1.37892, 0.53323, 0.22523, 0.58585, 0.59545, 1.21951, 1.14689, 0.6695, 0.49953, 0.75936, 0.98441, 0.49922, 1.20765, 1.10591, 0.93327, 0.82912, 0.62966, 1.21724, 1.14919, 0.6357, 0.46737, 1.0298, 1.27691, 1.02789, 1.65201, 1.13961, 1.43522, 1.17471, 0.95239, 0.9318, 1.54441, 1.26076, 1.05831, 1.5931, 1.16447, 1.01114, 1.2181, 1.33681, 1.19294, 1.04697, 1.18946, 0.55908, 0.73225, 0.61828, 1.29013, 0.74186, 1.39393, 0.97908, 1.56802, 1.08081, 1.05313, 1.03714, 1.23852, 1.09658, 1.0755, 1.34512, 1.05292, 1.44026, 1.70345, 1.32576, 1.68687, 1.92561, 1.34003, 1.49925, 1.51284, 1.13618, 1.29092, 1.22543, 1.34106, 1.26715, 1.68164, 1.63082, 1.28061, 1.59442, 1.84262, 1.69161, 1.1308, 1.45101, 1.77643, 1.71015, 1.71085, 2.0336, 1.62854, 1.09443, 1.72546, 1.82377, 1.48076, 1.06919, 1.93863, 2.2471, 1.18645, 1.57147, 1.35032, 1.6356, 1.37522, 1.36434, 1.90645, 1.40341, 2.17937, 1.02782, 1.92943, 1.3643, 1.93951, 2.07233, 1.71058, 1.76185, 1.67402, 1.752, 2.09839, 1.14937, 1.87465, 2.37474, 1.13498, 1.4928, 2.10244, 1.21991, 1.50666, 2.24027, 2.43009, 1.97854, 2.22807, 1.12686, 2.33065, 1.83525, 1.97015, 1.67961, 1.94614, 2.85196, 1.77025, 2.00026, 2.19812, 1.66973, 2.74186, 2.00237, 1.91266, 2.44585, 2.13404, 2.33225, 1.72761, 2.34733, 2.26991, 2.27101, 1.6607, 2.57822, 1.12434, 4.31358, 0.0, 5.80235, NaN, 2.78458, 2.87576, 0.0, 1.16894, 1.63189, 5.0397, NaN, NaN, 2.60143, NaN, 5.15063, 71.28408, NaN, 9.45749, NaN, 3.73065, NaN, 2.43378, 0.0, 4.7396, 0.0, 0.0, 2.60322, NaN, NaN, NaN, NaN, 0.0, 3.51944, NaN, 30.2492, NaN, 21.24109, NaN, NaN, NaN, NaN, NaN, 2.68213, 0.0, 5.53217, NaN, 4.76848, 0.0, 5.31843, 0.0, 5.45844, NaN, 0.41439, 1.69363, 3.13038, 0.0, 0.0, 2.57869, 4.27529, 0.0, 2.32829, 2.32464, 3.13783, 6.79704, NaN, 4.18167, 0.0, 2.41871, 4.15547, 0.0, 6.36543, 25.56992, NaN, 0.0, 2.77693, 0.0, 3.60785, NaN, 0.68611, 1.73932]"
UDE-NN,8694,300,1,10,1,217.493,0.08112,1.64435,0.9912,0.9359,0.92135,0.94948,0.96633,0.81223,0.22388,0.61146,0.54919,0.59681,0.07259,0.31207,0.42202,0.38847,0.35204,0.07259,0.23989,0.34161,0.29909,0.2599,99.99999,99.99994,99.99949,801045.2237,2.94E+06,"[0.0, 0.0, 0.0, 0.0, 0.0, 0.0, 0.0, 0.0, 0.0, 0.0, 1.0e-5, 1.0e-5, 2.0e-5, 3.0e-5, 7.0e-5, 0.00012, 0.00024, 0.00045, 0.00087, 0.00165]","[0.02624, -0.04685, -0.07452, -0.10729, -0.02176, 0.02622, 0.05485, -0.02557, -0.00221, 0.10879, 0.15093, 0.10911, 0.16591, 0.13688, 0.22003, 0.23015, 0.27792, 0.24123, 0.13464, 0.06232, 0.1665, 0.22304, 0.26582, 0.21789, 0.28118, 0.22441, 0.17253, 0.11378, 0.08288, 0.19696, 0.38379, 0.29369, 0.33376, 0.37062, 0.33702, 0.3111, 0.28396, 0.41495, 0.45655, 0.46845, 0.50242, 0.43867, 0.48138, 0.54334, 0.56202, 0.52932, 0.42219, 0.40066, 0.33664, 0.3593, 0.55124, 0.7237, 0.75844, 0.73838, 0.59406, 0.69089, 0.76425, 0.71379, 0.70162, 0.68672, 0.71425, 0.75463, 0.75306, 0.76451, 0.66213, 0.68893, 0.69138, 0.68473, 0.66549, 0.65017, 0.65076, 0.69593, 0.74896, 0.79253, 0.84301, 0.9823, 0.93147, 0.90336, 0.82936, 0.82305, 0.85373, 0.80836, 0.82872, 0.86408, 0.75546, 0.78843, 0.77242, 0.80995, 0.78918, 0.8937, 0.85433, 0.94564, 1.00727, 1.07288, 0.99155, 0.91825, 1.01252, 1.03259, 1.11216, 1.17601, 1.13574, 1.0641, 1.03646, 0.97949, 0.96324, 0.95805, 1.07139, 1.05482, 1.03407, 1.07327, 1.08456, 1.07979, 1.12125, 1.13472, 1.10372, 1.21283, 1.28063, 1.24182, 1.1769, 1.06936, 1.08529, 1.10449, 1.18791, 1.20116, 1.25516, 1.33871, 1.38897, 1.34225, 1.3693, 1.34202, 1.35386, 1.36234, 1.33346, 1.26625, 1.33358, 1.32029, 1.39364, 1.48018, 1.43723, 1.3866, 1.36042, 1.4055, 1.38976, 1.47215, 1.48913, 1.44076, 1.36964, 1.38184, 1.51679, 1.57173, 1.57801, 1.58235, 1.5352, 1.56178, 1.56071, 1.54378, 1.5921, 1.57209, 1.59015, 1.62557, 1.59522, 1.61769, 1.59649, 1.67653, 1.75133, 1.69028, 1.67306, 1.6303, 1.64615, 1.61964, 1.62507, 1.5862, 1.6767, 1.73658, 1.75747, 1.78471, 1.80118, 1.81536, 1.81911, 1.82441, 1.82335, 1.81824, 1.81814, 1.81606, 1.8311, 1.8613, 1.87627, 1.89312, 1.90733, 1.90431, 1.90081, 1.90849, 1.92021, 1.94491, 1.95989, 1.97796, 2.00191, 2.01228, 2.03159, 2.06328, 2.08691, 2.06757, 2.0515, 2.04964, 2.0633, 2.12081, 2.23461, 2.28646, 2.26229, 2.24227, 2.20497, 2.20829, 2.23736, 2.22299, 2.19676, 2.21879, 2.25055, 2.27281, 2.24301, 2.22011, 2.23706, 2.20609, 2.17937, 2.24615, 2.31326, 2.31641, 2.36069, 2.36844, 2.32553, 2.35664, 2.36487, 2.34775, 2.34384, 2.31723, 2.29027, 2.31701, 2.38497, 2.39609, 2.39109, 2.43612, 2.44525, 2.49217, 2.46481, 2.45449, 2.46596, 2.49778, 2.49128, 2.44254, 2.46452, 2.51892, 2.55603, 2.59535, 2.62243, 2.6631, 2.67277, 2.68613, 2.70911, 2.7103, 2.71013, 2.71597, 2.72003, 2.72281, 2.73206, 2.73351, 2.74579, 2.76031, 2.76787, 2.77448, 2.78231, 2.77996, 2.77628, 2.77071, 2.76476, 2.75858, 2.75311, 2.75032, 2.73619, 2.72316, 2.71935, 2.69727, 2.67971, 2.6822, 2.68481, 2.68243, 2.68129, 2.69314, 2.70531, 2.72088, 2.73828, 2.75979, 2.7844, 2.82623, 2.85159, 2.87569, 2.90573, 2.92088, 2.93216, 2.94266, 2.95199, 2.96156]"
GP,8694,300,1,10,1,1296.946,0.40457,1.64435,0.94895,0.73394,0,0.56096,0.7594,0.86512,0.29592,0,0.38701,0.37546,0.07259,0.31207,0.42202,0.38847,0.35204,0.07259,0.23989,0.34161,0.29909,0.2599,99.99999,99.99994,99.99949,801050.9445,2.94E+06,"[0.0, 0.0, 0.0, 0.0, 0.0, 0.0, 0.0, 0.0, 0.0, 0.0, 1.0e-5, 1.0e-5, 2.0e-5, 3.0e-5, 7.0e-5, 0.00012, 0.00024, 0.00045, 0.00087, 0.00166]","[-0.04526, -0.0321, -0.01885, -0.00632, 0.00648, 0.01957, 0.03251, 0.04567, 0.05909, 0.07174, 0.08457, 0.09707, 0.11029, 0.12303, 0.13614, 0.14898, 0.16111, 0.17257, 0.18429, 0.19521, 0.20647, 0.21713, 0.22828, 0.23826, 0.25042, 0.2611, 0.27259, 0.28424, 0.29739, 0.31034, 0.32326, 0.33613, 0.34868, 0.36159, 0.37472, 0.38632, 0.39667, 0.40711, 0.41435, 0.42202, 0.4288, 0.43634, 0.44508, 0.45301, 0.46052, 0.47058, 0.47991, 0.48925, 0.49738, 0.50854, 0.51794, 0.52741, 0.53809, 0.54706, 0.55375, 0.56023, 0.56632, 0.57192, 0.58218, 0.59031, 0.60132, 0.61028, 0.61786, 0.62782, 0.63866, 0.649, 0.65839, 0.66725, 0.6749, 0.68463, 0.69448, 0.70253, 0.71163, 0.71934, 0.72918, 0.73898, 0.751, 0.76322, 0.77522, 0.78872, 0.80215, 0.81561, 0.82911, 0.84256, 0.85605, 0.86952, 0.88303, 0.89632, 0.90856, 0.92095, 0.93244, 0.9442, 0.95461, 0.96503, 0.97418, 0.98507, 0.99672, 1.00902, 1.02177, 1.03444, 1.04577, 1.05598, 1.06761, 1.07842, 1.08886, 1.09865, 1.10967, 1.12146, 1.13428, 1.1465, 1.15818, 1.16984, 1.18315, 1.19664, 1.21015, 1.22361, 1.23698, 1.2504, 1.26374, 1.27686, 1.29023, 1.30373, 1.31723, 1.33058, 1.34325, 1.356, 1.36869, 1.3814, 1.39445, 1.40785, 1.42121, 1.43473, 1.44811, 1.4615, 1.475, 1.48849, 1.50201, 1.51507, 1.52749, 1.53859, 1.54831, 1.55788, 1.56698, 1.57595, 1.58583, 1.59606, 1.6067, 1.61774, 1.62957, 1.6417, 1.65397, 1.66617, 1.6784, 1.69079, 1.70332, 1.71545, 1.72786, 1.741, 1.75411, 1.76721, 1.78044, 1.79303, 1.80515, 1.81653, 1.82798, 1.83836, 1.84812, 1.85748, 1.86622, 1.8743, 1.88152, 1.88651, 1.88932, 1.89063, 1.8903, 1.88915, 1.88838, 1.88728, 1.88627, 1.88497, 1.88402, 1.88294, 1.88184, 1.88121, 1.88049, 1.88025, 1.88024, 1.87995, 1.87957, 1.87902, 1.87831, 1.87781, 1.87774, 1.87765, 1.87766, 1.87752, 1.87745, 1.87745, 1.87724, 1.87726, 1.8775, 1.87773, 1.87774, 1.87779, 1.87817, 1.87864, 1.87947, 1.88042, 1.88087, 1.88071, 1.8807, 1.88041, 1.88055, 1.8806, 1.88001, 1.87944, 1.87972, 1.87984, 1.87983, 1.87936, 1.87919, 1.87964, 1.87981, 1.88027, 1.88146, 1.88281, 1.8839, 1.88518, 1.88616, 1.88672, 1.88737, 1.88745, 1.88732, 1.88753, 1.88789, 1.8885, 1.88944, 1.89019, 1.89021, 1.89012, 1.89062, 1.89102, 1.89157, 1.89199, 1.8928, 1.89404, 1.89528, 1.8963, 1.89719, 1.89836, 1.89927, 1.89963, 1.89933, 1.89846, 1.89782, 1.89666, 1.89569, 1.89477, 1.89337, 1.89191, 1.89095, 1.88979, 1.88858, 1.88767, 1.88666, 1.88591, 1.88477, 1.88333, 1.88189, 1.88053, 1.87888, 1.8772, 1.8754, 1.87366, 1.87202, 1.87061, 1.86943, 1.86799, 1.86676, 1.86589, 1.8646, 1.86375, 1.86303, 1.86182, 1.86034, 1.85914, 1.85851, 1.8572, 1.85609, 1.85491, 1.85384, 1.85287, 1.85211, 1.85083, 1.84947, 1.84846, 1.84707, 1.84548, 1.84384, 1.84204]"
ARIMA,8694,300,1,10,1,20.342,,,,,,,,,,,,,0.08786,0.3226,0.43318,0.39912,0.36228,0.08786,0.25373,0.35542,0.31289,0.27371,121.03259,116.88989,113.55865,1.15E+09,1.84E+09,"[-0.01527, -0.01232, -0.01419, -0.01358, -0.01386, -0.01375, -0.0138, -0.01378, -0.01378, -0.01378, -0.01378, -0.01378, -0.01378, -0.01378, -0.01378, -0.01378, -0.01378, -0.01378, -0.01378, -0.01378]",
RandomWalk,8694,300,1,10,1,1.188,,,,,,,,,,,,,0.07259,0.31207,0.42202,0.38848,0.35204,0.07259,0.23989,0.34161,0.29909,0.2599,100,100,100,91.66667,86.66667,"[0.0, 0.0, 0.0, 0.0, 0.0, 0.0, 0.0, 0.0, 0.0, 0.0, 0.0, 0.0, 0.0, 0.0, 0.0, 0.0, 0.0, 0.0, 0.0, 0.0]",
LSTM,8694,300,1,10,1,493.681,,,,,,,,,,,,,0.21613,0.25348,0.2836,0.36095,0.42513,0.21613,0.20258,0.22199,0.28652,0.35202,297.71946,421.76817,405.50758,5.84E+10,9.46E+10,"[0.28872, 0.39207, 0.43398, 0.4794, 0.52276, 0.5667, 0.60393, 0.63402, 0.65976, 0.6781, 0.69021, 0.7011, 0.71057, 0.71781, 0.72316, 0.7271, 0.73001, 0.73216, 0.73375, 0.73493]",
Alg_c,8694,300,1,10,1,0,1.64435,1.64435,0.8908,0.38889,0.42857,0.56942,0.70931,0.7541,0.22472,0.6015,0.52677,0.57443,,,,,,,,,,,,,,,,,"[0.20069, 0.0, 0.0, 0.0, 0.05436, 0.07445, 0.2988, 0.0, 0.0, 0.26214, 0.34465, 0.0, 0.33391, 0.0, 0.36974, 0.17446, 0.45144, 0.3817, 0.04613, 0.0, 0.2138, 0.29741, 0.47037, 0.02795, 0.50011, 0.23852, 0.18635, 0.04912, 0.0, 0.0313, 0.93359, 0.05378, 0.31648, 0.51598, 0.32691, 0.29277, 0.00616, 0.54931, 0.54472, 0.4817, 0.676, 0.23629, 0.41824, 0.64506, 0.70179, 0.67883, 0.2872, 0.44169, 0.1026, 0.0, 0.53956, 1.01826, 0.95641, 0.91796, 0.12195, 0.7067, 1.09067, 0.65161, 0.68452, 0.59721, 0.69762, 0.84008, 0.75571, 0.97058, 0.42399, 0.70427, 0.72413, 0.71712, 0.65788, 0.59616, 0.54185, 0.67195, 0.76459, 0.74396, 0.65926, 1.36172, 0.89848, 1.00817, 0.68266, 0.74466, 1.0303, 0.65538, 0.7909, 1.20143, 0.39032, 0.96287, 0.65224, 0.92667, 0.55467, 1.16527, 0.59757, 0.97558, 1.05949, 1.38743, 0.97501, 0.57807, 1.14822, 0.90627, 1.15656, 1.39699, 1.22941, 0.9807, 1.08244, 0.89729, 0.89712, 0.73237, 1.31605, 1.04779, 0.91516, 1.12836, 1.12896, 0.98022, 1.17494, 1.25729, 0.77924, 1.31832, 1.48914, 1.24145, 1.32219, 0.76529, 1.10574, 0.95582, 1.36937, 1.08413, 1.18944, 1.37302, 1.64573, 1.09222, 1.53209, 1.22629, 1.35509, 1.42712, 1.45447, 0.94027, 1.53333, 1.13713, 1.3394, 1.77337, 1.4015, 1.36785, 1.12542, 1.75339, 0.94506, 1.69465, 1.6008, 1.51927, 1.19942, 1.07604, 1.76268, 1.64128, 1.51834, 1.7546, 1.30826, 1.65307, 1.63036, 1.33025, 1.79535, 1.46159, 1.54699, 1.8007, 1.41666, 1.82123, 1.29562, 1.63991, 2.15765, 1.41952, 1.84111, 1.38642, 1.8649, 1.43843, 1.97422, 0.85963, 1.96627, 2.91541, 0.0, 2.62614, 0.32128, 5.02811, 0.0, 2.92777, 4.63615, 0.0, 2.48492, 0.0, 1.51457, 2.25969, 1.67426, 1.78646, 2.89859, 1.69176, 1.04619, 1.99206, 1.51665, 2.24487, 1.83527, 1.77006, 2.38588, 1.62788, 1.76386, 2.06833, 2.78694, 1.78077, 1.8078, 2.09483, 1.69269, 1.49526, 2.75397, 3.18054, 0.9679, 2.91029, 0.0, 1.89391, 2.95292, 4.41376, 0.0, 2.43907, 2.22815, 3.35141, 0.91142, 0.56914, 2.99914, 2.46509, 0.47531, 2.45846, 2.94731, 1.53472, 2.65029, 2.95301, 0.71032, 2.72118, 2.9097, 1.40259, 2.77809, 2.45528, 1.69899, 1.97463, 2.95098, 2.97674, 0.05891, 3.19087, 1.30732, 3.4783, 1.93491, 2.36836, 2.24122, 2.75788, 2.99506, 1.55806, 2.36669, 2.75076, 2.47917, 3.38128, 0.0, 3.85283, 0.0, 1.34292, 3.95871, 20.5883, NaN, 2.79907, 3.89541, 0.0, 3.52293, 0.0, 2.42436, 4.40498, 2.73085, 0.0, 4.80177, 0.0, 10.2854, 0.0, 2.36, 0.0, 0.70724, 4.39822, 0.0, 0.0, 4.00381, NaN, 0.61214, 2.33403, 6.19953, NaN, 0.0, 2.58433, 0.0, 2.5741, 0.66617, 2.33132, 0.0, 3.33725, 10.9604, 0.0, 3.48245, 9.54914, 0.0, 10.13657, NaN]"
UDE-NN,19561,300,1,10,1,226.264,0.14086,3.76832,0.98542,0.94545,0.94872,0.95987,0.96937,0.91339,0.47143,0.5873,0.65737,0.70827,0.05127,0.16711,0.23049,0.23476,0.23331,0.05127,0.15104,0.19161,0.20211,0.20251,35.69235,55.6856,97.90742,1.99E+10,1.60E+10,"[0.19492, 0.21118, 0.21993, 0.22476, 0.22788, 0.2303, 0.2324, 0.23431, 0.2361, 0.23779, 0.23938, 0.24088, 0.24229, 0.24361, 0.24486, 0.24603, 0.24712, 0.24814, 0.24909, 0.24998]","[-0.07474, -0.07457, -0.10792, -0.02571, -0.00917, 0.01242, -0.01789, -0.10456, 0.02264, 0.10115, 0.30081, 0.32101, 0.18473, 0.14461, 0.13014, 0.13401, 0.10256, 0.03623, 0.00987, 0.1328, 0.14121, 0.22513, 0.21936, 0.29149, 0.30849, 0.33373, 0.40624, 0.2953, 0.24209, 0.28578, 0.22058, 0.23691, 0.20215, 0.30991, 0.38771, 0.51947, 0.48457, 0.48304, 0.44159, 0.40275, 0.39689, 0.41687, 0.40718, 0.44258, 0.51741, 0.57375, 0.62868, 0.58449, 0.57606, 0.4972, 0.4188, 0.44279, 0.47943, 0.539, 0.61753, 0.62784, 0.64752, 0.58214, 0.47586, 0.49989, 0.48937, 0.4898, 0.63128, 0.66735, 0.63337, 0.58908, 0.5465, 0.59209, 0.64427, 0.65983, 0.72562, 0.7032, 0.77642, 0.72556, 0.70071, 0.69288, 0.62514, 0.7075, 0.76536, 0.72926, 0.79886, 0.87867, 0.82259, 0.79981, 0.80254, 0.72974, 0.79757, 0.85981, 0.88797, 0.88434, 0.8758, 0.92476, 0.93774, 0.97923, 0.94568, 0.93636, 0.97807, 1.00256, 1.05874, 1.0921, 1.0132, 0.93594, 0.96611, 1.00963, 1.04432, 0.97569, 1.00014, 1.0152, 1.0561, 1.15633, 1.17341, 1.08894, 1.05568, 1.1042, 1.1182, 1.18767, 1.19477, 1.2296, 1.16237, 1.14352, 1.21661, 1.27047, 1.2788, 1.26484, 1.18661, 1.07515, 1.0956, 1.17601, 1.25857, 1.35021, 1.41178, 1.44603, 1.39066, 1.43886, 1.4617, 1.41066, 1.44812, 1.39241, 1.40105, 1.43563, 1.54594, 1.61547, 1.52754, 1.54912, 1.58734, 1.57682, 1.5359, 1.56337, 1.48841, 1.47345, 1.54023, 1.6302, 1.61905, 1.60701, 1.55541, 1.44904, 1.54408, 1.57295, 1.59656, 1.70242, 1.74366, 1.68668, 1.60341, 1.58115, 1.68301, 1.70825, 1.65932, 1.72966, 1.59363, 1.59947, 1.60179, 1.73508, 1.74453, 1.63061, 1.54529, 1.67515, 1.80795, 1.86662, 1.79585, 1.73485, 1.7782, 1.79765, 1.82495, 1.83388, 1.84694, 1.84107, 1.88905, 1.85746, 1.85674, 1.92044, 1.90063, 1.85976, 1.94395, 1.90903, 1.91328, 1.92387, 1.9779, 1.99409, 2.00849, 2.0321, 2.05142, 2.05988, 2.06405, 2.06716, 2.06923, 2.06971, 2.06681, 2.06992, 2.11253, 2.12856, 2.13765, 2.18396, 2.17498, 2.10773, 2.12523, 2.14996, 2.09388, 2.07647, 2.07181, 2.04402, 2.03925, 2.09516, 2.08407, 2.06888, 2.06758, 2.04425, 2.0121, 1.99994, 2.03276, 2.05927, 2.06392, 2.07963, 2.10835, 2.13942, 2.16113, 2.18169, 2.204, 2.22745, 2.23969, 2.2517, 2.26366, 2.27574, 2.29016, 2.31471, 2.3431, 2.37016, 2.40048, 2.41638, 2.43404, 2.44642, 2.45837, 2.47822, 2.49254, 2.50777, 2.5113, 2.50447, 2.50872, 2.50347, 2.49164, 2.50699, 2.5063, 2.52058, 2.57082, 2.64499, 2.74677, 2.8443, 2.8924, 2.94132, 2.99817, 3.03165, 3.05844, 3.0912, 3.10661, 3.12118, 3.13481, 3.14383, 3.15788, 3.15704, 3.15824, 3.15896, 3.16748, 3.18114, 3.18611, 3.19104, 3.19601, 3.20157, 3.20306, 3.20441, 3.20572, 3.20809, 3.21022, 3.21266, 3.21655, 3.21884, 3.22273, 3.2322, 3.24958, 3.26283, 3.27313, 3.28405]"
GP,19561,300,1,10,1,1304.036,0.66702,3.76832,0.77251,0.54545,0,0.43932,0.60184,0.69254,0.83333,0,0.50862,0.48526,0.11302,0.25907,0.7824,1.13199,1.91848,0.11302,0.21238,0.60647,0.86391,1.40497,78.68147,114.75473,530.48995,1.81E+11,1.45E+11,"[0.25667, 0.37135, 0.50465, 0.64606, 0.7907, 0.9413, 1.1055, 1.29418, 1.52165, 1.80646, 2.17154, 2.64137, 3.23312, 3.94013, 4.7134, 5.4605, 6.08137, 6.5237, 6.80296, 6.97036]","[-0.08913, -0.07672, -0.06434, -0.05209, -0.04002, -0.02769, -0.01538, -0.00326, 0.0089, 0.02129, 0.0337, 0.04596, 0.05789, 0.0697, 0.0803, 0.09113, 0.10291, 0.1144, 0.12639, 0.13745, 0.14922, 0.16135, 0.17312, 0.1854, 0.19765, 0.20965, 0.22173, 0.23414, 0.24649, 0.25868, 0.27107, 0.28325, 0.29565, 0.30806, 0.32024, 0.33265, 0.34494, 0.35709, 0.36885, 0.38104, 0.39235, 0.40476, 0.4168, 0.42881, 0.44042, 0.45242, 0.46354, 0.47514, 0.48735, 0.49975, 0.51216, 0.52456, 0.5369, 0.5493, 0.56155, 0.5738, 0.58621, 0.59853, 0.61088, 0.6228, 0.63456, 0.64696, 0.65935, 0.67173, 0.68411, 0.69649, 0.70861, 0.7199, 0.73098, 0.74165, 0.75173, 0.76119, 0.76967, 0.77735, 0.78354, 0.79045, 0.79837, 0.80807, 0.81871, 0.83025, 0.8419, 0.85358, 0.86475, 0.87498, 0.88479, 0.89504, 0.90619, 0.91813, 0.9298, 0.94107, 0.95246, 0.96379, 0.97484, 0.98577, 0.99737, 1.00867, 1.02001, 1.03157, 1.04366, 1.05483, 1.06548, 1.07489, 1.08385, 1.09362, 1.10358, 1.11296, 1.12371, 1.13467, 1.14416, 1.15227, 1.15965, 1.16612, 1.17154, 1.17841, 1.18645, 1.19313, 1.19985, 1.20578, 1.20868, 1.21058, 1.21271, 1.21626, 1.2205, 1.22581, 1.23252, 1.24162, 1.25312, 1.2655, 1.27779, 1.28986, 1.30145, 1.31363, 1.32597, 1.33836, 1.35076, 1.36315, 1.37557, 1.38797, 1.40038, 1.41245, 1.42438, 1.43663, 1.44891, 1.46122, 1.47361, 1.48601, 1.49835, 1.51063, 1.52293, 1.53499, 1.54708, 1.55922, 1.57135, 1.58372, 1.59611, 1.60851, 1.62092, 1.63333, 1.64572, 1.65812, 1.6704, 1.68281, 1.6952, 1.70758, 1.71975, 1.73139, 1.74263, 1.75318, 1.76337, 1.77357, 1.78461, 1.79634, 1.8083, 1.81989, 1.83011, 1.84056, 1.85101, 1.86082, 1.86995, 1.8784, 1.88737, 1.89722, 1.90726, 1.91654, 1.92504, 1.93331, 1.94003, 1.94482, 1.94906, 1.95147, 1.95265, 1.9513, 1.94764, 1.94275, 1.93561, 1.92773, 1.91947, 1.91185, 1.90302, 1.89417, 1.88589, 1.87723, 1.86819, 1.85898, 1.84989, 1.8411, 1.83258, 1.82439, 1.81681, 1.80997, 1.80319, 1.79641, 1.79025, 1.78411, 1.7779, 1.77239, 1.76689, 1.76057, 1.75378, 1.74634, 1.73828, 1.73075, 1.72349, 1.71511, 1.70685, 1.69884, 1.6903, 1.68161, 1.67387, 1.66642, 1.65825, 1.64936, 1.64113, 1.63266, 1.62395, 1.61469, 1.60541, 1.59636, 1.58733, 1.57776, 1.56811, 1.55847, 1.54904, 1.54024, 1.53181, 1.52318, 1.51435, 1.5055, 1.49634, 1.48745, 1.47865, 1.47003, 1.46154, 1.45285, 1.44423, 1.43529, 1.42628, 1.41787, 1.40947, 1.40131, 1.39358, 1.38576, 1.37808, 1.37068, 1.36334, 1.35566, 1.34736, 1.33828, 1.32924, 1.32041, 1.3113, 1.30214, 1.29314, 1.28374, 1.27436, 1.265, 1.25559, 1.2465, 1.23726, 1.22824, 1.21933, 1.21064, 1.20167, 1.19225, 1.1828, 1.1734, 1.16403, 1.15446, 1.1449, 1.13538, 1.1262, 1.117, 1.10778, 1.09863, 1.08934, 1.08046, 1.07163, 1.06287, 1.05376, 1.04441]"
ARIMA,19561,300,1,10,1,19.217,,,,,,,,,,,,,0.02474,0.2007,0.26085,0.26235,0.26643,0.02474,0.16716,0.19852,0.20799,0.21207,17.22379,50.05218,75.41661,1.40E+10,1.12E+10,"[0.16839, 0.16839, 0.16839, 0.16839, 0.16839, 0.16839, 0.16839, 0.16839, 0.16839, 0.16839, 0.16839, 0.16839, 0.16839, 0.16839, 0.16839, 0.16839, 0.16839, 0.16839, 0.16839, 0.16839]",
RandomWalk,19561,300,1,10,1,1.146,,,,,,,,,,,,,0.02474,0.2007,0.26085,0.26235,0.26643,0.02474,0.16716,0.19852,0.20799,0.21207,17.22379,50.05218,75.41661,1.40E+10,1.12E+10,"[0.16839, 0.16839, 0.16839, 0.16839, 0.16839, 0.16839, 0.16839, 0.16839, 0.16839, 0.16839, 0.16839, 0.16839, 0.16839, 0.16839, 0.16839, 0.16839, 0.16839, 0.16839, 0.16839, 0.16839]",
LSTM,19561,300,1,10,1,511.627,,,,,,,,,,,,,0.12734,0.12957,0.22749,0.25485,0.24842,0.12734,0.10131,0.18982,0.20153,0.19407,88.64841,67.94364,184.3075,4.26E+10,3.41E+10,"[0.27098, 0.31478, 0.3443, 0.38518, 0.413, 0.43547, 0.45473, 0.47193, 0.49088, 0.5029, 0.51161, 0.51931, 0.52574, 0.53073, 0.53458, 0.53773, 0.54017, 0.5421, 0.54351, 0.54459]",
Alg_c,19561,300,1,10,1,0,3.76832,3.76832,0.89971,0.36538,0.50667,0.59059,0.72189,0.82707,0.40449,0.69027,0.64061,0.69336,,,,,,,,,,,,,,,,,"[0.0, 0.0, 0.0, 0.12961, 0.0, 0.12757, 0.04936, 0.0, 0.09744, 0.0, 0.68263, 0.65632, 0.0, 0.03858, 0.08361, 0.21519, 0.1858, 0.0, 0.0, 0.32134, 0.03878, 0.4101, 0.03463, 0.39718, 0.2887, 0.22172, 0.78185, 0.15639, 0.04591, 0.5087, 0.02808, 0.35404, 0.0, 0.33927, 0.27877, 0.85483, 0.43362, 0.5578, 0.41904, 0.33016, 0.35231, 0.46867, 0.30685, 0.34642, 0.55357, 0.61343, 0.83149, 0.52535, 0.72217, 0.49352, 0.20902, 0.40122, 0.43238, 0.4871, 0.76507, 0.60796, 0.81763, 0.63861, 0.22724, 0.52591, 0.46031, 0.20477, 0.84693, 0.81991, 0.65508, 0.60511, 0.36233, 0.58797, 0.74082, 0.5057, 0.98036, 0.38607, 1.12695, 0.57626, 0.63026, 0.93859, 0.23248, 0.80353, 0.98332, 0.48482, 0.76306, 1.18021, 0.70999, 0.71816, 1.04918, 0.38243, 0.82133, 0.91977, 0.94428, 0.90036, 0.74081, 1.03319, 0.83935, 1.15212, 0.88577, 0.82724, 1.0365, 0.9302, 1.0829, 1.32829, 1.01989, 0.6812, 0.98179, 0.96624, 1.33421, 0.72433, 1.0482, 0.98501, 0.87962, 1.32775, 1.42593, 0.90504, 0.85658, 1.26407, 0.90773, 1.39599, 1.00238, 1.61471, 0.99444, 0.85594, 1.32445, 1.37354, 1.23628, 1.41103, 1.29207, 0.75369, 0.97839, 1.17821, 1.22679, 1.41445, 1.43544, 1.63139, 1.1757, 1.47723, 1.61655, 1.21211, 1.65, 1.26731, 1.38541, 1.27144, 1.60994, 1.97006, 1.24299, 1.52188, 1.68203, 1.64519, 1.37158, 1.7987, 1.35376, 1.32172, 1.47544, 1.85655, 1.59168, 1.68447, 1.67986, 1.02656, 1.69141, 1.58038, 1.43036, 1.82534, 1.93591, 1.72884, 1.49228, 1.30933, 1.85733, 1.89478, 1.24184, 2.36505, 1.11538, 1.72555, 1.28561, 1.99702, 1.99106, 1.59168, 1.07, 1.71665, 1.90425, 2.14566, 1.74686, 1.45592, 1.89967, 1.75834, 1.87533, 1.80078, 1.93185, 1.61395, 2.20847, 1.76385, 1.58915, 2.24004, 2.06831, 0.94773, 2.83124, 0.84029, 2.07153, 0.0, 2.69515, 4.48236, 0.0, 2.11113, 3.44124, 6.3156, 3.30115, 2.84456, 2.31762, 2.77838, 1.93731, 0.67572, 2.64208, 2.29797, 1.23467, 2.6799, 2.87033, 0.68012, 2.15041, 2.8437, 1.43121, 1.93155, 2.84688, 0.0, 0.52385, 3.06979, 1.26729, 0.0, 2.74305, 5.48689, 0.0, 1.22012, 2.1803, 4.15669, NaN, 1.58875, 1.81686, 3.52271, 8.64889, 0.0, 1.25017, 4.73374, NaN, 60.96712, NaN, NaN, 1.01904, 2.12464, 2.71699, 0.16558, 4.43048, 0.0, 3.34166, 2.48198, 1.38825, 2.88275, 1.9692, 2.9835, 5.67879, 0.0, 2.85539, 2.9492, 1.29325, 2.93073, 2.26559, 2.02211, 2.48764, 2.34321, 2.78794, 4.81095, NaN, 1.06447, 3.81893, 5.9698, 0.0, 4.29268, 0.0, 2.7661, 7.29012, 0.0, 4.33868, 0.0, 3.52135, 0.0, 2.45006, 5.47433, NaN, 3.89921, 0.0, 6.60423, NaN, 20.65349, NaN, 3.27898, 3.4981, 0.0, 5.64808, NaN, 1.71782, 1.11926, 3.27687, 8.9233, NaN]"
UDE-NN,79876,300,1,10,1,205.05,0.09161,0.74919,0.98864,0.87671,0.85417,0.90651,0.93993,0.91406,0.63566,0.81481,0.78818,0.81607,0.24667,0.24357,0.1916,0.2221,0.21892,0.24667,0.23336,0.16642,0.18631,0.17917,2.47E+11,1.01E+11,5.07E+10,4.22E+10,3.38E+10,"[0.24667, 0.25313, 0.2564, 0.2585, 0.26015, 0.2616, 0.26293, 0.26417, 0.26532, 0.2664, 0.2674, 0.26833, 0.2692, 0.26999, 0.27073, 0.2714, 0.27201, 0.27257, 0.27307, 0.27352]","[-0.02263, 0.02826, -0.00168, -0.01899, 0.08559, 0.07502, 0.11044, 0.13156, 0.04618, 0.08379, 0.10296, 0.15278, 0.14554, 0.19199, 0.18002, 0.08106, 0.14708, 0.20272, 0.13777, 0.2209, 0.25239, 0.28586, 0.2203, 0.24766, 0.23222, 0.22411, 0.25148, 0.2188, 0.22073, 0.16657, 0.16497, 0.22938, 0.23922, 0.28307, 0.33952, 0.42905, 0.40795, 0.4055, 0.40962, 0.35953, 0.36393, 0.39503, 0.44026, 0.46098, 0.5202, 0.56127, 0.53004, 0.50205, 0.5356, 0.53198, 0.55469, 0.57685, 0.45308, 0.44613, 0.43042, 0.53869, 0.56327, 0.59151, 0.60256, 0.54856, 0.60264, 0.65289, 0.61472, 0.62422, 0.72693, 0.72341, 0.70273, 0.68358, 0.63582, 0.59779, 0.59031, 0.66805, 0.74177, 0.75622, 0.72591, 0.75716, 0.83588, 0.83589, 0.81704, 0.78223, 0.74005, 0.75013, 0.77734, 0.86448, 0.87032, 0.87841, 0.90535, 0.94475, 0.86416, 0.83965, 0.86693, 0.93507, 0.95852, 0.91353, 0.89949, 0.98057, 1.05138, 1.08759, 1.06476, 1.03044, 1.01592, 1.03605, 0.98272, 0.95364, 0.98823, 1.00363, 1.02653, 1.04808, 1.05655, 1.12086, 1.10228, 1.05228, 1.08626, 1.06052, 1.12423, 1.11306, 1.12972, 1.1249, 1.2145, 1.18935, 1.23456, 1.30474, 1.29335, 1.30295, 1.24974, 1.32993, 1.34797, 1.32389, 1.30053, 1.2545, 1.31053, 1.3232, 1.30638, 1.29043, 1.34548, 1.37599, 1.3731, 1.47119, 1.46194, 1.39299, 1.37975, 1.36631, 1.37607, 1.43266, 1.43213, 1.36452, 1.48953, 1.54998, 1.52528, 1.54913, 1.63084, 1.60218, 1.60167, 1.60146, 1.49847, 1.53112, 1.57877, 1.56605, 1.59691, 1.66957, 1.65774, 1.67425, 1.63787, 1.65354, 1.63649, 1.62243, 1.68336, 1.69287, 1.6968, 1.68731, 1.66906, 1.7566, 1.7506, 1.70575, 1.76037, 1.76757, 1.77611, 1.85672, 1.87957, 1.87987, 1.81582, 1.7933, 1.80301, 1.80139, 1.77376, 1.81672, 1.95411, 1.97808, 1.90488, 1.90779, 1.83521, 1.89173, 1.96188, 1.95169, 1.94821, 1.96135, 1.94036, 1.94398, 1.9719, 1.99797, 1.98738, 2.09037, 2.12482, 2.12644, 2.14526, 2.16345, 2.19531, 2.20674, 2.22552, 2.23975, 2.24098, 2.24742, 2.2539, 2.25636, 2.26025, 2.27602, 2.29049, 2.31408, 2.33367, 2.34674, 2.36229, 2.3878, 2.41307, 2.42255, 2.43307, 2.44973, 2.46902, 2.47476, 2.46982, 2.4669, 2.46948, 2.47016, 2.48189, 2.49522, 2.49625, 2.49688, 2.50389, 2.51035, 2.51522, 2.50533, 2.4969, 2.4996, 2.53098, 2.52894, 2.54548, 2.61327, 2.64452, 2.65437, 2.67022, 2.67889, 2.69956, 2.73299, 2.74507, 2.77898, 2.78755, 2.78847, 2.78717, 2.77996, 2.78404, 2.778, 2.75375, 2.7365, 2.74782, 2.72331, 2.69794, 2.66886, 2.65624, 2.65454, 2.65922, 2.66952, 2.72587, 2.70678, 2.72758, 2.73562, 2.73494, 2.73202, 2.72755, 2.73619, 2.78629, 2.82278, 2.86521, 2.89518, 2.93398, 2.95574, 2.98204, 2.99483, 3.00815, 3.02008, 3.0336, 3.05583, 3.07089, 3.1084, 3.10036, 3.0914, 3.08363, 3.09175, 3.11469, 3.14914, 3.16004, 3.17079]"
GP,79876,300,1,10,1,1271.789,0.36865,0.74919,0.98575,0.76531,0,0.58369,0.7883,0.89655,0.40223,0,0.43293,0.50091,0.3094,0.34381,0.31434,0.31076,0.28887,0.3094,0.33325,0.29325,0.29164,0.26678,3.09E+11,1.55E+11,7.75E+10,6.46E+10,5.17E+10,"[0.3094, 0.37426, 0.41947, 0.44786, 0.46559, 0.47743, 0.48618, 0.49334, 0.49965, 0.50549, 0.51104, 0.51639, 0.5216, 0.52667, 0.53163, 0.53648, 0.54123, 0.54587, 0.55041, 0.55485]","[-0.07859, -0.06417, -0.04977, -0.036, -0.02184, -0.00768, 0.00637, 0.022, 0.0382, 0.05496, 0.07002, 0.08306, 0.09506, 0.10667, 0.11883, 0.13004, 0.14079, 0.15306, 0.16563, 0.17821, 0.19328, 0.20897, 0.2244, 0.23985, 0.25572, 0.27029, 0.28368, 0.29863, 0.31322, 0.32785, 0.34316, 0.3569, 0.37118, 0.38345, 0.3949, 0.40517, 0.41638, 0.42884, 0.44208, 0.45467, 0.46724, 0.47971, 0.49281, 0.50516, 0.51771, 0.53058, 0.54484, 0.55979, 0.57335, 0.58596, 0.59793, 0.6098, 0.62156, 0.63257, 0.64492, 0.65756, 0.67048, 0.68185, 0.69344, 0.70507, 0.71785, 0.73141, 0.7449, 0.75724, 0.76906, 0.78064, 0.79181, 0.8032, 0.81318, 0.82189, 0.83037, 0.83855, 0.84685, 0.85482, 0.86212, 0.86838, 0.87396, 0.87893, 0.88319, 0.88658, 0.88971, 0.8927, 0.89613, 0.90011, 0.90451, 0.90894, 0.91261, 0.9162, 0.91936, 0.92212, 0.92482, 0.92767, 0.93066, 0.93361, 0.93624, 0.9392, 0.94295, 0.94749, 0.95243, 0.95809, 0.96407, 0.97073, 0.97898, 0.98783, 0.99756, 1.00804, 1.0186, 1.02914, 1.0397, 1.04895, 1.05699, 1.0643, 1.07189, 1.07964, 1.08832, 1.09775, 1.10684, 1.11603, 1.12609, 1.13642, 1.14743, 1.15791, 1.16738, 1.17687, 1.18585, 1.19449, 1.20247, 1.20958, 1.21571, 1.22172, 1.22716, 1.23253, 1.23744, 1.24218, 1.24714, 1.25244, 1.25815, 1.26435, 1.27115, 1.27823, 1.28566, 1.29366, 1.30286, 1.31292, 1.32238, 1.33207, 1.34299, 1.3554, 1.36823, 1.38143, 1.39363, 1.40525, 1.41629, 1.42669, 1.43635, 1.44579, 1.45504, 1.46577, 1.47689, 1.48686, 1.49626, 1.50669, 1.51804, 1.53043, 1.5436, 1.55669, 1.56918, 1.58159, 1.59346, 1.60471, 1.61474, 1.62494, 1.63498, 1.64475, 1.65534, 1.66895, 1.6858, 1.70273, 1.71863, 1.73358, 1.74764, 1.7626, 1.77779, 1.79279, 1.80725, 1.82155, 1.83512, 1.84889, 1.86028, 1.86991, 1.87855, 1.88656, 1.89457, 1.90201, 1.90879, 1.91515, 1.92082, 1.9259, 1.93052, 1.93444, 1.93751, 1.93977, 1.94136, 1.94182, 1.94168, 1.94177, 1.94176, 1.94182, 1.94158, 1.94153, 1.94142, 1.94116, 1.94103, 1.94082, 1.94059, 1.94041, 1.94044, 1.94031, 1.94024, 1.94005, 1.93978, 1.93962, 1.93957, 1.93944, 1.93899, 1.93865, 1.93852, 1.9384, 1.93818, 1.93784, 1.93767, 1.93768, 1.93762, 1.93757, 1.9375, 1.93728, 1.93713, 1.9371, 1.93703, 1.93691, 1.93665, 1.93658, 1.93677, 1.93706, 1.93715, 1.93743, 1.93782, 1.93787, 1.93774, 1.93776, 1.93772, 1.93785, 1.93797, 1.93792, 1.93807, 1.93789, 1.93767, 1.93752, 1.93749, 1.93768, 1.93786, 1.93797, 1.93826, 1.93874, 1.93895, 1.93927, 1.9397, 1.94035, 1.94107, 1.94186, 1.94257, 1.94334, 1.94395, 1.94469, 1.94529, 1.94571, 1.94616, 1.94655, 1.9469, 1.94747, 1.94786, 1.94811, 1.94817, 1.94829, 1.94827, 1.94824, 1.94821, 1.9483, 1.94856, 1.94888, 1.94921, 1.9493, 1.94941, 1.94897, 1.94856, 1.94841, 1.94861, 1.94877, 1.94875, 1.9484]"
ARIMA,79876,300,1,10,1,20.242,,,,,,,,,,,,,0.28045,0.25934,0.20422,0.22828,0.22093,0.28045,0.25386,0.18198,0.19935,0.18476,2.80E+11,1.15E+11,5.75E+10,4.79E+10,3.83E+10,"[0.28045, 0.29114, 0.29353, 0.29406, 0.29418, 0.2942, 0.29421, 0.29421, 0.29421, 0.29421, 0.29421, 0.29421, 0.29421, 0.29421, 0.29421, 0.29421, 0.29421, 0.29421, 0.29421, 0.29421]",
RandomWalk,79876,300,1,10,1,1.162,,,,,,,,,,,,,0.23259,0.23469,0.18472,0.22245,0.22491,0.23259,0.2192,0.15546,0.17726,0.17941,2.33E+11,9.30E+10,4.65E+10,3.88E+10,3.10E+10,"[0.23259, 0.23259, 0.23259, 0.23259, 0.23259, 0.23259, 0.23259, 0.23259, 0.23259, 0.23259, 0.23259, 0.23259, 0.23259, 0.23259, 0.23259, 0.23259, 0.23259, 0.23259, 0.23259, 0.23259]",
LSTM,79876,300,1,10,1,594.678,,,,,,,,,,,,,0.37549,0.32056,0.2581,0.26374,0.24456,0.37549,0.31431,0.23523,0.24327,0.21847,3.75E+11,1.51E+11,7.56E+10,6.30E+10,5.04E+10,"[0.37549, 0.32953, 0.37869, 0.36778, 0.38092, 0.34345, 0.35231, 0.34529, 0.37223, 0.38652, 0.37774, 0.38331, 0.38152, 0.38519, 0.38613, 0.39055, 0.39333, 0.39636, 0.39838, 0.3985]",
Alg_c,79876,300,1,10,1,0,0.74919,0.74919,0.9096,0.52101,0.60759,0.6794,0.77416,0.81955,0.45872,0.7027,0.66032,0.69972,,,,,,,,,,,,,,,,,"[0.0, 0.19225, 0.0, 0.0, 0.32869, 0.0, 0.14668, 0.3092, 0.0, 0.09571, 0.03007, 0.29169, 0.00777, 0.2982, 0.42194, 0.0, 0.17862, 0.50709, 0.0, 0.32426, 0.25944, 0.48313, 0.04358, 0.31589, 0.22904, 0.15486, 0.37162, 0.14528, 0.32641, 0.07467, 0.04194, 0.33566, 0.16449, 0.27611, 0.22315, 0.69496, 0.33838, 0.38328, 0.53281, 0.24325, 0.3212, 0.36235, 0.503, 0.36966, 0.56118, 0.70726, 0.53223, 0.37106, 0.62687, 0.4673, 0.53078, 0.93581, 0.1178, 0.51276, 0.16776, 0.71334, 0.52328, 0.60341, 0.76584, 0.30392, 0.61739, 0.84204, 0.52044, 0.4099, 0.97049, 0.72195, 0.68775, 0.75111, 0.61392, 0.57905, 0.39804, 0.69002, 0.85752, 0.87373, 0.56896, 0.60549, 1.08978, 0.80742, 0.84625, 0.87134, 0.51392, 0.83151, 0.48194, 1.2118, 0.81143, 0.82472, 0.72788, 1.51348, 0.51165, 0.74677, 0.69711, 1.0917, 1.23818, 0.81044, 0.46079, 1.12962, 1.09048, 1.24677, 1.06041, 0.99283, 0.86923, 1.27347, 0.90516, 0.80531, 1.06298, 0.97777, 1.02887, 1.099, 0.87489, 1.3329, 1.18451, 0.7536, 1.38631, 0.74708, 1.36254, 0.98532, 1.252, 0.82761, 1.56432, 1.0, 1.15705, 1.52771, 1.16283, 1.54332, 0.85155, 1.53672, 1.41609, 1.26293, 1.46795, 0.8641, 1.51098, 1.37675, 1.35126, 1.01238, 1.47421, 1.56437, 0.91352, 1.83021, 1.58856, 1.17775, 1.44732, 1.32795, 1.24364, 1.55398, 1.67739, 0.83539, 1.66825, 1.72083, 1.42548, 1.39781, 1.90631, 1.4925, 1.55237, 1.93058, 1.11856, 1.56463, 1.74405, 1.47073, 1.45736, 1.9416, 1.50388, 1.83676, 1.49038, 1.7374, 1.64669, 1.44632, 1.81348, 1.68266, 1.71919, 1.75612, 1.36258, 2.0096, 1.86679, 1.37327, 1.92272, 1.75625, 1.63021, 1.9694, 1.90294, 2.01564, 1.72418, 1.73002, 1.82444, 1.86183, 1.64952, 1.62921, 2.15936, 2.19162, 1.61947, 2.25385, 1.42915, 1.88441, 2.20069, 1.87343, 1.86953, 2.11604, 1.84416, 1.88452, 1.95697, 2.32275, 1.24458, 2.58226, 2.91124, 0.0, 2.39347, 0.87351, 3.14813, 0.0, 2.44961, 3.6315, 0.0, 2.21411, 2.98043, 2.25026, 0.0, 2.49511, 0.76271, 2.53548, 3.47676, 0.88076, 0.99565, 2.40012, 4.24386, 0.0, 0.0, 2.21458, 3.31332, 4.87798, 0.0, 1.85183, 2.71099, 1.19271, 2.38349, 3.46377, 2.12768, 1.52227, 2.59045, 2.39813, 4.01827, 0.0, 1.71607, 1.53595, 3.38164, 0.0, 1.19741, 3.20406, 4.42865, 0.0, 3.21629, 0.9471, 2.22558, 3.7323, 0.0, 3.29176, 4.14149, 2.56259, 3.47445, 1.66792, 3.0007, 3.36458, 2.40723, 1.93805, 3.3032, 2.47576, 2.86494, 2.39995, 2.62338, 2.64344, 2.77474, 1.80132, 3.7291, 1.55263, 2.97848, 2.81421, 2.74247, 2.79885, 2.62877, 1.57311, 3.11766, 2.59025, 3.35399, 1.66876, 3.55697, 1.88481, 3.70433, 2.69817, 3.06925, 2.99589, 2.80537, 3.36015, 0.0, 4.09852, NaN, 0.0, 0.0, 2.67319, 2.47251, 4.85506, 0.0]"
UDE-NN,15318,300,1,10,1,177.417,0.21737,0.52101,0.95322,0.85549,0.88608,0.89826,0.91762,0.61818,0,0,0.20606,0.4779,0.19928,1.43662,1.45599,1.44343,1.39132,0.19928,1.15345,1.26289,1.28218,1.2526,1.25981,6.72726,8.41685,8.9218,8.75185,"[16.0174, 16.03971, 15.60066, 15.37439, 15.07113, 14.80707, 14.53904, 14.28133, 14.0292, 13.78365, 13.54415, 13.31053, 13.08255, 12.86001, 12.64269, 12.43038, 12.22289, 12.02003, 11.8216, 11.62741]","[0.05569, 0.22155, 0.23369, 0.01002, 0.03573, 0.04596, -0.11262, -0.13318, 0.03659, 0.18246, 0.19289, 0.10601, 0.06534, 0.16563, 0.091, 0.26507, 0.26315, 0.05215, 0.00186, 0.15752, 0.21175, 0.24559, 0.35116, 0.51152, 0.59092, 0.39881, 0.44056, 0.416, 0.31842, 0.35315, 0.47514, 0.42989, 0.23235, 0.37266, 0.33697, 0.45513, 0.54792, 0.56728, 0.4636, 0.58383, 0.76555, 0.69888, 0.69089, 0.65906, 0.88477, 0.94481, 0.84272, 0.68431, 0.77485, 0.64291, 0.91212, 0.68568, 0.3694, 0.08445, 0.03346, 0.12009, 0.07696, 0.14426, 0.27268, 0.28929, 0.45509, 0.6048, 0.72605, 0.69342, 0.43988, 0.39292, 0.2624, 0.26016, 0.34656, 0.15968, 0.32708, 0.37326, 0.19421, 0.26157, 0.37619, 0.56164, 0.74443, 0.57375, 0.57011, 0.5163, 0.51703, 0.80819, 0.9108, 0.85763, 0.69892, 0.547, 0.38427, 0.54348, 0.80601, 0.88446, 0.99189, 0.996, 0.89887, 0.72083, 0.7279, 0.78423, 0.63512, 0.69428, 1.04893, 1.01374, 0.8857, 0.92793, 1.07489, 1.14303, 1.07802, 1.03595, 1.24993, 1.11915, 1.03625, 1.15129, 1.12801, 1.03248, 1.25122, 1.22296, 1.32583, 1.32985, 1.54998, 1.57082, 1.33735, 1.33449, 1.33644, 1.26049, 1.30645, 1.30278, 1.34813, 1.31265, 1.34735, 1.09282, 0.83123, 0.95177, 0.95639, 0.95109, 0.99295, 1.17438, 1.1937, 1.32994, 1.28974, 1.32486, 1.38027, 1.5775, 1.6677, 1.36561, 1.23968, 1.08458, 1.14945, 1.65395, 1.71604, 1.69419, 1.74377, 1.80599, 1.6594, 1.38604, 1.14351, 1.17711, 1.23141, 1.30883, 1.45461, 1.2394, 1.12164, 1.03288, 1.0267, 1.08862, 1.34462, 1.55514, 1.53109, 1.59751, 1.85641, 1.93597, 1.79071, 1.96674, 2.02122, 2.02682, 2.03346, 2.00754, 2.04701, 2.13293, 2.10113, 2.07079, 1.86514, 1.86333, 1.69289, 1.60679, 1.86672, 2.01895, 1.78119, 1.83116, 1.95973, 2.12457, 1.96773, 2.23409, 2.26563, 2.26105, 2.24121, 2.2043, 2.17643, 2.19211, 1.93819, 2.18965, 2.29234, 2.16089, 1.93354, 2.19177, 2.15156, 2.0544, 1.96486, 2.03122, 2.0741, 2.10337, 1.93741, 1.94814, 1.98429, 2.12482, 2.12151, 2.15381, 2.23927, 2.06837, 2.18158, 2.30972, 2.38958, 2.45601, 2.50441, 2.46484, 2.41436, 2.38616, 2.11234, 2.04573, 2.23852, 2.28476, 2.14672, 2.15488, 2.11386, 2.32208, 2.42194, 2.38683, 2.33586, 2.17093, 2.23492, 2.24857, 2.47849, 2.57037, 2.4327, 2.63966, 2.59359, 2.4716, 2.51872, 2.41572, 2.46817, 2.55108, 2.48303, 2.62215, 2.68464, 2.58942, 2.52117, 2.5612, 2.47678, 2.4004, 2.35393, 2.34232, 2.4776, 2.58165, 2.62998, 2.48499, 2.32808, 2.50755, 2.57822, 2.84062, 2.86287, 2.57689, 2.66479, 2.75447, 2.9968, 2.89856, 2.66452, 2.63914, 2.81423, 2.73635, 2.76871, 2.76918, 2.69755, 2.98682, 3.23492, 3.23381, 3.13036, 3.08526, 2.77394, 2.71807, 3.11407, 3.09212, 3.02262, 2.95977, 2.86923, 2.92783, 2.82678, 2.69103, 2.77397, 2.81805, 2.95017, 2.98046, 2.91656, 2.92627]"
GP,15318,300,1,10,1,1367.196,0.01741,0.52101,1,0.98765,0.975,0.98755,0.99327,0.65882,0,0,0.21961,0.50932,0.16076,1.46016,1.45951,1.43929,1.39621,0.16076,1.16976,1.25901,1.2714,1.25399,1.01628,6.82042,8.36413,8.81515,8.73818,"[15.97888, 16.01541, 15.5697, 15.34293, 15.03779, 14.77182, 14.50207, 14.24249, 13.98854, 13.74113, 13.49976, 13.26426, 13.03438, 12.80992, 12.59067, 12.37641, 12.16695, 11.96208, 11.76163, 11.5654]","[0.01705, 0.02665, 0.0362, 0.04564, 0.05509, 0.06466, 0.07423, 0.08379, 0.09322, 0.10286, 0.11237, 0.12175, 0.13112, 0.14032, 0.14941, 0.1581, 0.16674, 0.17537, 0.18412, 0.1932, 0.20236, 0.21142, 0.22044, 0.22952, 0.23873, 0.24815, 0.25736, 0.2666, 0.27574, 0.28481, 0.29393, 0.30297, 0.31188, 0.32063, 0.32942, 0.33835, 0.34739, 0.35642, 0.36577, 0.37502, 0.38425, 0.3933, 0.40248, 0.41174, 0.42105, 0.43073, 0.44051, 0.4502, 0.46024, 0.47034, 0.48058, 0.49131, 0.50212, 0.5129, 0.5237, 0.53453, 0.5453, 0.55619, 0.56694, 0.57737, 0.58797, 0.59875, 0.6094, 0.62026, 0.63056, 0.64118, 0.65192, 0.66259, 0.67333, 0.68429, 0.69539, 0.70633, 0.71736, 0.72838, 0.73924, 0.74993, 0.76068, 0.77149, 0.7821, 0.79285, 0.8034, 0.81375, 0.82391, 0.83415, 0.84391, 0.85371, 0.86381, 0.87395, 0.88417, 0.89435, 0.90461, 0.91474, 0.9248, 0.93468, 0.94466, 0.95456, 0.96442, 0.97395, 0.98357, 0.99335, 1.00282, 1.01232, 1.02163, 1.03084, 1.04, 1.04913, 1.05841, 1.06782, 1.07718, 1.08659, 1.09619, 1.10564, 1.11517, 1.12481, 1.1348, 1.14498, 1.15489, 1.16496, 1.1748, 1.18473, 1.19438, 1.20402, 1.21333, 1.22243, 1.2315, 1.24051, 1.24951, 1.25865, 1.26762, 1.27699, 1.28669, 1.29598, 1.30548, 1.31511, 1.32464, 1.33421, 1.34385, 1.35388, 1.36406, 1.37414, 1.38438, 1.39436, 1.40456, 1.41515, 1.42562, 1.43606, 1.44698, 1.45794, 1.46869, 1.4794, 1.49025, 1.50169, 1.51197, 1.5228, 1.53396, 1.5453, 1.5566, 1.56737, 1.57828, 1.58924, 1.6002, 1.61087, 1.62178, 1.6327, 1.64335, 1.65406, 1.66487, 1.67513, 1.68523, 1.69557, 1.70577, 1.71623, 1.72657, 1.73719, 1.74774, 1.75857, 1.76911, 1.7801, 1.79076, 1.80157, 1.81209, 1.82296, 1.8342, 1.8458, 1.85746, 1.86928, 1.88146, 1.89299, 1.90461, 1.91612, 1.92791, 1.93943, 1.95081, 1.96184, 1.97247, 1.98327, 1.99374, 2.00412, 2.01471, 2.02447, 2.03414, 2.04382, 2.05385, 2.06371, 2.07364, 2.08321, 2.09291, 2.10272, 2.11231, 2.12207, 2.13197, 2.14203, 2.15225, 2.16243, 2.17261, 2.18235, 2.19183, 2.20117, 2.21045, 2.21995, 2.22927, 2.23859, 2.24757, 2.25642, 2.26528, 2.27411, 2.2831, 2.2923, 2.30152, 2.31056, 2.31969, 2.32891, 2.33825, 2.34724, 2.35631, 2.36538, 2.37441, 2.3835, 2.39261, 2.40176, 2.41088, 2.41995, 2.42938, 2.43893, 2.44856, 2.45813, 2.46723, 2.47603, 2.48469, 2.49324, 2.50174, 2.51039, 2.51895, 2.52761, 2.53629, 2.54512, 2.55386, 2.56276, 2.57171, 2.58076, 2.58997, 2.59875, 2.60742, 2.6165, 2.62591, 2.63533, 2.64458, 2.65384, 2.66319, 2.67266, 2.68204, 2.69128, 2.70017, 2.70907, 2.71822, 2.72748, 2.73689, 2.74644, 2.75575, 2.7651, 2.77468, 2.78425, 2.79385, 2.80335, 2.81266, 2.82189, 2.8312, 2.84058, 2.85005, 2.85971, 2.86966, 2.8799, 2.89041, 2.9008, 2.91124, 2.92199, 2.93213, 2.94293, 2.95392, 2.96493]"
ARIMA,15318,300,1,10,1,21.71,,,,,,,,,,,,,0.88022,0.62871,2.66607,3.18071,3.14191,0.88022,0.5914,1.98356,2.48871,2.58392,5.56464,3.57034,14.84948,19.31408,19.70146,"[16.69834, 16.75361, 16.84181, 16.91648, 16.97778, 17.02587, 17.06097, 17.08329, 17.09308, 17.09062, 17.07619, 17.05011, 17.0127, 16.96432, 16.90533, 16.83611, 16.75705, 16.66856, 16.57105, 16.46496]",
RandomWalk,15318,300,1,10,1,1.165,,,,,,,,,,,,,1.1548,0.72888,2.61318,3.12015,3.09592,1.1548,0.67621,1.97704,2.46824,2.56997,7.30046,4.10735,14.75076,19.10719,19.55438,"[16.97292, 16.97292, 16.97292, 16.97292, 16.97292, 16.97292, 16.97292, 16.97292, 16.97292, 16.97292, 16.97292, 16.97292, 16.97292, 16.97292, 16.97292, 16.97292, 16.97292, 16.97292, 16.97292, 16.97292]",
LSTM,15318,300,1,10,1,602.747,,,,,,,,,,,,,0.90745,0.66989,1.52317,1.49186,1.62867,0.90745,0.62009,1.25248,1.26286,1.42541,5.73676,3.74066,9.0741,9.37805,10.46948,"[16.72557, 16.90919, 17.10641, 16.87168, 16.70769, 16.3153, 15.8502, 15.39316, 14.81771, 14.24893, 13.66498, 13.06187, 12.43697, 11.8571, 11.4671, 11.3711, 11.47908, 11.55364, 11.50943, 11.3466]",
Alg_c,15318,300,1,10,1,0,0.52101,0.52101,0.84887,0.50323,0.59091,0.64767,0.7118,0.64596,0.14063,0,0.2622,0.5384,,,,,,,,,,,,,,,,,"[0.0, 0.50462, 0.71983, 0.0, 0.05983, 0.3803, 0.0, 0.0, 0.06442, 0.44966, 0.37891, 0.02126, 0.0, 0.59871, 0.0, 0.64638, 0.74411, 0.0, 0.0, 0.38263, 0.25221, 0.10275, 0.23156, 0.67764, 1.18738, 0.0, 0.58815, 0.58804, 0.03278, 0.15516, 0.80699, 0.8282, 0.0, 0.9516, 0.0, 0.51331, 0.68579, 0.84422, 0.0, 0.38397, 1.34852, 0.49154, 0.83425, 0.0831, 1.23809, 1.25972, 0.90231, 0.19812, 1.17308, 0.00145, 1.86429, 1.03782, 0.22509, 0.0, 0.0, 0.28307, 0.0, 0.0, 0.43671, 0.01644, 0.42604, 0.76123, 1.12711, 1.08271, 0.11043, 0.43092, 0.0, 0.14162, 0.68429, 0.0, 0.53869, 0.80493, 0.0, 0.0, 0.20244, 0.70089, 1.47703, 0.3495, 0.57832, 0.31496, 0.0, 1.19486, 1.29464, 1.06538, 0.67702, 0.50225, 0.0, 0.25907, 1.15931, 0.88166, 1.21512, 1.21794, 1.03563, 0.3479, 0.63876, 1.21724, 0.20133, 0.13503, 1.79563, 1.13391, 0.54799, 0.71306, 1.22633, 1.41302, 1.04387, 0.43496, 2.01484, 0.97066, 0.62636, 1.42222, 1.28672, 0.3197, 1.825, 0.97005, 1.5077, 0.90999, 1.90225, 2.04416, 0.88713, 1.34174, 1.51174, 0.98028, 1.46814, 1.15001, 1.57637, 1.0344, 1.97833, 1.0354, 0.03346, 1.12198, 0.94985, 0.85238, 0.68743, 1.53684, 0.8875, 1.72429, 1.13557, 1.26327, 1.11391, 1.72914, 2.45678, 1.00217, 1.1746, 0.55504, 0.37886, 2.47111, 2.05642, 1.56613, 1.73691, 2.34041, 2.17619, 1.22525, 0.53094, 0.96244, 1.11253, 1.23163, 2.15478, 1.1556, 0.96164, 0.80097, 0.75932, 0.63767, 1.41316, 2.03218, 1.30515, 1.13148, 2.17735, 2.31294, 1.1698, 2.2128, 2.1452, 2.03421, 2.09129, 1.85921, 1.92659, 2.36632, 2.18734, 2.34646, 1.51128, 2.15449, 1.39223, 0.85249, 2.13764, 2.81248, 1.25052, 1.24834, 2.03996, 2.64329, 1.34501, 2.53613, 2.50341, 2.32823, 2.28572, 2.17097, 2.1277, 2.67407, 1.00564, 2.23787, 2.73302, 2.42635, 0.89916, 2.75132, 2.22499, 2.07867, 1.63669, 2.10364, 2.04862, 2.53742, 1.54368, 1.90779, 1.78665, 2.40379, 2.04713, 2.02172, 2.81514, 1.42867, 2.19881, 2.42207, 2.40034, 2.46869, 2.68063, 2.45959, 2.19834, 3.13414, 1.56709, 1.48874, 2.59848, 2.70691, 1.68745, 2.42687, 1.52549, 2.511, 2.67244, 2.30296, 2.69892, 1.55995, 2.53585, 1.68344, 2.76034, 3.24153, 1.33144, 3.28036, 2.70217, 2.09513, 2.88461, 2.0436, 2.37711, 3.10271, 1.74578, 2.91887, 3.06018, 2.4522, 2.15576, 2.99359, 2.40735, 2.34824, 2.37036, 1.99607, 2.61538, 2.57008, 3.05983, 2.53075, 1.47459, 2.87396, 2.04615, 3.29069, 3.5959, 1.61551, 2.78962, 2.31862, 3.6813, 3.15752, 2.11511, 2.1526, 3.52913, 2.38171, 2.82589, 3.07097, 1.8462, 3.06731, 3.72969, 3.39013, 2.85348, 3.82893, 2.2265, 1.6384, 4.18441, 3.001, 2.98463, 3.02668, 2.59302, 3.23079, 2.89502, 2.26789, 2.77639, 2.6511, 3.1727, 3.19403, 2.78766]"
UDE-NN,46189,300,1,10,1,199.525,0.11341,0.97165,0.97076,0.91139,0.95349,0.94521,0.95213,0.90037,0.66187,0.81818,0.79347,0.82387,0.57939,0.36637,0.32225,0.30193,0.27344,0.57939,0.27949,0.24899,0.23521,0.19925,100,7367.47122,356215.8467,296863.2046,5.23E+06,"[0.0, 0.0, 0.0, 0.0, 0.0, 0.0, 0.0, 0.0, 0.0, 0.0, 1.0e-5, 1.0e-5, 3.0e-5, 5.0e-5, 0.0001, 0.00019, 0.00036, 0.0007, 0.00137, 0.00266]","[-0.12101, -0.09344, -0.16518, -0.17275, -0.15646, -0.09723, -0.0151, 0.0258, 0.13245, 0.11793, 0.01472, 0.03611, 0.06581, 0.20438, 0.27363, 0.21106, 0.11101, 0.04891, 0.08861, 0.21836, 0.18959, 0.19131, 0.35249, 0.33304, 0.15167, 0.08862, 0.06161, 0.08194, 0.11483, 0.11561, 0.18926, 0.17281, 0.06733, 0.12756, 0.14904, 0.14573, 0.06792, 0.102, 0.13809, 0.12953, 0.19967, 0.28611, 0.35928, 0.41304, 0.48394, 0.49182, 0.5184, 0.5496, 0.50564, 0.35467, 0.40866, 0.53196, 0.49548, 0.43676, 0.44009, 0.51919, 0.56358, 0.53299, 0.55699, 0.50271, 0.51019, 0.5867, 0.58101, 0.58968, 0.6017, 0.67189, 0.66122, 0.63154, 0.5229, 0.49061, 0.72668, 0.83128, 0.81363, 0.78584, 0.91843, 0.88766, 0.83956, 0.78108, 0.82537, 0.78081, 0.81003, 0.75808, 0.7227, 0.66056, 0.74052, 0.78615, 0.80498, 0.72426, 0.78973, 0.73877, 0.85444, 0.89204, 0.93756, 0.85391, 0.91763, 0.92665, 0.97983, 0.98276, 1.02932, 1.15532, 1.10056, 1.10557, 1.08813, 1.09889, 1.17026, 1.1091, 1.05417, 1.0736, 1.04512, 1.01728, 0.98069, 1.00039, 1.05372, 1.17952, 1.16604, 1.21583, 1.17024, 1.07997, 1.11757, 1.20123, 1.28118, 1.17318, 1.15136, 1.14807, 1.23469, 1.20711, 1.28442, 1.28627, 1.26185, 1.28782, 1.31186, 1.28817, 1.28129, 1.30505, 1.44051, 1.49157, 1.38218, 1.36186, 1.36452, 1.46307, 1.37615, 1.38397, 1.39573, 1.42191, 1.45628, 1.47382, 1.57316, 1.59192, 1.56685, 1.40971, 1.33352, 1.43673, 1.55163, 1.51599, 1.58706, 1.53029, 1.51572, 1.54839, 1.65356, 1.63978, 1.52802, 1.49885, 1.46209, 1.44566, 1.53361, 1.58152, 1.57983, 1.52563, 1.67905, 1.69656, 1.72282, 1.71307, 1.78024, 1.91431, 1.98023, 1.99778, 1.92584, 1.89791, 1.84375, 1.80746, 1.88691, 1.95735, 1.83971, 1.70079, 1.82263, 1.78532, 1.82786, 1.74392, 1.72803, 1.83027, 1.85871, 1.85084, 1.83161, 1.86114, 2.11185, 2.10049, 2.11985, 2.15221, 2.25401, 2.15537, 2.16347, 2.06643, 1.95624, 1.99278, 2.05583, 2.11313, 2.17272, 2.13913, 2.20562, 2.23476, 2.18586, 2.12789, 2.08029, 2.06372, 2.15864, 2.22117, 2.20492, 2.18464, 2.1703, 2.1731, 2.16722, 2.16463, 2.15425, 2.14806, 2.14446, 2.14509, 2.15173, 2.1847, 2.1829, 2.18011, 2.178, 2.17732, 2.17077, 2.16405, 2.15529, 2.14749, 2.1461, 2.15454, 2.19191, 2.1749, 2.17918, 2.1984, 2.24873, 2.29682, 2.28424, 2.28703, 2.29804, 2.31405, 2.33166, 2.33608, 2.38867, 2.43118, 2.47873, 2.48089, 2.52517, 2.61624, 2.67655, 2.72441, 2.79681, 2.81903, 2.86751, 2.87789, 2.88002, 2.88429, 2.87651, 2.87696, 2.8521, 2.82836, 2.83354, 2.83312, 2.82046, 2.76939, 2.74402, 2.71064, 2.70088, 2.71539, 2.70197, 2.67929, 2.72867, 2.76079, 2.80535, 2.84228, 2.87659, 2.86739, 2.85761, 2.83125, 2.81427, 2.81404, 2.82353, 2.82255, 2.82493, 2.82187, 2.83868, 2.86852, 2.9078, 2.94513, 2.97482, 2.99754, 3.02318, 3.03349]"
GP,46189,300,1,10,1,1296.266,0.31676,0.97165,0.99698,0.79,0,0.59566,0.79616,0.92701,0.53039,0,0.4858,0.6022,0.57939,0.36637,0.32225,0.30193,0.27344,0.57939,0.27949,0.24899,0.23521,0.19925,100,7367.47116,356216.6183,296863.8476,5.23E+06,"[0.0, 0.0, 0.0, 0.0, 0.0, 0.0, 0.0, 0.0, 0.0, 0.0, 1.0e-5, 1.0e-5, 3.0e-5, 5.0e-5, 0.0001, 0.00019, 0.00036, 0.0007, 0.00137, 0.00267]","[-0.18741, -0.17508, -0.16261, -0.14862, -0.13528, -0.12202, -0.11008, -0.09713, -0.0823, -0.06734, -0.05441, -0.03953, -0.02392, -0.00741, 0.00996, 0.02494, 0.04014, 0.0548, 0.06901, 0.08264, 0.09404, 0.10485, 0.11607, 0.12929, 0.14268, 0.15575, 0.16987, 0.18457, 0.19969, 0.21478, 0.2292, 0.24237, 0.25637, 0.27089, 0.28484, 0.29777, 0.31077, 0.32307, 0.33496, 0.34667, 0.35961, 0.37167, 0.38338, 0.39525, 0.40391, 0.41392, 0.42466, 0.43652, 0.44827, 0.46223, 0.4768, 0.49492, 0.51134, 0.5266, 0.54058, 0.55485, 0.56763, 0.5795, 0.59106, 0.60257, 0.61459, 0.62769, 0.6419, 0.6563, 0.66858, 0.68147, 0.69322, 0.70568, 0.7186, 0.7323, 0.74696, 0.76102, 0.77586, 0.78914, 0.80442, 0.81787, 0.82972, 0.8419, 0.85274, 0.8623, 0.87076, 0.87849, 0.887, 0.89511, 0.90429, 0.91368, 0.92199, 0.93041, 0.93921, 0.94768, 0.95575, 0.96489, 0.97415, 0.98307, 0.99191, 0.99942, 1.00594, 1.01188, 1.01765, 1.02423, 1.03154, 1.03919, 1.04766, 1.05643, 1.06482, 1.07311, 1.08265, 1.09043, 1.0979, 1.10597, 1.11381, 1.12125, 1.12931, 1.13691, 1.14439, 1.15157, 1.15836, 1.16487, 1.17176, 1.17802, 1.18499, 1.1921, 1.19842, 1.20468, 1.21196, 1.22039, 1.22946, 1.23963, 1.25002, 1.26132, 1.27261, 1.28351, 1.29463, 1.30532, 1.31558, 1.32457, 1.3329, 1.34099, 1.34921, 1.35616, 1.36346, 1.36903, 1.37376, 1.37772, 1.38115, 1.38375, 1.38642, 1.38932, 1.39102, 1.39289, 1.39515, 1.39872, 1.40421, 1.41209, 1.42156, 1.43177, 1.44287, 1.45509, 1.4663, 1.4806, 1.49309, 1.50479, 1.51812, 1.5327, 1.54511, 1.5579, 1.5728, 1.58884, 1.60555, 1.62168, 1.63978, 1.65656, 1.67401, 1.68972, 1.7054, 1.72072, 1.73614, 1.75148, 1.76676, 1.78377, 1.79926, 1.81443, 1.82769, 1.84227, 1.85754, 1.87244, 1.88646, 1.90011, 1.91458, 1.92832, 1.94341, 1.95672, 1.96863, 1.97893, 1.9891, 1.99923, 2.00965, 2.02157, 2.03422, 2.04709, 2.05756, 2.06697, 2.07539, 2.08312, 2.0909, 2.09948, 2.10833, 2.11763, 2.1266, 2.13452, 2.14135, 2.1473, 2.15179, 2.15499, 2.15679, 2.15709, 2.156, 2.15367, 2.1512, 2.14903, 2.14692, 2.1445, 2.14219, 2.13973, 2.13752, 2.13526, 2.13305, 2.13082, 2.12884, 2.12627, 2.12369, 2.12124, 2.11891, 2.11647, 2.11403, 2.11154, 2.1092, 2.10705, 2.10502, 2.10321, 2.10114, 2.09941, 2.09781, 2.09617, 2.09433, 2.09216, 2.09033, 2.08856, 2.08678, 2.08498, 2.08314, 2.08149, 2.0797, 2.078, 2.07615, 2.07459, 2.07322, 2.07153, 2.06974, 2.06802, 2.0661, 2.06431, 2.06223, 2.06003, 2.05789, 2.05565, 2.05358, 2.05145, 2.04951, 2.04781, 2.04586, 2.04385, 2.04168, 2.03998, 2.03836, 2.03681, 2.03523, 2.03349, 2.03171, 2.03023, 2.02847, 2.02675, 2.0249, 2.02289, 2.0205, 2.01823, 2.01595, 2.01401, 2.01206, 2.01011, 2.00799, 2.00585, 2.00357, 2.00183, 1.99973, 1.99769, 1.99548, 1.99313, 1.99066, 1.98832]"
ARIMA,46189,300,1,10,1,20.008,,,,,,,,,,,,,0.57939,0.36637,0.32225,0.30193,0.27345,0.57939,0.27949,0.24899,0.23521,0.19925,100,80,80,83.33333,73.33333,"[0.0, 0.0, 0.0, 0.0, 0.0, 0.0, 0.0, 0.0, 0.0, 0.0, 0.0, 0.0, 0.0, 0.0, 0.0, 0.0, 0.0, 0.0, 0.0, 0.0]",
RandomWalk,46189,300,1,10,1,1.233,,,,,,,,,,,,,0.57939,0.36637,0.32225,0.30193,0.27345,0.57939,0.27949,0.24899,0.23521,0.19925,100,80,80,83.33333,73.33333,"[0.0, 0.0, 0.0, 0.0, 0.0, 0.0, 0.0, 0.0, 0.0, 0.0, 0.0, 0.0, 0.0, 0.0, 0.0, 0.0, 0.0, 0.0, 0.0, 0.0]",
LSTM,46189,300,1,10,1,642.833,,,,,,,,,,,,,0.1911,0.27528,0.29328,0.299,0.33244,0.1911,0.25385,0.25976,0.27079,0.30351,32.98288,8.32E+10,9.12E+10,7.60E+10,1.26E+11,"[0.38829, 0.35228, 0.41596, 0.41708, 0.45443, 0.4637, 0.48289, 0.4887, 0.48923, 0.49632, 0.4917, 0.49276, 0.49069, 0.49026, 0.48841, 0.48757, 0.48637, 0.48578, 0.48526, 0.48487]",
Alg_c,46189,300,1,10,1,0,0.97165,0.97165,0.89375,0.56911,0.61972,0.69419,0.77499,0.82482,0.40741,0.66667,0.63296,0.69867,,,,,,,,,,,,,,,,,"[0.0, 0.09968, 0.0, 0.0, 0.0, 0.0, 0.05901, 0.0, 0.3597, 0.26821, 0.0, 0.0, 0.0, 0.32659, 0.55995, 0.30642, 0.02166, 0.0, 0.0, 0.55045, 0.13503, 0.0, 0.72243, 0.67036, 0.0, 0.0, 0.0, 0.05351, 0.16198, 0.0, 0.37861, 0.32567, 0.0, 0.17543, 0.20748, 0.29526, 0.0, 0.09126, 0.22094, 0.0, 0.16418, 0.31762, 0.40885, 0.34969, 0.62682, 0.43707, 0.49104, 0.71135, 0.7385, 0.0, 0.198, 0.85424, 0.57244, 0.29626, 0.27157, 0.58043, 0.71962, 0.40212, 0.73423, 0.36764, 0.37846, 0.74489, 0.57001, 0.57958, 0.4705, 0.84556, 0.68786, 0.79121, 0.3137, 0.0, 1.00336, 1.10641, 0.77422, 0.46791, 1.23205, 0.89701, 0.86816, 0.552, 1.05091, 0.55425, 1.04062, 0.68262, 0.83355, 0.34152, 0.82536, 0.79169, 1.0571, 0.34296, 1.16406, 0.27463, 1.0753, 0.8083, 1.25238, 0.49423, 1.1084, 0.76873, 1.15918, 0.88202, 0.75849, 1.66134, 0.8425, 1.19177, 1.04255, 0.9008, 1.51857, 1.10197, 0.8627, 1.22792, 1.02022, 1.06713, 0.85547, 0.97849, 0.83792, 1.56234, 0.89892, 1.44804, 1.27895, 0.79513, 1.08352, 1.14466, 1.76511, 0.85688, 1.22149, 0.88169, 1.58756, 0.89172, 1.46804, 1.32644, 1.15131, 1.28803, 1.41527, 1.25072, 1.23923, 1.04861, 1.58703, 1.86255, 1.1011, 1.39857, 1.06991, 1.97023, 1.02761, 1.45037, 1.36479, 1.39247, 1.61473, 1.10298, 1.81927, 1.4706, 2.16735, 1.09042, 0.79528, 1.48153, 1.98472, 1.15648, 1.92513, 1.39895, 1.45496, 1.41905, 1.87857, 1.85298, 1.31841, 1.52239, 1.43619, 1.22453, 1.64015, 1.68598, 1.64036, 1.11015, 1.94017, 1.72932, 1.76955, 1.55308, 1.64144, 2.04791, 2.08428, 2.17961, 1.83877, 1.94768, 1.80108, 1.57105, 1.84634, 2.34665, 1.84206, 1.18514, 2.11775, 1.60567, 2.09231, 1.6267, 1.5069, 1.96137, 1.93138, 1.88639, 1.79226, 1.29368, 2.78913, 1.90246, 2.11369, 2.00446, 2.69403, 1.82671, 2.42965, 2.12931, 1.61202, 2.01761, 2.08423, 2.06459, 2.42307, 1.86146, 2.29019, 2.39866, 2.16714, 2.11825, 2.10893, 1.68336, 2.36034, 2.67063, 9.61752, NaN, 0.99953, 2.81746, 0.0, 4.38466, NaN, 2.12149, 1.46067, 1.80047, 0.0, 2.95728, NaN, 0.0, 0.41587, 3.69992, 0.0, 4.85415, 0.0, 0.0, 1.86326, 0.05166, 3.57109, 0.0, 2.19901, 1.74853, 2.13618, 4.05909, 0.0, 2.29815, 2.23603, 2.22079, 2.94687, 0.0, 2.78214, 1.93307, 3.53187, 0.0, 2.06358, 3.02171, 3.01271, 1.48859, 3.82588, 0.0, 3.57302, 4.12179, 1.31607, 4.13266, 0.0, 3.92905, 1.98121, 1.30794, 2.9489, 3.08289, 5.44554, 0.0, 3.23678, 2.31591, 2.32379, 3.17283, 3.32316, 0.0, 3.26222, 2.19277, 2.98866, 2.77408, 4.96213, NaN, 5.61502, 0.0, 2.29872, 2.37409, 3.36089, 1.78235, 5.05495, NaN, 2.6971, 1.09953, 2.93575, 3.92769, 8.2835, NaN, 4.99779]"
UDE-NN,97565,300,1,10,1,205.4,0.13104,1.77305,0.9914,0.90173,0.79412,0.89575,0.93967,0.9622,0.73469,0.65854,0.78514,0.85071,0.0436,0.35516,0.3709,0.39508,0.3779,0.0436,0.27364,0.27981,0.29194,0.28636,99.99998,4502.54943,21684.59931,126291.2892,101053.031,"[0.0, 0.0, 0.0, 0.0, 0.0, 0.0, 0.0, 0.0, 0.0, 0.0, 0.0, 0.0, 0.0, 0.0, 1.0e-5, 1.0e-5, 2.0e-5, 3.0e-5, 5.0e-5, 8.0e-5]","[0.09898, 0.0163, 0.03522, 0.01465, 0.09198, 0.12996, 0.29607, 0.20052, 0.13384, 0.13123, 0.07007, 0.06916, -0.0036, -0.08681, -0.05161, -0.01161, 0.00921, 0.14494, 0.20148, 0.15828, 0.21664, 0.28033, 0.36508, 0.33668, 0.4169, 0.33084, 0.32981, 0.30149, 0.29691, 0.25107, 0.21439, 0.17092, 0.36439, 0.45794, 0.39827, 0.3779, 0.41636, 0.3131, 0.23482, 0.25718, 0.37773, 0.35668, 0.4076, 0.52134, 0.48796, 0.51144, 0.61648, 0.57298, 0.61474, 0.54546, 0.51354, 0.50145, 0.47794, 0.56988, 0.66879, 0.64468, 0.54196, 0.42293, 0.40824, 0.41194, 0.31955, 0.29326, 0.43483, 0.50949, 0.55235, 0.48706, 0.64479, 0.72543, 0.7096, 0.57243, 0.60356, 0.70196, 0.69521, 0.70533, 0.81867, 0.80967, 0.67988, 0.65768, 0.7825, 0.81744, 0.75381, 0.59998, 0.73457, 0.79834, 0.70544, 0.79437, 0.93004, 0.95617, 0.92533, 0.93143, 0.90147, 0.95013, 1.07811, 1.03891, 1.00903, 1.02156, 1.05729, 0.99147, 0.89892, 0.9481, 0.9971, 1.08015, 1.0221, 1.00006, 1.07101, 1.1155, 1.08274, 1.04489, 0.94518, 0.93888, 0.93394, 1.01843, 1.07989, 1.12996, 1.17616, 1.06107, 1.10116, 1.0565, 1.00711, 1.09895, 1.20862, 1.23209, 1.37473, 1.36096, 1.27106, 1.28229, 1.42119, 1.45934, 1.33159, 1.30751, 1.28089, 1.27889, 1.21892, 1.19766, 1.23161, 1.20371, 1.1459, 1.29906, 1.40269, 1.38327, 1.37996, 1.29208, 1.32586, 1.29407, 1.269, 1.40865, 1.43695, 1.536, 1.57061, 1.52061, 1.52201, 1.51922, 1.42332, 1.42948, 1.45533, 1.485, 1.50063, 1.46462, 1.46248, 1.43919, 1.41422, 1.48907, 1.6731, 1.73969, 1.70393, 1.76402, 1.73868, 1.74223, 1.72091, 1.72192, 1.79851, 1.7901, 1.74385, 1.68775, 1.62608, 1.67074, 1.60486, 1.56084, 1.63372, 1.73636, 1.74786, 1.80678, 1.89731, 1.81802, 1.8511, 1.942, 2.05139, 2.0586, 2.18453, 2.07831, 2.01392, 1.90698, 1.89614, 1.84132, 1.85339, 1.80858, 1.85454, 1.90239, 1.92999, 1.93079, 1.89654, 1.8991, 2.12742, 2.13238, 2.14681, 2.03033, 1.97356, 1.9903, 2.0943, 1.99978, 2.05617, 2.1715, 2.1846, 2.19613, 2.23118, 2.31228, 2.27153, 2.22185, 2.19586, 2.16911, 2.22814, 2.2861, 2.24343, 2.18819, 2.24424, 2.17602, 2.17871, 2.16417, 2.14335, 2.11975, 2.09653, 2.07546, 2.05939, 2.07771, 2.09075, 2.10944, 2.11309, 2.11645, 2.11912, 2.12698, 2.14078, 2.14958, 2.15999, 2.17392, 2.18891, 2.21812, 2.22021, 2.2219, 2.22184, 2.22339, 2.23545, 2.23814, 2.2502, 2.26836, 2.28529, 2.30494, 2.31841, 2.33222, 2.34472, 2.35758, 2.37096, 2.38271, 2.39997, 2.40933, 2.41844, 2.42775, 2.44514, 2.45489, 2.46664, 2.49835, 2.53593, 2.56624, 2.59519, 2.63032, 2.66274, 2.71329, 2.72304, 2.73261, 2.76149, 2.7627, 2.77437, 2.76588, 2.77291, 2.75583, 2.76065, 2.82989, 2.84314, 2.84538, 2.84873, 2.84204, 2.83365, 2.82767, 2.82147, 2.80908, 2.80082, 2.8019, 2.83553, 2.85014, 2.86669, 2.87572]"
GP,97565,300,1,10,1,1269.942,0.628,1.77305,0.84314,0.84564,0,0.56292,0.72819,0.77778,0.82927,0,0.53568,0.62394,0.0436,0.35516,0.3709,0.39508,0.3779,0.0436,0.27364,0.27981,0.29194,0.28636,99.99998,4502.54922,21684.59972,126291.5115,101053.2087,"[0.0, 0.0, 0.0, 0.0, 0.0, 0.0, 0.0, 0.0, 0.0, 0.0, 0.0, 0.0, 0.0, 0.0, 1.0e-5, 1.0e-5, 2.0e-5, 3.0e-5, 5.0e-5, 8.0e-5]","[0.01158, 0.02126, 0.0306, 0.04072, 0.05132, 0.05992, 0.06736, 0.07676, 0.08922, 0.10189, 0.11347, 0.12457, 0.13622, 0.14855, 0.16063, 0.17117, 0.18547, 0.20169, 0.21751, 0.23321, 0.24978, 0.26624, 0.28436, 0.29896, 0.31271, 0.32771, 0.33863, 0.3523, 0.36515, 0.37878, 0.38979, 0.39907, 0.41133, 0.42296, 0.43362, 0.44298, 0.4511, 0.45886, 0.47, 0.48103, 0.49163, 0.50246, 0.51224, 0.52014, 0.5265, 0.53196, 0.53871, 0.54475, 0.54944, 0.55399, 0.55845, 0.56298, 0.56976, 0.57719, 0.58519, 0.5938, 0.60278, 0.61195, 0.62182, 0.63339, 0.64181, 0.64873, 0.6545, 0.65949, 0.66476, 0.66941, 0.67163, 0.67305, 0.67318, 0.67406, 0.67433, 0.67472, 0.67634, 0.67877, 0.68341, 0.68965, 0.69455, 0.701, 0.70792, 0.71628, 0.7235, 0.73121, 0.74027, 0.75077, 0.7582, 0.76401, 0.77183, 0.77998, 0.78619, 0.79177, 0.79824, 0.80479, 0.81007, 0.81602, 0.81897, 0.82051, 0.82339, 0.82492, 0.82698, 0.82925, 0.83469, 0.8395, 0.84705, 0.85637, 0.86806, 0.87744, 0.88741, 0.89896, 0.91127, 0.92343, 0.93348, 0.94392, 0.95604, 0.97124, 0.98714, 1.00228, 1.01662, 1.03117, 1.04548, 1.06063, 1.07582, 1.08949, 1.1024, 1.12088, 1.13295, 1.14956, 1.16738, 1.18519, 1.20251, 1.22165, 1.2402, 1.25649, 1.27198, 1.2859, 1.29807, 1.31064, 1.32353, 1.337, 1.34891, 1.35832, 1.36765, 1.37525, 1.38216, 1.39026, 1.39777, 1.40586, 1.41648, 1.4281, 1.43849, 1.45082, 1.46255, 1.47552, 1.48894, 1.50007, 1.51302, 1.5269, 1.5381, 1.55279, 1.56981, 1.58723, 1.60386, 1.62211, 1.64078, 1.65817, 1.6742, 1.69114, 1.70571, 1.71809, 1.73309, 1.74703, 1.76303, 1.77735, 1.78945, 1.80104, 1.80895, 1.81802, 1.83054, 1.84101, 1.85261, 1.86112, 1.86914, 1.87579, 1.88215, 1.88942, 1.89832, 1.90943, 1.92386, 1.93776, 1.95201, 1.96276, 1.97328, 1.98272, 1.99087, 1.99729, 2.00297, 2.00773, 2.01203, 2.01841, 2.02598, 2.03407, 2.03968, 2.04431, 2.04844, 2.05248, 2.05412, 2.05373, 2.05081, 2.04923, 2.0476, 2.04627, 2.04509, 2.04559, 2.04665, 2.05006, 2.05435, 2.05939, 2.06404, 2.06846, 2.07146, 2.07397, 2.07359, 2.07099, 2.0658, 2.0584, 2.04896, 2.03826, 2.02493, 2.01132, 1.9968, 1.98192, 1.96684, 1.95191, 1.93722, 1.92271, 1.90904, 1.89434, 1.87981, 1.86481, 1.84988, 1.83501, 1.82059, 1.80624, 1.79169, 1.77718, 1.76267, 1.74811, 1.73379, 1.71886, 1.70393, 1.68894, 1.67423, 1.65992, 1.64517, 1.63099, 1.61632, 1.6014, 1.58668, 1.57162, 1.55663, 1.5415, 1.52652, 1.51165, 1.49675, 1.48229, 1.46745, 1.45256, 1.43771, 1.42352, 1.40872, 1.39421, 1.38026, 1.36579, 1.35099, 1.33617, 1.32182, 1.30729, 1.29304, 1.27824, 1.26355, 1.24949, 1.23507, 1.22076, 1.20615, 1.19195, 1.17758, 1.16363, 1.14978, 1.13528, 1.12041, 1.10559, 1.09061, 1.07563, 1.06094, 1.04625, 1.03147, 1.01711, 1.00293, 0.98891, 0.97424, 0.95961]"
ARIMA,97565,300,1,10,1,19.035,,,,,,,,,,,,,0.01448,0.31839,0.33479,0.35967,0.34151,0.01448,0.24802,0.25193,0.26871,0.25773,33.20781,1.01E+10,1.01E+10,1.26E+10,1.01E+10,"[0.05808, 0.049, 0.05042, 0.0502, 0.05023, 0.05023, 0.05023, 0.05023, 0.05023, 0.05023, 0.05023, 0.05023, 0.05023, 0.05023, 0.05023, 0.05023, 0.05023, 0.05023, 0.05023, 0.05023]",
RandomWalk,97565,300,1,10,1,1.203,,,,,,,,,,,,,0.0436,0.35516,0.3709,0.39508,0.3779,0.0436,0.27364,0.27981,0.29194,0.28636,100,80,80,75,80,"[0.0, 0.0, 0.0, 0.0, 0.0, 0.0, 0.0, 0.0, 0.0, 0.0, 0.0, 0.0, 0.0, 0.0, 0.0, 0.0, 0.0, 0.0, 0.0, 0.0]",
LSTM,97565,300,1,10,1,599.695,,,,,,,,,,,,,0.24413,0.22556,0.24772,0.26906,0.24979,0.24413,0.19163,0.22388,0.24561,0.22552,559.92764,6.44E+10,6.26E+10,7.80E+10,6.24E+10,"[0.28773, 0.25898, 0.32213, 0.33011, 0.34363, 0.33602, 0.32002, 0.30412, 0.30044, 0.29926, 0.30584, 0.30918, 0.313, 0.3141, 0.31399, 0.31267, 0.31127, 0.31034, 0.31007, 0.31028]",
Alg_c,97565,300,1,10,1,0,1.77305,1.77305,0.92711,0.62264,0.64407,0.73127,0.82245,0.90909,0.5977,0.75758,0.75479,0.82455,,,,,,,,,,,,,,,,,"[0.29121, 0.0, 0.10206, 0.0, 0.19546, 0.0, 0.85886, 0.14626, 0.00225, 0.24267, 0.0, 0.2134, 0.00371, 0.0, 0.0, 0.0, 0.0, 0.30057, 0.39326, 0.0, 0.17067, 0.25432, 0.58325, 0.18212, 0.74327, 0.14367, 0.36831, 0.26556, 0.37623, 0.2356, 0.19325, 0.0, 0.54608, 0.77377, 0.32061, 0.21806, 0.73427, 0.25888, 0.02481, 0.06182, 0.6551, 0.21856, 0.2567, 0.85402, 0.32962, 0.32468, 0.9622, 0.31256, 0.8904, 0.43793, 0.48216, 0.54847, 0.2375, 0.55453, 0.91416, 0.78849, 0.57622, 0.20392, 0.34708, 0.61465, 0.1959, 0.0, 0.60972, 0.54495, 0.84253, 0.0, 0.83337, 0.85806, 1.02847, 0.15058, 0.48164, 0.99055, 0.63568, 0.46075, 1.04266, 1.05456, 0.45712, 0.36545, 0.95489, 0.98076, 0.95738, 0.0, 0.824, 1.17465, 0.26026, 0.71639, 1.14461, 1.06164, 0.81582, 1.03132, 0.75723, 0.77737, 1.44089, 0.97996, 0.9199, 0.92842, 1.29984, 1.09221, 0.52876, 1.00118, 0.87493, 1.4012, 0.90327, 0.80295, 1.1248, 1.27041, 1.08836, 1.16082, 0.76064, 0.95403, 0.74828, 1.07532, 1.10689, 1.16567, 1.49009, 0.77103, 1.25248, 1.0479, 0.71351, 1.03684, 1.4031, 1.04574, 1.65255, 1.4675, 1.03989, 1.01108, 1.62063, 1.77558, 1.16549, 1.26693, 1.24201, 1.3873, 1.14822, 1.08605, 1.35668, 1.2324, 0.72199, 1.35741, 1.65019, 1.32164, 1.59764, 0.99203, 1.48322, 1.31123, 0.90618, 1.65287, 1.28115, 1.68215, 1.7468, 1.40625, 1.54085, 1.72367, 1.19994, 1.38814, 1.44093, 1.51585, 1.59825, 1.41086, 1.49758, 1.41705, 1.16499, 1.24774, 1.90005, 1.93254, 1.54339, 1.92788, 1.67019, 1.78964, 1.65865, 1.57187, 1.96059, 1.86375, 1.76475, 1.73175, 1.403, 1.89101, 1.53024, 1.32532, 1.57443, 1.94479, 1.63, 1.68888, 2.31606, 1.53573, 1.75403, 1.89891, 2.23893, 1.79232, 2.6856, 1.95037, 2.12581, 1.68537, 2.04194, 1.65844, 2.05679, 1.5622, 1.87904, 1.94234, 1.97025, 2.01296, 1.89869, 1.31989, 2.70273, 1.90574, 2.54211, 1.75429, 1.89327, 1.63117, 2.87117, 1.40205, 1.92565, 2.50329, 2.13872, 2.16001, 2.07658, 2.6117, 2.24964, 2.1594, 2.26208, 1.95338, 2.19544, 2.5854, 2.32667, 1.51106, 2.97825, 0.0, 2.4729, 3.26634, 8.70404, NaN, 0.0, 2.03918, 0.0, 2.28829, 0.0, 3.81104, NaN, 6.84168, 0.0, 1.73597, 2.70213, 1.37966, 1.43343, 2.57573, 0.0, 3.39451, NaN, 7.9495, 0.0, 0.0, 3.18895, NaN, 1.81389, 4.12925, 0.0, 3.88679, NaN, 6.70582, NaN, 0.3734, 6.34002, NaN, 2.78786, 0.77995, 9.40888, NaN, 2.65144, 0.0, 0.0, 2.19576, 4.163, 13.96986, NaN, 3.05508, 0.0, 3.6409, NaN, 0.0, 3.37697, 0.0, 4.26499, NaN, 3.62512, 0.0, 1.45678, 3.51127, 10.45137, 0.0, 4.86455, 21.9935, NaN, 2.68525, 6.03708, NaN, 1.86566, 0.0, 3.25386, NaN, 4.67087]"
UDE-NN,16025,300,1,10,1,176.107,0.15626,0.64533,0.97872,0.90123,0.88608,0.92201,0.94364,0.54369,0.2987,0,0.2808,0.4399,0.61011,1.2166,1.29794,1.47454,1.52169,0.61011,1.02252,1.15723,1.32216,1.34398,5.52986,8.15961,9.49937,10.8534,11.13908,"[11.64319, 11.47634, 11.31028, 11.14775, 10.98875, 10.83313, 10.68077, 10.53153, 10.38527, 10.24188, 10.10123, 9.9632, 9.82766, 9.6945, 9.56359, 9.43483, 9.30809, 9.18327, 9.06025, 8.93891]","[-0.30248, -0.39135, -0.45938, -0.45594, -0.20819, -0.07368, -0.05859, -0.11911, -0.08535, 0.0267, 0.07252, -0.19139, -0.11626, 0.05098, -0.11185, -0.1044, -0.03282, 0.05475, 0.12401, 0.05024, 0.17676, 0.12174, 0.07064, 0.30937, 0.33659, 0.15705, 0.27251, 0.35651, 0.35991, 0.45341, 0.42531, 0.38778, 0.35886, 0.32288, 0.32169, 0.39267, 0.36125, 0.30594, 0.22197, 0.183, 0.19441, 0.20435, 0.35344, 0.39193, 0.5036, 0.58417, 0.56381, 0.48417, 0.43003, 0.29952, 0.15445, 0.13693, 0.17684, -0.00017, 0.15313, 0.31005, 0.5178, 0.50381, 0.51942, 0.59633, 0.59677, 0.53647, 0.48281, 0.43793, 0.57753, 0.57824, 0.70206, 0.72812, 0.55505, 0.53278, 0.53372, 0.61952, 0.64548, 0.69583, 0.74632, 0.77502, 0.77704, 0.6772, 0.72011, 0.87283, 0.94518, 0.7919, 0.89529, 1.11034, 1.05294, 0.90348, 0.71483, 0.63635, 0.73707, 0.92241, 0.80005, 0.83699, 0.73664, 0.82514, 0.78016, 0.82604, 1.0322, 1.08259, 1.20481, 1.15059, 1.03848, 0.99382, 1.04736, 0.98761, 0.99902, 1.08491, 0.88531, 0.91687, 1.11012, 1.30269, 1.18957, 1.25479, 1.04336, 0.89163, 0.95074, 0.98643, 1.10475, 1.12079, 1.17816, 1.21432, 1.28417, 1.21192, 1.14147, 1.19053, 1.23965, 1.34767, 1.14576, 1.00242, 1.14544, 1.3303, 1.35968, 1.33979, 1.36574, 1.53504, 1.32755, 1.23336, 1.22494, 1.23791, 1.32135, 1.4475, 1.38912, 1.17991, 1.16842, 1.1986, 1.30265, 1.307, 1.46694, 1.54233, 1.62733, 1.68162, 1.61166, 1.49594, 1.35732, 1.34, 1.33864, 1.32141, 1.30885, 1.26847, 1.21904, 1.18485, 1.22379, 1.36323, 1.42834, 1.48868, 1.56168, 1.5819, 1.60627, 1.61018, 1.60856, 1.60427, 1.5939, 1.57536, 1.54975, 1.53858, 1.56965, 1.68452, 1.83442, 1.95335, 1.92693, 1.92315, 1.96127, 1.96588, 2.03997, 1.96971, 1.88659, 1.80554, 1.78297, 1.97965, 2.02049, 2.04938, 2.02012, 1.88975, 1.76713, 1.75313, 1.9778, 2.10171, 2.30027, 2.277, 2.19823, 2.16655, 2.18155, 2.03139, 2.02964, 2.18306, 2.1632, 1.9046, 1.86466, 1.78481, 1.84901, 1.93788, 2.00172, 1.89082, 1.96037, 2.00627, 2.03514, 2.19164, 2.04323, 2.10683, 2.19651, 2.29771, 2.39236, 2.35078, 2.38152, 2.33051, 2.42019, 2.21057, 2.10726, 2.16863, 2.28966, 2.27075, 2.30289, 2.38894, 2.30903, 2.48706, 2.45379, 2.42696, 2.60574, 2.45719, 2.41139, 2.3788, 2.30969, 2.34663, 2.34925, 2.44146, 2.5488, 2.56235, 2.51656, 2.55441, 2.56696, 2.44158, 2.35328, 2.29449, 2.31826, 2.48085, 2.56726, 2.78423, 2.72746, 2.57715, 2.54561, 2.56269, 2.48711, 2.50809, 2.49002, 2.55454, 2.67528, 2.75134, 2.5987, 2.63628, 2.69897, 2.63863, 2.5328, 2.61296, 2.61662, 2.6518, 2.67956, 2.75805, 2.76929, 2.73611, 2.75647, 2.86789, 2.79127, 2.86664, 2.77108, 2.81145, 2.95683, 3.09227, 3.00002, 2.8711, 2.90426, 2.72805, 2.66987, 2.81846, 2.79876, 2.95846, 2.87372, 2.6834, 2.70755, 2.67215, 2.67741, 2.68754]"
GP,16025,300,1,10,1,1268.06,0.04843,0.64533,0.98844,0.96203,0.975,0.97515,0.97932,0.53674,0.34437,0,0.2937,0.44763,0.30793,1.45783,1.60522,1.80124,1.85386,0.30793,1.2336,1.45288,1.63787,1.65398,2.79093,9.81927,11.9366,13.45374,13.70694,"[11.341, 11.15044, 10.97487, 10.8039, 10.63633, 10.47188, 10.31037, 10.15166, 9.99558, 9.84199, 9.69073, 9.54164, 9.39459, 9.2494, 9.10592, 8.96399, 8.82345, 8.6841, 8.54579, 8.40831]","[-0.08143, -0.07115, -0.06087, -0.05059, -0.04031, -0.03003, -0.01975, -0.00946, 0.00082, 0.0111, 0.02138, 0.03167, 0.04195, 0.05223, 0.06252, 0.0728, 0.08308, 0.09337, 0.10365, 0.11393, 0.12422, 0.1345, 0.14479, 0.15507, 0.16536, 0.17564, 0.18593, 0.19621, 0.2065, 0.21678, 0.22707, 0.23736, 0.24764, 0.25793, 0.26821, 0.2785, 0.28879, 0.29907, 0.30936, 0.31964, 0.32993, 0.34022, 0.3505, 0.36079, 0.37108, 0.38136, 0.39165, 0.40193, 0.41222, 0.4225, 0.43279, 0.44307, 0.45336, 0.46365, 0.47393, 0.48422, 0.4945, 0.50479, 0.51507, 0.52536, 0.53564, 0.54593, 0.55621, 0.5665, 0.57678, 0.58707, 0.59735, 0.60764, 0.61792, 0.62821, 0.63849, 0.64877, 0.65906, 0.66934, 0.67963, 0.68991, 0.70019, 0.71048, 0.72076, 0.73104, 0.74133, 0.75161, 0.76189, 0.77218, 0.78246, 0.79274, 0.80303, 0.81331, 0.82359, 0.83388, 0.84416, 0.85444, 0.86473, 0.87501, 0.88529, 0.89558, 0.90586, 0.91615, 0.92643, 0.93671, 0.947, 0.95728, 0.96757, 0.97785, 0.98813, 0.99842, 1.0087, 1.01898, 1.02927, 1.03955, 1.04983, 1.06011, 1.0704, 1.08068, 1.09096, 1.10124, 1.11153, 1.12181, 1.13209, 1.14237, 1.15265, 1.16293, 1.17321, 1.18349, 1.19378, 1.20406, 1.21434, 1.22462, 1.2349, 1.24518, 1.25546, 1.26574, 1.27602, 1.2863, 1.29658, 1.30686, 1.31714, 1.32742, 1.3377, 1.34797, 1.35825, 1.36853, 1.37881, 1.38908, 1.39936, 1.40964, 1.41991, 1.43019, 1.44047, 1.45074, 1.46102, 1.47129, 1.48156, 1.49184, 1.50211, 1.51238, 1.52266, 1.53293, 1.5432, 1.55347, 1.56375, 1.57402, 1.58429, 1.59456, 1.60484, 1.61511, 1.62538, 1.63565, 1.64592, 1.65619, 1.66647, 1.67674, 1.68701, 1.69728, 1.70755, 1.71782, 1.72809, 1.73836, 1.74864, 1.75891, 1.76918, 1.77945, 1.78972, 1.79999, 1.81026, 1.82053, 1.8308, 1.84107, 1.85134, 1.86162, 1.87189, 1.88216, 1.89243, 1.9027, 1.91297, 1.92324, 1.93352, 1.94379, 1.95406, 1.96434, 1.97461, 1.98489, 1.99516, 2.00544, 2.01571, 2.02599, 2.03626, 2.04654, 2.05681, 2.06708, 2.07736, 2.08763, 2.09791, 2.10818, 2.11845, 2.12873, 2.139, 2.14928, 2.15955, 2.16982, 2.1801, 2.19037, 2.20064, 2.21092, 2.22119, 2.23146, 2.24173, 2.25201, 2.26228, 2.27255, 2.28282, 2.2931, 2.30337, 2.31364, 2.32391, 2.33419, 2.34446, 2.35474, 2.36501, 2.37529, 2.38556, 2.39583, 2.40611, 2.41638, 2.42666, 2.43693, 2.44721, 2.45748, 2.46776, 2.47804, 2.48831, 2.49859, 2.50887, 2.51914, 2.52942, 2.5397, 2.54998, 2.56025, 2.57053, 2.58081, 2.59109, 2.60136, 2.61164, 2.62192, 2.6322, 2.64248, 2.65275, 2.66303, 2.67331, 2.68358, 2.69386, 2.70414, 2.71441, 2.72469, 2.73497, 2.74524, 2.75552, 2.7658, 2.77607, 2.78635, 2.79663, 2.80691, 2.81719, 2.82747, 2.83774, 2.84802, 2.8583, 2.86858, 2.87886, 2.88914, 2.89942, 2.9097, 2.91998, 2.93025, 2.94053, 2.95081, 2.96109, 2.97137, 2.98165, 2.99193]"
ARIMA,16025,300,1,10,1,19.053,,,,,,,,,,,,,0.82167,0.89249,0.6649,0.61966,0.86126,0.82167,0.68104,0.46177,0.43511,0.5834,7.44731,5.45831,3.74954,3.53737,5.17652,"[11.85474, 11.86033, 11.87617, 11.87518, 11.8773, 11.87695, 11.87726, 11.87718, 11.87723, 11.87721, 11.87722, 11.87722, 11.87722, 11.87722, 11.87722, 11.87722, 11.87722, 11.87722, 11.87722, 11.87722]",
RandomWalk,16025,300,1,10,1,1.148,,,,,,,,,,,,,0.69264,0.94289,0.70153,0.66689,0.86018,0.69264,0.71183,0.47176,0.46869,0.60016,6.27786,5.65162,3.78903,3.77761,5.25374,"[11.72571, 11.72571, 11.72571, 11.72571, 11.72571, 11.72571, 11.72571, 11.72571, 11.72571, 11.72571, 11.72571, 11.72571, 11.72571, 11.72571, 11.72571, 11.72571, 11.72571, 11.72571, 11.72571, 11.72571]",
LSTM,16025,300,1,10,1,748.461,,,,,,,,,,,,,0.28842,1.5983,1.76747,1.93623,1.96,0.28842,1.36786,1.61944,1.78617,1.77228,2.61413,10.91265,13.32842,14.69173,14.69309,"[11.32149, 11.08019, 10.80651, 10.5821, 10.40595, 10.22563, 10.07362, 9.93883, 9.82213, 9.71695, 9.61339, 9.50495, 9.38682, 9.25648, 9.11175, 8.95019, 8.76861, 8.56258, 8.32666, 8.05473]",
Alg_c,16025,300,1,10,1,0,0.64533,0.64533,0.89103,0.55319,0.50549,0.6499,0.73869,0.58389,0.29008,0.15873,0.34423,0.48313,,,,,,,,,,,,,,,,,"[0.0, 0.0, 0.0, 0.0, 0.01405, 0.22946, 0.15698, 0.0, 0.0, 0.25555, 0.5065, 0.0, 0.0, 0.82613, 0.0, 0.0, 0.0, 0.14134, 0.31713, 0.0, 0.48743, 0.04585, 0.0, 0.70745, 0.59029, 0.0, 0.22796, 0.59687, 0.30763, 0.72095, 0.49336, 0.37657, 0.35711, 0.20087, 0.1636, 0.60026, 0.48335, 0.34796, 0.11462, 0.06356, 0.11472, 0.0, 0.50704, 0.27786, 0.60094, 0.83769, 0.71102, 0.43637, 0.58784, 0.32532, 0.0, 0.04368, 0.59544, 0.0, 0.09895, 0.20828, 0.96364, 0.46728, 0.3947, 0.74235, 0.71173, 0.51956, 0.47514, 0.04061, 0.92745, 0.25431, 0.84426, 1.20067, 0.11845, 0.58252, 0.32572, 0.79897, 0.54865, 0.69781, 0.78521, 0.76713, 1.13914, 0.23934, 0.50832, 1.01503, 1.50318, 0.16273, 0.62909, 1.68005, 1.07257, 0.98677, 0.51167, 0.30287, 0.53842, 1.64005, 0.24608, 1.32885, 0.17736, 1.21231, 0.56612, 0.5029, 1.35728, 0.90065, 1.56258, 1.23421, 0.89199, 0.8152, 1.25516, 0.82663, 0.88018, 1.60913, 0.43921, 0.54702, 1.02765, 2.006, 0.63569, 1.84671, 0.89853, 0.46433, 0.97977, 0.82912, 1.31498, 1.00538, 1.23802, 1.11716, 1.58453, 1.18724, 0.89585, 1.17611, 1.09846, 1.97223, 0.98749, 0.37409, 0.98912, 1.64656, 1.46431, 1.28252, 0.98336, 2.41451, 0.89331, 1.09033, 1.18462, 1.09609, 1.17727, 1.8048, 1.75847, 0.64043, 1.17104, 1.01078, 1.63586, 0.84605, 1.73745, 1.42629, 1.60875, 1.98262, 1.62166, 1.78651, 0.0, 1.44893, 1.66774, 0.67896, 2.16417, 5.75362, NaN, 0.0, 0.17302, 2.30335, 1.41259, 0.0, 3.24364, NaN, 2.86616, 4.02368, 0.73685, 3.02875, 2.88886, 4.80453, 0.0, 0.93613, 0.87826, 1.57538, 1.75206, 3.85815, NaN, 1.01226, 2.87376, 0.0, 3.60444, 0.0, 2.23438, 1.74871, 0.0, 3.70119, 1.51545, 2.17734, 2.61992, 1.82141, 1.55267, 0.56231, 2.7472, 1.68287, 2.81319, 2.38036, 2.10589, 2.04737, 2.52625, 1.72049, 1.6963, 2.51057, 2.61984, 1.47078, 1.88753, 1.49674, 1.80837, 1.95469, 2.394, 1.47678, 2.00358, 2.05708, 1.71808, 2.95374, 1.3744, 2.13885, 2.18029, 2.23932, 2.75129, 2.06974, 2.70313, 1.6105, 3.56531, 1.64471, 1.77674, 1.98114, 2.92237, 1.98337, 2.01942, 3.19165, 1.16533, 3.28712, 2.37824, 1.78195, 3.50137, 2.02006, 2.41457, 2.49344, 2.05211, 2.52868, 2.11525, 2.40775, 2.75272, 2.68791, 2.31634, 2.5697, 2.85235, 2.35959, 2.26449, 2.08198, 2.06042, 2.5086, 2.24644, 3.37945, 2.90408, 2.32973, 2.43562, 2.71685, 2.32323, 2.54494, 2.32599, 2.45208, 2.74963, 3.23702, 2.18405, 2.61735, 2.94251, 2.81566, 1.99351, 2.89642, 2.50614, 2.70423, 2.52715, 2.91934, 2.86221, 2.63252, 2.57759, 3.25396, 2.49406, 3.24304, 2.42099, 2.60893, 2.95079, 3.54943, 3.04423, 2.52366, 3.33484, 2.49724, 2.25204, 3.17351, 2.40753, 3.42885, 3.07557, 2.18924, 2.90144, 2.56822, 2.67076]"
UDE-NN,28020,300,1,10,1,196.804,0.09854,1.08347,0.98295,0.90196,0.89655,0.92716,0.9491,0.97887,0.75,0.7931,0.84066,0.88749,0.03286,0.21548,0.26886,0.26919,0.29363,0.03286,0.17835,0.22046,0.22375,0.25389,6.79874,39.5717,4.51E+10,3.76E+10,3.01E+10,"[0.5162, 0.50438, 0.49516, 0.48685, 0.47905, 0.47165, 0.46461, 0.4579, 0.45149, 0.44535, 0.43949, 0.43386, 0.42847, 0.42329, 0.41831, 0.41352, 0.40891, 0.40446, 0.40018, 0.39605]","[-0.14323, -0.17035, -0.05963, 0.00974, 0.12563, 0.09749, 0.06523, -0.01791, 0.07956, 0.08946, 0.12626, 0.19966, 0.14494, 0.13237, 0.2041, 0.13491, 0.16771, 0.21481, 0.20542, 0.19454, 0.21681, 0.18959, 0.21376, 0.3252, 0.3837, 0.397, 0.40172, 0.39338, 0.38954, 0.40317, 0.34362, 0.34546, 0.36398, 0.30942, 0.30467, 0.39762, 0.31482, 0.37572, 0.38839, 0.47606, 0.48755, 0.4544, 0.50515, 0.59853, 0.62956, 0.67657, 0.66154, 0.64428, 0.56537, 0.46347, 0.42112, 0.37577, 0.43196, 0.50792, 0.55142, 0.63315, 0.71704, 0.67209, 0.7398, 0.70658, 0.66602, 0.62169, 0.61974, 0.68914, 0.67479, 0.72759, 0.75303, 0.80327, 0.78284, 0.74073, 0.69792, 0.75337, 0.76375, 0.84056, 0.83506, 0.8004, 0.7593, 0.74282, 0.75062, 0.83255, 0.85749, 0.89204, 0.91468, 0.82648, 0.84878, 0.8134, 0.81895, 0.8671, 0.88263, 0.87799, 0.93595, 0.90293, 0.81104, 0.83446, 0.84781, 0.8811, 0.84479, 0.95957, 1.05846, 1.04266, 1.0488, 1.01134, 1.02333, 1.07495, 1.0855, 1.08705, 1.00006, 1.01844, 1.15309, 1.16687, 1.15318, 1.17782, 1.18726, 1.171, 1.13125, 1.01925, 1.03057, 0.96694, 0.88899, 1.01497, 0.97965, 1.02757, 1.04413, 1.13727, 1.20154, 1.26776, 1.27343, 1.26778, 1.27754, 1.20392, 1.22914, 1.301, 1.2568, 1.32976, 1.33636, 1.35609, 1.38058, 1.4699, 1.45417, 1.37666, 1.4267, 1.49104, 1.55382, 1.41728, 1.42369, 1.37262, 1.33219, 1.41183, 1.42772, 1.39586, 1.34414, 1.35219, 1.39222, 1.45566, 1.49688, 1.4998, 1.45066, 1.53709, 1.54642, 1.53243, 1.60245, 1.60306, 1.62827, 1.66551, 1.65995, 1.67616, 1.59592, 1.6317, 1.6394, 1.74218, 1.7665, 1.76122, 1.79631, 1.7923, 1.71926, 1.84316, 1.74833, 1.66805, 1.65712, 1.67769, 1.72441, 1.83447, 1.84631, 1.91474, 1.8499, 1.79225, 1.7881, 1.79845, 1.82997, 1.93557, 1.9942, 2.03675, 1.95824, 1.98489, 1.9875, 2.10457, 2.07814, 1.99989, 1.98783, 2.04576, 2.04902, 2.04907, 2.01569, 1.99145, 1.99346, 2.01499, 2.06254, 2.06737, 2.0982, 2.00255, 1.97743, 1.94929, 1.93659, 1.95222, 1.95519, 1.97409, 1.98756, 2.0032, 2.0374, 2.11217, 2.11953, 2.12709, 2.12534, 2.123, 2.13726, 2.14626, 2.1491, 2.18089, 2.21708, 2.23866, 2.27342, 2.279, 2.29506, 2.28916, 2.29226, 2.31057, 2.32497, 2.33946, 2.35473, 2.37975, 2.44108, 2.45201, 2.4601, 2.45552, 2.45607, 2.46656, 2.49084, 2.49552, 2.49818, 2.51419, 2.53471, 2.56833, 2.60298, 2.6575, 2.68222, 2.70208, 2.70253, 2.68398, 2.6754, 2.70396, 2.77303, 2.80387, 2.82407, 2.8657, 2.91606, 2.93762, 2.9391, 2.93151, 2.90255, 2.8673, 2.83447, 2.80274, 2.78333, 2.7373, 2.70442, 2.68298, 2.64621, 2.63072, 2.58548, 2.56628, 2.60321, 2.65147, 2.67866, 2.69997, 2.68669, 2.68467, 2.72881, 2.735, 2.73479, 2.76806, 2.82394, 2.86115, 2.8778, 2.90835, 2.97574, 3.00576, 3.01812, 3.01921, 3.02755, 3.03809]"
GP,28020,300,1,10,1,1243.917,0.3323,1.08347,0.98889,0.77157,0,0.58682,0.79514,1,0.57317,0,0.52439,0.65361,0.25485,0.52393,1.22663,1.6889,3.34486,0.25485,0.46761,1.00363,1.33984,2.386,52.72636,118.40027,2.12E+11,1.77E+11,1.41E+11,"[0.73819, 0.89853, 1.03484, 1.16239, 1.29264, 1.43657, 1.60763, 1.8252, 2.11918, 2.53601, 3.14334, 4.02197, 5.21969, 6.64709, 7.99186, 8.87931, 9.24177, 9.30702, 9.26748, 9.19885]","[0.0181, 0.02891, 0.03963, 0.05083, 0.06155, 0.07167, 0.08162, 0.09195, 0.10253, 0.11276, 0.12181, 0.13084, 0.13978, 0.14826, 0.15669, 0.16457, 0.1718, 0.1795, 0.18704, 0.19429, 0.20171, 0.20939, 0.21707, 0.22484, 0.23258, 0.2404, 0.24846, 0.25656, 0.26522, 0.27509, 0.2856, 0.29596, 0.30655, 0.31731, 0.32845, 0.33894, 0.34977, 0.3605, 0.37198, 0.38272, 0.39348, 0.40432, 0.41583, 0.42798, 0.44133, 0.45372, 0.46688, 0.48026, 0.49286, 0.50578, 0.5172, 0.52949, 0.54119, 0.55237, 0.56383, 0.57636, 0.58894, 0.60195, 0.61452, 0.6274, 0.64, 0.65277, 0.66689, 0.67968, 0.69287, 0.70564, 0.71772, 0.72913, 0.74074, 0.75324, 0.76573, 0.77688, 0.78781, 0.79815, 0.80818, 0.81831, 0.82828, 0.83811, 0.84718, 0.85592, 0.86457, 0.87363, 0.88315, 0.89308, 0.90288, 0.91274, 0.92254, 0.9323, 0.94242, 0.95278, 0.96336, 0.97402, 0.98364, 0.99364, 1.00435, 1.01486, 1.02484, 1.03433, 1.04412, 1.05286, 1.06081, 1.06922, 1.07814, 1.08716, 1.09555, 1.10395, 1.11217, 1.11987, 1.12768, 1.13549, 1.14326, 1.15194, 1.1605, 1.16924, 1.17815, 1.18743, 1.19691, 1.20586, 1.21473, 1.2241, 1.23365, 1.24196, 1.25076, 1.25977, 1.2689, 1.27831, 1.2861, 1.29369, 1.30114, 1.30813, 1.31475, 1.32169, 1.32889, 1.33606, 1.3434, 1.35158, 1.36023, 1.36919, 1.37864, 1.38785, 1.39732, 1.40765, 1.41803, 1.42832, 1.43844, 1.44876, 1.45956, 1.4708, 1.48159, 1.49157, 1.50198, 1.51299, 1.52415, 1.53496, 1.54569, 1.55675, 1.56789, 1.57945, 1.59, 1.60041, 1.61097, 1.62011, 1.62871, 1.63721, 1.645, 1.65255, 1.65976, 1.66706, 1.67485, 1.68315, 1.69203, 1.70039, 1.70876, 1.71724, 1.72589, 1.73462, 1.74356, 1.7518, 1.75997, 1.76811, 1.77629, 1.78441, 1.79281, 1.80108, 1.80884, 1.81489, 1.82005, 1.82522, 1.83005, 1.83476, 1.83933, 1.84361, 1.8476, 1.8512, 1.85476, 1.85833, 1.86214, 1.86596, 1.86998, 1.87424, 1.87907, 1.88412, 1.88968, 1.89572, 1.90262, 1.90984, 1.91739, 1.92468, 1.93117, 1.9364, 1.94016, 1.94283, 1.94464, 1.94596, 1.94725, 1.94827, 1.94948, 1.95059, 1.95167, 1.95289, 1.95428, 1.95517, 1.95613, 1.95699, 1.95792, 1.95925, 1.96046, 1.9616, 1.963, 1.96436, 1.96558, 1.96688, 1.96795, 1.96916, 1.97018, 1.97137, 1.97261, 1.97373, 1.97482, 1.97593, 1.97714, 1.97853, 1.97954, 1.98052, 1.98141, 1.98252, 1.98375, 1.98489, 1.98586, 1.98688, 1.98809, 1.98925, 1.99047, 1.99171, 1.99308, 1.99428, 1.99552, 1.99674, 1.99807, 1.99951, 2.00105, 2.00254, 2.00376, 2.00496, 2.0063, 2.00754, 2.00858, 2.00952, 2.01048, 2.01137, 2.01228, 2.01332, 2.01442, 2.01561, 2.01666, 2.01794, 2.0193, 2.02062, 2.02204, 2.02327, 2.02468, 2.02621, 2.02772, 2.02909, 2.03044, 2.03174, 2.03315, 2.03473, 2.03617, 2.03765, 2.03921, 2.04068, 2.04191, 2.04302, 2.04437, 2.04577, 2.04697, 2.04807, 2.04918, 2.05045]"
ARIMA,28020,300,1,10,1,18.82,,,,,,,,,,,,,0.05999,0.20301,0.28689,0.28016,0.3344,0.05999,0.16173,0.23745,0.23837,0.28947,12.41121,40.02955,5.43E+10,4.52E+10,3.62E+10,"[0.54333, 0.54265, 0.54275, 0.54273, 0.54273, 0.54273, 0.54273, 0.54273, 0.54273, 0.54273, 0.54273, 0.54273, 0.54273, 0.54273, 0.54273, 0.54273, 0.54273, 0.54273, 0.54273, 0.54273]",
RandomWalk,28020,300,1,10,1,1.16,,,,,,,,,,,,,0.05511,0.20332,0.28569,0.27919,0.33249,0.05511,0.16244,0.23652,0.2376,0.28799,11.40168,39.84336,5.38E+10,4.49E+10,3.59E+10,"[0.53845, 0.53845, 0.53845, 0.53845, 0.53845, 0.53845, 0.53845, 0.53845, 0.53845, 0.53845, 0.53845, 0.53845, 0.53845, 0.53845, 0.53845, 0.53845, 0.53845, 0.53845, 0.53845, 0.53845]",
LSTM,28020,300,1,10,1,723.073,,,,,,,,,,,,,0.02443,0.23091,0.27455,0.27406,0.30123,0.02443,0.19116,0.2228,0.22612,0.25888,5.05511,38.86958,4.41E+10,3.68E+10,2.94E+10,"[0.45891, 0.46403, 0.45129, 0.43958, 0.45033, 0.44677, 0.44902, 0.44414, 0.44143, 0.44149, 0.4402, 0.43955, 0.4394, 0.43868, 0.43836, 0.43795, 0.43768, 0.4375, 0.4373, 0.43717]",
Alg_c,28020,300,1,10,1,0,1.08347,1.08347,0.90608,0.54701,0.5974,0.6835,0.77569,0.89333,0.51685,0.65347,0.68788,0.77005,,,,,,,,,,,,,,,,,"[0.0, 0.0, 0.0, 0.0, 0.42381, 0.07331, 0.16148, 0.0, 0.24654, 0.02023, 0.02941, 0.48852, 0.03174, 0.0, 0.58671, 0.0, 0.15117, 0.34596, 0.19665, 0.09599, 0.36367, 0.08523, 0.01568, 0.46066, 0.45949, 0.39147, 0.43007, 0.38063, 0.34912, 0.56131, 0.20909, 0.30876, 0.50935, 0.22495, 0.10537, 0.77538, 0.00104, 0.45043, 0.22947, 0.62911, 0.56988, 0.2831, 0.45117, 0.71757, 0.62157, 0.80394, 0.70902, 0.78299, 0.65124, 0.34137, 0.38993, 0.16634, 0.38772, 0.56646, 0.47928, 0.67003, 0.9727, 0.49659, 0.91864, 0.74239, 0.64115, 0.49747, 0.49665, 0.81746, 0.56723, 0.76813, 0.69716, 0.95388, 0.84286, 0.74675, 0.49951, 0.84569, 0.60717, 1.0208, 0.88127, 0.81106, 0.71409, 0.72099, 0.57271, 0.99623, 0.81016, 0.89887, 1.16815, 0.55648, 0.9981, 0.72686, 0.73267, 0.94023, 0.9254, 0.75026, 1.10094, 1.03328, 0.54776, 0.85961, 0.7981, 1.07019, 0.49971, 0.96865, 1.31267, 0.89957, 1.18072, 0.89554, 0.93317, 1.18143, 1.05349, 1.33754, 0.75805, 0.73565, 1.47731, 1.16655, 1.04989, 1.21848, 1.22806, 1.18619, 1.30549, 0.71903, 1.22876, 1.02311, 0.43426, 1.40337, 0.68683, 1.15636, 0.85475, 1.22935, 1.16368, 1.40507, 1.27437, 1.17341, 1.57048, 0.90343, 1.10204, 1.69974, 0.82625, 1.60657, 1.26717, 1.38212, 1.20139, 1.68947, 1.60505, 1.06173, 1.42189, 1.45267, 2.00852, 1.03962, 1.58524, 1.33653, 1.08635, 1.52706, 1.50412, 1.4305, 1.21968, 1.28939, 1.34339, 1.50178, 1.56557, 1.58244, 1.1676, 1.71002, 1.57589, 1.33892, 1.78986, 1.51836, 1.58631, 1.78866, 1.50952, 2.03476, 1.18885, 1.84233, 1.35805, 1.93484, 1.8155, 1.62653, 1.87533, 2.03117, 1.14298, 2.40153, 1.625, 1.52911, 1.63457, 1.67116, 1.5337, 2.12445, 1.61445, 2.2413, 1.78771, 1.63446, 1.8207, 1.82789, 1.53799, 2.17001, 1.82805, 2.66246, 1.22826, 2.46748, 1.13041, 2.85247, 2.18934, 1.7319, 1.70497, 2.34432, 1.94589, 2.17269, 1.96894, 1.9396, 1.97972, 1.93505, 2.20203, 1.86925, 2.55375, 1.60559, 2.10103, 1.86858, 1.02303, 2.60055, 0.0, 2.35009, 2.12038, 0.0, 0.33608, 3.25548, NaN, 4.44047, 14.82509, 0.0, 2.43211, 2.97633, 0.0, 2.27504, 2.71477, 0.82796, 3.24936, 0.0, 3.36094, 0.0, 1.62716, 2.52318, 2.29338, 2.46673, 1.70764, 0.30041, 3.27192, 0.0, 5.84197, NaN, 1.99795, 1.78412, 3.50591, 3.53976, 0.0, 2.51928, 1.56954, 2.78608, 1.48086, 3.24645, 2.46569, 3.17272, 3.42154, 2.39103, 2.04416, 2.17308, 3.3454, 3.77307, 0.4819, 2.69666, 3.60371, 4.93748, 3.48841, 5.18569, 6.43497, 0.0, 2.96608, 1.13087, 4.01056, 0.0, 2.47541, 3.19196, 1.28791, 3.42165, 0.0, 1.59165, 2.65363, 2.99303, 2.51625, 3.61459, 2.10765, 1.37181, 3.33097, 2.90104, 1.99382, 2.51725, 3.09767, 4.64, 0.0, 2.02234, 3.59535, 4.12855, 4.74456, 0.44827, 2.99605]"
UDE-NN,51568,300,1,10,1,207.853,0.12806,1.04384,0.98256,0.90909,0.86111,0.91759,0.94588,0.61458,0.14208,0.42759,0.39475,0.37448,0.4426,0.32026,0.25921,0.256,0.23581,0.4426,0.28324,0.21461,0.21239,0.19339,11839.01289,8.62E+10,4.31E+10,3.59E+10,2.87E+10,"[0.44634, 0.43105, 0.42548, 0.42247, 0.42017, 0.41809, 0.4161, 0.41414, 0.41222, 0.41032, 0.40844, 0.4066, 0.40477, 0.40297, 0.40119, 0.39943, 0.39769, 0.39598, 0.39428, 0.39261]","[0.07866, 0.00661, -0.10873, -0.11108, -0.05747, 0.04128, 0.03953, 0.08348, 0.17484, 0.21972, 0.22671, 0.20845, 0.21446, 0.17607, 0.1982, 0.22351, 0.21911, 0.18337, 0.18, 0.09099, 0.076, 0.10655, 0.13108, 0.20887, 0.13924, 0.15443, 0.22044, 0.23174, 0.20672, 0.27748, 0.3223, 0.30321, 0.29625, 0.34114, 0.33707, 0.35211, 0.33204, 0.30904, 0.31745, 0.35475, 0.40635, 0.42386, 0.41622, 0.37349, 0.34136, 0.35567, 0.3673, 0.34071, 0.34212, 0.42436, 0.50369, 0.56525, 0.56061, 0.58677, 0.59707, 0.5411, 0.53642, 0.56054, 0.58157, 0.64405, 0.58837, 0.62803, 0.68962, 0.68258, 0.62713, 0.53125, 0.49389, 0.51932, 0.56763, 0.5804, 0.58505, 0.49457, 0.53469, 0.65516, 0.6189, 0.64767, 0.64797, 0.56358, 0.602, 0.6494, 0.66282, 0.58586, 0.63352, 0.66971, 0.71984, 0.76231, 0.79566, 0.83464, 0.85563, 0.88566, 0.95329, 0.94521, 0.93576, 0.96001, 0.97262, 1.00774, 1.06389, 1.07512, 1.10202, 1.07422, 0.98893, 0.99183, 1.03534, 1.06895, 1.1479, 1.15806, 1.15608, 1.1423, 1.10139, 1.1206, 1.13813, 1.1069, 1.21769, 1.22221, 1.15981, 1.2183, 1.24695, 1.22371, 1.18511, 1.15668, 1.06871, 1.15537, 1.2379, 1.34621, 1.43969, 1.43032, 1.35357, 1.24525, 1.26285, 1.32059, 1.44521, 1.3604, 1.38496, 1.38785, 1.41339, 1.39327, 1.37938, 1.40544, 1.4408, 1.41819, 1.48195, 1.51075, 1.40378, 1.33964, 1.3841, 1.41275, 1.47787, 1.40418, 1.33412, 1.40206, 1.36948, 1.35084, 1.43446, 1.50976, 1.53347, 1.53004, 1.55158, 1.48565, 1.4985, 1.58737, 1.55365, 1.62712, 1.64813, 1.61473, 1.58448, 1.62428, 1.66237, 1.76998, 1.75937, 1.7412, 1.74222, 1.74973, 1.77421, 1.81992, 1.84937, 1.88191, 1.89737, 1.9037, 1.91142, 1.9416, 1.93827, 1.93868, 1.93227, 1.94078, 1.93944, 1.9439, 1.99637, 1.9867, 1.99848, 1.99402, 2.02794, 1.99689, 1.96715, 1.93114, 1.90274, 1.8916, 1.89227, 1.89462, 1.89815, 1.89971, 1.88657, 1.89514, 1.88369, 1.89532, 1.90271, 1.92132, 1.9091, 1.89895, 1.88577, 1.85387, 1.82457, 1.82084, 1.85437, 1.86968, 1.89032, 1.91111, 1.93248, 1.95297, 1.97396, 1.99644, 2.01871, 2.03965, 2.06751, 2.08037, 2.0929, 2.10558, 2.11753, 2.12876, 2.13762, 2.14619, 2.15533, 2.1689, 2.18514, 2.20355, 2.22491, 2.24204, 2.25394, 2.26879, 2.27303, 2.27711, 2.28109, 2.28724, 2.2939, 2.29834, 2.29266, 2.28742, 2.29571, 2.31537, 2.33722, 2.36094, 2.37846, 2.39064, 2.36466, 2.33937, 2.32207, 2.35169, 2.40334, 2.44866, 2.48089, 2.53685, 2.59707, 2.63134, 2.658, 2.68431, 2.68924, 2.68469, 2.65066, 2.62213, 2.61318, 2.61307, 2.61242, 2.62843, 2.58249, 2.53643, 2.50111, 2.4783, 2.50161, 2.53893, 2.56333, 2.57297, 2.58256, 2.59746, 2.61597, 2.6204, 2.63953, 2.66654, 2.67961, 2.67962, 2.70061, 2.72289, 2.73466, 2.72366, 2.7111, 2.68771, 2.65798, 2.63583, 2.64757, 2.66863, 2.67109, 2.67961]"
GP,51568,300,1,10,1,1238.766,0.41935,1.04384,0.84964,0.24638,0,0.36534,0.57173,0.45211,0,0,0.1507,0.10259,0.58978,0.46255,0.45569,0.46625,0.44088,0.58978,0.41707,0.4256,0.43787,0.40908,15775.73291,1.29E+11,6.46E+10,5.39E+10,4.31E+10,"[0.59351, 0.64622, 0.67754, 0.69572, 0.70579, 0.71083, 0.71273, 0.71265, 0.71136, 0.70931, 0.70682, 0.70408, 0.7012, 0.69826, 0.69531, 0.69237, 0.68946, 0.68659, 0.68376, 0.68098]","[0.06265, 0.07264, 0.08231, 0.09222, 0.10289, 0.11167, 0.12041, 0.12926, 0.13757, 0.14555, 0.15335, 0.16111, 0.16909, 0.17681, 0.18404, 0.19093, 0.19746, 0.20381, 0.21024, 0.21676, 0.22344, 0.23069, 0.23824, 0.24582, 0.25353, 0.26068, 0.26838, 0.27626, 0.28428, 0.29226, 0.30041, 0.30897, 0.31727, 0.32535, 0.33357, 0.34179, 0.349, 0.35613, 0.36303, 0.3697, 0.37614, 0.38242, 0.38865, 0.3953, 0.40192, 0.4083, 0.41477, 0.42109, 0.42717, 0.43334, 0.43942, 0.44562, 0.45233, 0.45952, 0.4673, 0.47518, 0.48291, 0.49139, 0.50075, 0.5113, 0.52258, 0.53495, 0.54699, 0.55852, 0.56967, 0.58084, 0.59171, 0.60209, 0.61295, 0.62385, 0.63518, 0.64585, 0.65705, 0.66826, 0.67948, 0.69066, 0.7017, 0.71225, 0.72364, 0.73513, 0.74633, 0.75689, 0.76762, 0.77894, 0.79019, 0.80123, 0.81238, 0.82283, 0.83265, 0.84249, 0.85251, 0.86211, 0.8721, 0.88301, 0.8934, 0.9041, 0.91578, 0.92776, 0.94031, 0.95256, 0.96432, 0.97658, 0.989, 1.00097, 1.01263, 1.02533, 1.03724, 1.04961, 1.06213, 1.07409, 1.08548, 1.09614, 1.1068, 1.11749, 1.12678, 1.13712, 1.14732, 1.15699, 1.16677, 1.17669, 1.18673, 1.19638, 1.20643, 1.21716, 1.22643, 1.23531, 1.24375, 1.25174, 1.25905, 1.26623, 1.27387, 1.28152, 1.28888, 1.2963, 1.30385, 1.31134, 1.3188, 1.32656, 1.33447, 1.34282, 1.35191, 1.36167, 1.37103, 1.38102, 1.39136, 1.4016, 1.4118, 1.42121, 1.43036, 1.44086, 1.45148, 1.46135, 1.47128, 1.48125, 1.49093, 1.50028, 1.50906, 1.51768, 1.52639, 1.53438, 1.54173, 1.54817, 1.5544, 1.5607, 1.56628, 1.57123, 1.57575, 1.57978, 1.58352, 1.5866, 1.5895, 1.59243, 1.59533, 1.59832, 1.60136, 1.60432, 1.60727, 1.61016, 1.61303, 1.61594, 1.61893, 1.6218, 1.62472, 1.62761, 1.63061, 1.63357, 1.63661, 1.63975, 1.64277, 1.64591, 1.649, 1.6521, 1.65501, 1.65791, 1.66076, 1.66362, 1.66654, 1.66947, 1.67236, 1.67523, 1.67811, 1.68094, 1.68392, 1.68674, 1.6897, 1.69257, 1.69548, 1.69824, 1.70107, 1.70391, 1.70664, 1.70945, 1.71246, 1.71547, 1.71831, 1.72115, 1.72394, 1.7267, 1.72946, 1.73221, 1.73497, 1.73775, 1.74048, 1.7433, 1.74595, 1.74858, 1.75124, 1.75391, 1.75659, 1.75924, 1.76193, 1.76467, 1.76753, 1.77042, 1.77329, 1.77612, 1.7789, 1.78164, 1.78441, 1.78708, 1.78976, 1.79246, 1.79524, 1.79804, 1.80085, 1.80362, 1.80642, 1.80935, 1.81233, 1.81529, 1.81826, 1.82119, 1.82413, 1.82701, 1.82999, 1.83305, 1.8362, 1.83931, 1.84234, 1.84535, 1.8484, 1.85146, 1.85448, 1.85746, 1.86039, 1.86328, 1.86617, 1.869, 1.87196, 1.87497, 1.878, 1.88102, 1.88404, 1.88695, 1.88991, 1.89296, 1.89603, 1.89912, 1.90209, 1.90494, 1.90767, 1.91046, 1.91335, 1.91626, 1.91916, 1.92214, 1.92513, 1.92809, 1.93103, 1.93404, 1.93701, 1.9399, 1.94268, 1.94547, 1.94823, 1.951, 1.95394, 1.95699, 1.95998, 1.96285]"
ARIMA,51568,300,1,10,1,21.051,,,,,,,,,,,,,0.47389,0.3326,0.26417,0.25933,0.23875,0.47389,0.29375,0.21948,0.21454,0.19575,12675.82546,6.62E+10,3.31E+10,2.76E+10,2.21E+10,"[0.47762, 0.33091, 0.31471, 0.40122, 0.45206, 0.42038, 0.37296, 0.37109, 0.40062, 0.41564, 0.40372, 0.38852, 0.38905, 0.39905, 0.40338, 0.399, 0.39417, 0.39472, 0.39808, 0.39929]",
RandomWalk,51568,300,1,10,1,1.139,,,,,,,,,,,,,0.50458,0.36022,0.31312,0.3157,0.29164,0.50458,0.32932,0.2802,0.28385,0.2491,13496.83526,1.02E+11,5.08E+10,4.24E+10,3.39E+10,"[0.50832, 0.50832, 0.50832, 0.50832, 0.50832, 0.50832, 0.50832, 0.50832, 0.50832, 0.50832, 0.50832, 0.50832, 0.50832, 0.50832, 0.50832, 0.50832, 0.50832, 0.50832, 0.50832, 0.50832]",
LSTM,51568,300,1,10,1,737.621,,,,,,,,,,,,,0.39753,0.30594,0.2423,0.23657,0.21983,0.39753,0.26705,0.19597,0.18993,0.17822,10633.47577,7.95E+10,3.97E+10,3.31E+10,2.65E+10,"[0.40127, 0.39731, 0.38336, 0.39987, 0.3985, 0.39365, 0.3783, 0.37404, 0.36969, 0.36962, 0.36682, 0.36518, 0.36307, 0.36127, 0.3592, 0.3576, 0.35618, 0.35514, 0.35415, 0.35329]",
Alg_c,51568,300,1,10,1,0,1.04384,1.04384,0.91716,0.48077,0.51429,0.6374,0.7695,0.58,0.18605,0.58537,0.45047,0.43731,,,,,,,,,,,,,,,,,"[0.24078, 0.09745, 0.0, 0.0, 0.0, 0.2598, 0.0, 0.0, 0.27327, 0.27796, 0.27419, 0.1401, 0.33405, 0.02987, 0.19907, 0.27633, 0.29718, 0.03751, 0.4527, 0.0, 0.00268, 0.15366, 0.0, 0.57721, 0.0, 0.05426, 0.34546, 0.32354, 0.0, 0.35408, 0.45376, 0.27956, 0.17484, 0.46075, 0.2786, 0.43816, 0.33778, 0.24925, 0.27187, 0.31538, 0.48025, 0.44685, 0.4918, 0.35916, 0.23137, 0.36596, 0.47572, 0.28962, 0.15732, 0.47095, 0.50464, 0.74045, 0.43911, 0.61191, 0.76364, 0.39649, 0.49235, 0.57741, 0.49911, 0.84861, 0.41793, 0.56464, 0.83305, 0.79606, 0.70818, 0.41858, 0.36432, 0.46748, 0.6405, 0.60594, 0.75599, 0.22779, 0.36838, 0.9532, 0.51449, 0.68839, 0.79674, 0.32331, 0.55993, 0.72007, 0.84455, 0.33592, 0.6301, 0.64391, 0.73593, 0.7823, 0.78362, 0.8728, 0.83503, 0.79498, 1.11691, 0.92794, 0.86633, 0.98701, 0.92248, 0.96824, 1.14715, 1.07367, 1.22024, 1.17536, 0.80534, 0.87535, 1.04221, 1.00545, 1.28134, 1.196, 1.19353, 1.18738, 0.98308, 1.11161, 1.23292, 0.83999, 1.38368, 1.32882, 0.91288, 1.26707, 1.34699, 1.2489, 1.16061, 1.30792, 0.69556, 1.18271, 1.18313, 1.35659, 1.63208, 1.53313, 1.46425, 0.95969, 1.27685, 1.08667, 2.01528, 0.96075, 1.51094, 1.2991, 1.53725, 1.37047, 1.29414, 1.37435, 1.61193, 1.2053, 1.51565, 1.79852, 1.2939, 1.11903, 1.41981, 1.31384, 1.77357, 1.33301, 1.06228, 1.59501, 1.33734, 1.14216, 1.45062, 1.61076, 1.5894, 1.43619, 1.76831, 1.32527, 1.30927, 1.96604, 1.13866, 1.83181, 1.75524, 1.63192, 1.35812, 1.79757, 1.20112, 2.36982, 2.03584, 0.0, 1.85885, 0.69954, 1.16272, 2.28023, 1.29592, 2.50263, 2.65748, 1.9238, 0.0, 2.89132, 0.0, 2.67408, 0.0, 2.38977, 1.95695, 0.02452, 3.05217, 0.0, 2.48714, 0.52236, 3.07203, 0.0, 2.66712, 0.19964, 0.29528, 1.54641, 1.9318, 1.77578, 1.83977, 3.68152, 0.0, 2.79499, 0.0, 2.27473, 0.0, 3.46712, 0.0, 1.90797, 4.49446, NaN, 0.0, 1.28869, 2.37707, 0.0, 1.99781, 1.66815, 2.48369, 1.88892, 0.67552, 2.18547, 3.63177, 0.0, 3.20201, NaN, NaN, 4.37784, 0.0, 6.62099, 0.0, 0.56706, 0.0, 2.12981, 2.06442, 1.79518, 2.7473, 4.47408, 0.0, 4.39254, NaN, 5.55967, 0.0, 2.32277, 2.35307, 4.17433, 1.74998, 0.0, 2.0735, 2.32958, 2.22403, 2.54573, 2.1905, 3.83328, 0.0, 2.31829, 1.27541, 2.22405, 2.52347, 2.94995, 1.32465, 2.47847, 3.09952, 2.78144, 2.42015, 3.55702, 2.74373, 4.68359, 0.0, 1.89439, 2.49917, 2.74979, 1.67198, 3.89142, 0.0, 1.99148, 2.3702, 1.25201, 2.3176, 2.92952, 5.3467, 0.0, 0.0, 2.33783, 3.56324, 0.0, 2.45236, 3.04688, 3.56678, 0.0, 2.71952, 3.04469, 4.59909, 0.0, 4.36121, 8.51115, 0.0, 1.2706, 2.55365, 3.54733, 0.0]"
UDE-NN,54133,300,1,10,1,223.993,0.09546,1.16599,0.99718,0.91156,0.87234,0.92703,0.95702,0.66667,0,0.53,0.39889,0.47914,0.04137,0.10209,0.28286,0.2706,0.29135,0.04137,0.05318,0.1716,0.17599,0.213,99.99998,14610.91336,13137.36013,10964.46672,8791.57328,"[0.0, 0.0, 0.0, 0.0, 0.0, 0.0, 0.0, 0.0, 0.0, 0.0, 0.0, 0.0, 0.0, 0.0, 0.0, 0.0, 1.0e-5, 1.0e-5, 2.0e-5, 3.0e-5]","[-0.02479, -0.02038, 0.0348, 0.01408, 0.07119, 0.05434, 0.07503, 0.06319, 0.11485, 0.12594, 0.16672, 0.13063, 0.18343, 0.16345, 0.16668, 0.22087, 0.17764, 0.10337, 0.09562, 0.13969, 0.14906, 0.27166, 0.35518, 0.30704, 0.25672, 0.20612, 0.20347, 0.21549, 0.25126, 0.2179, 0.27378, 0.27264, 0.32056, 0.31411, 0.34002, 0.32526, 0.25772, 0.24934, 0.31613, 0.38805, 0.40721, 0.43628, 0.45948, 0.54653, 0.56276, 0.51512, 0.50659, 0.45129, 0.47947, 0.5154, 0.59205, 0.61995, 0.62704, 0.56653, 0.50831, 0.59467, 0.62602, 0.64774, 0.66345, 0.66068, 0.66737, 0.67611, 0.71076, 0.68995, 0.7192, 0.68123, 0.66345, 0.75603, 0.80796, 0.82545, 0.79524, 0.72924, 0.69064, 0.69137, 0.79197, 0.77885, 0.75004, 0.81143, 0.80301, 0.7759, 0.76312, 0.73786, 0.78833, 0.87864, 0.94909, 0.86512, 0.87232, 0.83595, 0.84234, 0.83221, 0.83722, 0.82456, 0.845, 0.85635, 0.90245, 0.97655, 0.93743, 0.95317, 1.00585, 0.98206, 0.9875, 1.01287, 1.06606, 1.08384, 1.10611, 1.198, 1.14056, 1.1762, 1.17918, 1.12142, 1.09388, 1.1244, 1.16007, 1.22151, 1.18167, 1.24983, 1.21281, 1.21643, 1.25827, 1.18884, 1.14092, 1.18579, 1.24827, 1.25488, 1.28215, 1.24329, 1.22704, 1.22334, 1.31067, 1.27384, 1.31178, 1.34814, 1.40188, 1.33355, 1.26448, 1.27352, 1.33069, 1.35173, 1.39063, 1.41713, 1.414, 1.4174, 1.42535, 1.41657, 1.42101, 1.42554, 1.44221, 1.46426, 1.46428, 1.47225, 1.48832, 1.49203, 1.49433, 1.49295, 1.50661, 1.53087, 1.54419, 1.55141, 1.5621, 1.55595, 1.54678, 1.55243, 1.53572, 1.51174, 1.49091, 1.48622, 1.49908, 1.53509, 1.59969, 1.63351, 1.66215, 1.68461, 1.68721, 1.71335, 1.74579, 1.76198, 1.76449, 1.76636, 1.76817, 1.77711, 1.79779, 1.82915, 1.83795, 1.84849, 1.86309, 1.87496, 1.88704, 1.8994, 1.91664, 1.93618, 1.95204, 1.96285, 1.97367, 1.98824, 2.00585, 2.04047, 2.06569, 2.08325, 2.09945, 2.11476, 2.12622, 2.1352, 2.14459, 2.15158, 2.16543, 2.17922, 2.19229, 2.20917, 2.21992, 2.21968, 2.24678, 2.26704, 2.26536, 2.27432, 2.26353, 2.24302, 2.24414, 2.2501, 2.24919, 2.23131, 2.23427, 2.2491, 2.26287, 2.26894, 2.2714, 2.26588, 2.27066, 2.28691, 2.31939, 2.34267, 2.34654, 2.36615, 2.43247, 2.44338, 2.48925, 2.49521, 2.50183, 2.50721, 2.49113, 2.47729, 2.46426, 2.47186, 2.49241, 2.506, 2.52391, 2.57022, 2.58692, 2.60235, 2.6246, 2.65598, 2.66945, 2.68857, 2.70369, 2.71688, 2.73529, 2.74933, 2.7673, 2.78667, 2.80101, 2.81253, 2.82563, 2.84545, 2.85019, 2.85634, 2.85695, 2.86243, 2.86641, 2.87993, 2.9159, 2.92813, 2.94028, 2.95598, 2.9644, 2.97294, 2.97715, 2.98138, 2.99407, 3.00498, 3.00276, 2.99872, 2.99417, 2.99176, 2.98111, 2.96996, 2.9594, 2.95675, 2.94832, 2.94707, 2.94266, 2.93969, 2.94058, 2.94584, 2.95533, 2.96727, 2.9784, 2.99071, 3.00117, 3.01238, 3.02513, 3.03509]"
GP,54133,300,1,10,1,1265.191,0.64013,1.16599,0.7431,0,0,0.2477,0.43933,0.42424,0,0,0.14141,0.11422,0.04137,0.10209,0.28286,0.2706,0.29135,0.04137,0.05318,0.1716,0.17599,0.213,99.99998,14610.91207,13137.35854,10964.4654,8791.57222,"[0.0, 0.0, 0.0, 0.0, 0.0, 0.0, 0.0, 0.0, 0.0, 0.0, 0.0, 0.0, 0.0, 0.0, 0.0, 0.0, 1.0e-5, 1.0e-5, 2.0e-5, 3.0e-5]","[-0.04397, -0.03222, -0.02081, -0.0094, 0.00182, 0.01305, 0.02421, 0.03615, 0.04803, 0.06127, 0.07339, 0.08672, 0.09947, 0.11309, 0.12595, 0.13818, 0.1502, 0.1611, 0.17167, 0.18317, 0.19323, 0.204, 0.2146, 0.22479, 0.23422, 0.24327, 0.25138, 0.25874, 0.26655, 0.27512, 0.28538, 0.29616, 0.30716, 0.31768, 0.32866, 0.33979, 0.35118, 0.36374, 0.37551, 0.38622, 0.39736, 0.40967, 0.42276, 0.43371, 0.44445, 0.45382, 0.46373, 0.47444, 0.48479, 0.49496, 0.50466, 0.51549, 0.52801, 0.54002, 0.55225, 0.56502, 0.57855, 0.59036, 0.60298, 0.61563, 0.62929, 0.64324, 0.65792, 0.67285, 0.68797, 0.70252, 0.71604, 0.73126, 0.74607, 0.76068, 0.77505, 0.7874, 0.79935, 0.81118, 0.82386, 0.83705, 0.84863, 0.85978, 0.87006, 0.88106, 0.89242, 0.905, 0.91784, 0.93169, 0.94445, 0.957, 0.96861, 0.98002, 0.9906, 1.00119, 1.01165, 1.02208, 1.03223, 1.04316, 1.05498, 1.06645, 1.07758, 1.08927, 1.10097, 1.11174, 1.12325, 1.13607, 1.14874, 1.16203, 1.1745, 1.18544, 1.19493, 1.20376, 1.21311, 1.2231, 1.234, 1.24496, 1.25674, 1.2683, 1.27969, 1.29032, 1.30109, 1.31096, 1.31961, 1.32796, 1.3362, 1.34363, 1.35021, 1.35657, 1.36249, 1.36817, 1.3739, 1.37943, 1.38483, 1.38945, 1.39339, 1.39692, 1.40033, 1.40352, 1.40594, 1.40788, 1.40937, 1.41043, 1.4111, 1.41177, 1.41238, 1.41284, 1.41336, 1.41388, 1.41427, 1.41483, 1.41538, 1.41596, 1.41651, 1.4169, 1.41739, 1.41793, 1.41837, 1.41877, 1.41916, 1.41969, 1.42024, 1.42067, 1.42106, 1.42149, 1.4218, 1.42215, 1.42272, 1.42319, 1.4236, 1.42404, 1.42465, 1.42535, 1.42602, 1.42668, 1.42721, 1.42777, 1.42833, 1.42886, 1.42953, 1.43016, 1.43059, 1.43092, 1.43129, 1.4317, 1.43218, 1.43264, 1.43308, 1.43329, 1.43355, 1.43384, 1.43406, 1.43431, 1.43456, 1.43489, 1.43519, 1.43543, 1.4356, 1.43581, 1.43616, 1.43661, 1.43712, 1.43746, 1.43767, 1.43787, 1.43806, 1.43819, 1.4383, 1.43848, 1.43866, 1.43907, 1.43947, 1.43983, 1.44024, 1.44063, 1.441, 1.44166, 1.44221, 1.44268, 1.44325, 1.44377, 1.44437, 1.44513, 1.44589, 1.44652, 1.44706, 1.44771, 1.44844, 1.44916, 1.44975, 1.45032, 1.45098, 1.45171, 1.4525, 1.45333, 1.4541, 1.45486, 1.45565, 1.45648, 1.4571, 1.45779, 1.45825, 1.45865, 1.45908, 1.45948, 1.45995, 1.46048, 1.4611, 1.46167, 1.46212, 1.46261, 1.46318, 1.46353, 1.4639, 1.46434, 1.46475, 1.46502, 1.46536, 1.46562, 1.46584, 1.46615, 1.46646, 1.4668, 1.46713, 1.46738, 1.46758, 1.46784, 1.46813, 1.46829, 1.46852, 1.46874, 1.4691, 1.46945, 1.4699, 1.47034, 1.47051, 1.47067, 1.47092, 1.47109, 1.47126, 1.4714, 1.47163, 1.47197, 1.47227, 1.47245, 1.47259, 1.47274, 1.47295, 1.47307, 1.47323, 1.47348, 1.47384, 1.47412, 1.47453, 1.47482, 1.47513, 1.47547, 1.47578, 1.47608, 1.47633, 1.4765, 1.47669, 1.47679, 1.47696, 1.47714]"
ARIMA,54133,300,1,10,1,19.63,,,,,,,,,,,,,0.05972,0.10586,0.2877,0.27605,0.29799,0.05972,0.0643,0.18158,0.18595,0.22304,144.35957,6.77E+09,3.85E+09,3.21E+09,2.57E+09,"[-0.01835, -0.0019, -0.01665, -0.00342, -0.01528, -0.00465, -0.01418, -0.00563, -0.0133, -0.00642, -0.01259, -0.00706, -0.01202, -0.00757, -0.01156, -0.00799, -0.01119, -0.00832, -0.01089, -0.00858]",
RandomWalk,54133,300,1,10,1,1.139,,,,,,,,,,,,,0.04137,0.10209,0.28286,0.2706,0.29135,0.04137,0.05318,0.1716,0.176,0.21301,100,40,60,66.66667,73.33333,"[0.0, 0.0, 0.0, 0.0, 0.0, 0.0, 0.0, 0.0, 0.0, 0.0, 0.0, 0.0, 0.0, 0.0, 0.0, 0.0, 0.0, 0.0, 0.0, 0.0]",
LSTM,54133,300,1,10,1,689.85,,,,,,,,,,,,,0.18981,0.20531,0.22616,0.21371,0.19165,0.18981,0.18815,0.19574,0.18553,0.15329,458.83677,1.44E+11,9.95E+10,8.29E+10,6.63E+10,"[0.23118, 0.23607, 0.22494, 0.25463, 0.25979, 0.27392, 0.28683, 0.29786, 0.31051, 0.3212, 0.32812, 0.33672, 0.34477, 0.35175, 0.35853, 0.36459, 0.37015, 0.3753, 0.38003, 0.38444]",
Alg_c,54133,300,1,10,1,0,1.16599,1.16599,0.87538,0.47706,0.43243,0.59496,0.72459,0.67961,0.12346,0.56442,0.45583,0.52186,,,,,,,,,,,,,,,,,"[0.0, 0.0, 0.18868, 0.0, 0.22564, 0.0, 0.14325, 0.0, 0.18441, 0.0799, 0.31489, 0.0, 0.30849, 0.12336, 0.07356, 0.41279, 0.24801, 0.0, 0.0, 0.22553, 0.0, 0.34553, 0.62237, 0.28718, 0.2676, 0.11076, 0.20204, 0.134, 0.43607, 0.01563, 0.3983, 0.1637, 0.4424, 0.24069, 0.4186, 0.41875, 0.1348, 0.08779, 0.30565, 0.49779, 0.3882, 0.44899, 0.32989, 0.66983, 0.68863, 0.41038, 0.61477, 0.27453, 0.48427, 0.41737, 0.70743, 0.66527, 0.76425, 0.55424, 0.2302, 0.66646, 0.6412, 0.66021, 0.69956, 0.64356, 0.65554, 0.63616, 0.80278, 0.62281, 0.8457, 0.60186, 0.43076, 0.81818, 0.9072, 0.94183, 0.87033, 0.67671, 0.60865, 0.5133, 1.00466, 0.80775, 0.54835, 0.97763, 0.83395, 0.74333, 0.78746, 0.57354, 0.68539, 0.93126, 1.26916, 0.67179, 0.96628, 0.73876, 0.88442, 0.79603, 0.88448, 0.74797, 0.86973, 0.7863, 0.82809, 1.2173, 0.81763, 0.85844, 1.17912, 0.90521, 0.94466, 0.96242, 1.13373, 1.07936, 0.92793, 1.56856, 0.85252, 1.26193, 1.30451, 1.06097, 0.97937, 1.11689, 1.10344, 1.4494, 0.92678, 1.47964, 1.12738, 1.09866, 1.53234, 1.13939, 0.9515, 1.16304, 1.40989, 1.11085, 1.49553, 1.14447, 1.26785, 0.90003, 1.79792, 0.9198, 1.42092, 1.15569, 1.83383, 1.2871, 0.95685, 1.04213, 1.78295, 0.45062, 1.60281, 2.47149, 0.0, 1.0333, 2.63844, 0.0, 1.75755, 0.81737, 1.12241, 2.59687, 0.0, 0.95965, 2.09762, 1.22476, 2.56817, 0.0, 1.20945, 1.97522, 2.24484, 0.0, 2.81352, 3.90387, 0.0, 2.35812, 2.08072, 1.36492, 0.0, 1.25873, 1.20212, 0.66435, 2.40078, 1.43463, 1.62553, 2.84788, 0.0, 1.67795, 2.02424, 3.30571, 0.52431, 2.03998, 0.79035, 1.1285, 0.84864, 3.43911, 0.0, 0.0, 2.71872, 0.61079, 2.41242, 0.0, 1.5806, 2.28138, 4.95782, 0.56889, 0.0, 2.10069, 0.21009, 2.37082, 3.65152, 2.58945, 1.31806, 3.93463, 8.55897, 0.0, 6.68153, NaN, 2.3305, 2.40641, 1.13192, 2.53032, 4.57658, 0.0, 2.49656, 3.23927, 0.0, 2.8134, 2.78949, 1.23266, 2.26065, 2.31389, 3.0064, 0.0, 2.14829, 2.30039, 2.39431, 2.26849, 2.58659, 2.00315, 2.19765, 2.05072, 2.42324, 2.70374, 2.1395, 1.39785, 3.33479, 0.0, 3.23909, 1.45003, 2.32946, 3.65766, 1.14059, 2.63776, 1.21074, 2.17184, 2.86797, 2.07961, 0.06516, 3.23233, 1.816, 1.04665, 1.91552, 4.20763, 0.0, 2.98659, 4.95652, 0.0, 3.32229, 0.98984, 2.61118, 3.44717, 4.69459, 0.0, 0.5845, 4.44606, 0.0, 4.74419, 0.0, 3.19435, 0.0, 1.30474, 3.83929, NaN, 0.0, 3.82601, 0.0, 5.58422, 0.64458, 0.0, 2.9709, 4.95428, 3.98503, 4.88369, 0.0, 4.76889, 0.0, 1.9327, 0.0, 3.66273, 0.0, 3.03481, 1.32712, 1.03156, 1.8177, 1.33316, 2.1615, 3.98488, 0.0, 5.78222, NaN, 1.22108, 5.43218]"
UDE-NN,67883,300,1,10,1,210.866,0.07129,1.14865,0.97971,0.88,0.79412,0.88461,0.9267,0.81034,0.14667,0.3913,0.44944,0.49105,0.24075,0.19225,0.16872,0.16447,0.15426,0.24075,0.18206,0.15985,0.15646,0.14347,65.07617,3.26E+10,1.63E+10,1.36E+10,1.09E+10,"[0.1292, 0.16295, 0.19058, 0.20921, 0.22027, 0.22681, 0.2311, 0.23438, 0.23718, 0.23971, 0.24208, 0.24431, 0.24643, 0.24843, 0.25033, 0.25213, 0.25383, 0.25543, 0.25695, 0.25838]","[0.10126, 0.09445, -0.00231, -0.01008, 0.02495, 0.03095, 0.06596, -0.00846, -0.04954, -0.04849, 0.04832, 0.05321, 0.11701, 0.1645, 0.15838, 0.21404, 0.21395, 0.18709, 0.19415, 0.1987, 0.18846, 0.23037, 0.16354, 0.1538, 0.12658, 0.16881, 0.22982, 0.23725, 0.18441, 0.24026, 0.33226, 0.35685, 0.4052, 0.39194, 0.35931, 0.3078, 0.26774, 0.21468, 0.25168, 0.34463, 0.40106, 0.43702, 0.46188, 0.45108, 0.52391, 0.58082, 0.53812, 0.50454, 0.49633, 0.46277, 0.4299, 0.53238, 0.51927, 0.5486, 0.51675, 0.6187, 0.69869, 0.69515, 0.72846, 0.69551, 0.64755, 0.58629, 0.62517, 0.52733, 0.57166, 0.58226, 0.61052, 0.63781, 0.67833, 0.68898, 0.69125, 0.75603, 0.71873, 0.75111, 0.69908, 0.74736, 0.78004, 0.76566, 0.73286, 0.80141, 0.78903, 0.76299, 0.8156, 0.88784, 0.88042, 0.83242, 0.80391, 0.78547, 0.82858, 0.90916, 1.02427, 0.96274, 0.88626, 0.91213, 0.93279, 0.94758, 0.97467, 1.02694, 1.04447, 1.01499, 1.01971, 1.10395, 1.06982, 1.06065, 0.99999, 1.00931, 1.03983, 1.09294, 1.10393, 1.10624, 1.08772, 1.05555, 1.10429, 1.18002, 1.22124, 1.22297, 1.28436, 1.29234, 1.19594, 1.12672, 1.10997, 1.11952, 1.09953, 1.17752, 1.26371, 1.23747, 1.16205, 1.14872, 1.1432, 1.14092, 1.22122, 1.25279, 1.28523, 1.34381, 1.34965, 1.35205, 1.38088, 1.37981, 1.35791, 1.39104, 1.4251, 1.39504, 1.37911, 1.37946, 1.45114, 1.41519, 1.45325, 1.51074, 1.48047, 1.50248, 1.4794, 1.51471, 1.60009, 1.52453, 1.49071, 1.59372, 1.60817, 1.53089, 1.52023, 1.50318, 1.56134, 1.55292, 1.62607, 1.63234, 1.67149, 1.65845, 1.61423, 1.61399, 1.7854, 1.80159, 1.78585, 1.76541, 1.80992, 1.78955, 1.75503, 1.76557, 1.80209, 1.8027, 1.7824, 1.80734, 1.81065, 1.84297, 1.84809, 1.7978, 1.75043, 1.75595, 1.75828, 1.80078, 1.90067, 1.94461, 1.98565, 2.02688, 2.04778, 2.06732, 2.08309, 2.11055, 2.13409, 2.149, 2.14874, 2.15285, 2.13773, 2.1213, 2.10375, 2.0891, 2.08432, 2.08518, 2.09948, 2.10038, 2.10134, 2.10326, 2.11164, 2.116, 2.12081, 2.1244, 2.13016, 2.13598, 2.14536, 2.16319, 2.16801, 2.16998, 2.17634, 2.1893, 2.20328, 2.22039, 2.27971, 2.32031, 2.32552, 2.34057, 2.33824, 2.32405, 2.31779, 2.29671, 2.2872, 2.29149, 2.31774, 2.33866, 2.34807, 2.34031, 2.34429, 2.38042, 2.38924, 2.38598, 2.39073, 2.42887, 2.4659, 2.48953, 2.50276, 2.51687, 2.50689, 2.49532, 2.4829, 2.46335, 2.46024, 2.44803, 2.46566, 2.50005, 2.50979, 2.55262, 2.56312, 2.57004, 2.56944, 2.55803, 2.54636, 2.54066, 2.54705, 2.54926, 2.54658, 2.54884, 2.54912, 2.54123, 2.52835, 2.52656, 2.5438, 2.5979, 2.60497, 2.60766, 2.60601, 2.60616, 2.60932, 2.62666, 2.65585, 2.66928, 2.70258, 2.7406, 2.7907, 2.81265, 2.83736, 2.86541, 2.88194, 2.8988, 2.91245, 2.93071, 2.96169, 2.98307, 3.00399, 3.02909, 3.04137, 3.05378, 3.06859, 3.07832]"
GP,67883,300,1,10,1,1272.484,0.61072,1.14865,0.73638,0,0,0.24546,0.42913,0.53107,0,0,0.17702,0.192,0.22567,0.15273,0.34727,0.40549,0.41597,0.22567,0.12928,0.29034,0.34499,0.36646,60.99825,4.20E+10,2.10E+10,1.75E+10,1.40E+10,"[0.14429, 0.20978, 0.28855, 0.37148, 0.44815, 0.51284, 0.56551, 0.60875, 0.64544, 0.67788, 0.70774, 0.7362, 0.7641, 0.79207, 0.82058, 0.85008, 0.88095, 0.91361, 0.9485, 0.98616]","[-0.13232, -0.11933, -0.10631, -0.0936, -0.07927, -0.06411, -0.04945, -0.0351, -0.02091, -0.00755, 0.00586, 0.01901, 0.0312, 0.04318, 0.05477, 0.06733, 0.08053, 0.09438, 0.10714, 0.12042, 0.13219, 0.144, 0.15674, 0.16919, 0.18228, 0.19579, 0.21008, 0.22444, 0.23917, 0.25304, 0.26665, 0.27996, 0.29338, 0.30753, 0.32177, 0.33652, 0.35184, 0.36756, 0.38195, 0.39674, 0.41161, 0.42663, 0.44255, 0.45743, 0.47119, 0.48497, 0.4973, 0.51005, 0.52268, 0.5359, 0.54938, 0.56108, 0.57303, 0.58504, 0.59737, 0.60972, 0.62247, 0.63544, 0.64813, 0.66134, 0.67306, 0.68461, 0.69537, 0.70721, 0.71865, 0.7304, 0.7419, 0.75196, 0.76154, 0.77097, 0.7804, 0.78936, 0.79813, 0.80638, 0.81475, 0.82257, 0.8304, 0.83808, 0.84495, 0.85198, 0.8596, 0.86768, 0.87649, 0.88692, 0.89726, 0.90765, 0.9184, 0.92994, 0.9421, 0.95357, 0.9646, 0.97644, 0.98714, 0.99797, 1.0091, 1.01878, 1.02766, 1.03605, 1.04478, 1.05341, 1.06189, 1.06972, 1.0776, 1.085, 1.0931, 1.10156, 1.10975, 1.11803, 1.12619, 1.13369, 1.14169, 1.14939, 1.15791, 1.16664, 1.17595, 1.18597, 1.19731, 1.20952, 1.22209, 1.23455, 1.24665, 1.2592, 1.2724, 1.28443, 1.29714, 1.30888, 1.31894, 1.32838, 1.33822, 1.34863, 1.35763, 1.36681, 1.37511, 1.38308, 1.39041, 1.39713, 1.40447, 1.41361, 1.42514, 1.43782, 1.45103, 1.46437, 1.47717, 1.49042, 1.50326, 1.51637, 1.5282, 1.53876, 1.54839, 1.55756, 1.5659, 1.57422, 1.58223, 1.58937, 1.59578, 1.60276, 1.61036, 1.6179, 1.62419, 1.63068, 1.63742, 1.64407, 1.64955, 1.65406, 1.65732, 1.65941, 1.66036, 1.66058, 1.66079, 1.66153, 1.66154, 1.66106, 1.66022, 1.65954, 1.65839, 1.65707, 1.65598, 1.65503, 1.65417, 1.6534, 1.65299, 1.65264, 1.65226, 1.65151, 1.65025, 1.64877, 1.64742, 1.64593, 1.64459, 1.64329, 1.64162, 1.63985, 1.63805, 1.6361, 1.63415, 1.63218, 1.63032, 1.62838, 1.62619, 1.62373, 1.62149, 1.61888, 1.61627, 1.6137, 1.61143, 1.60934, 1.60716, 1.60491, 1.60222, 1.59955, 1.59701, 1.59475, 1.59228, 1.58975, 1.58707, 1.58465, 1.58213, 1.57975, 1.57757, 1.57527, 1.573, 1.57088, 1.56885, 1.56692, 1.56501, 1.56343, 1.5616, 1.55946, 1.55747, 1.55536, 1.55331, 1.5515, 1.54978, 1.54815, 1.54636, 1.5446, 1.54279, 1.54091, 1.5389, 1.53711, 1.53542, 1.53353, 1.53154, 1.52971, 1.52794, 1.52597, 1.52379, 1.52148, 1.51919, 1.51672, 1.51436, 1.51214, 1.50998, 1.50806, 1.50617, 1.50449, 1.50278, 1.50089, 1.49916, 1.497, 1.49471, 1.49233, 1.48979, 1.48731, 1.48508, 1.48288, 1.48053, 1.47811, 1.47583, 1.47357, 1.47125, 1.469, 1.46696, 1.46507, 1.46328, 1.46097, 1.45853, 1.45605, 1.45372, 1.45151, 1.44951, 1.44743, 1.44518, 1.44329, 1.44131, 1.4392, 1.43672, 1.43437, 1.43201, 1.42954, 1.42712, 1.4247, 1.42245, 1.42025, 1.41777, 1.41515, 1.41276, 1.41012, 1.40751, 1.40506]"
ARIMA,67883,300,1,10,1,19.871,,,,,,,,,,,,,0.27457,0.25874,0.20401,0.18648,0.20065,0.27457,0.24209,0.15926,0.13634,0.15798,74.21714,1.91E+10,9.54E+09,7.95E+09,6.36E+09,"[0.09538, 0.09538, 0.09538, 0.09538, 0.09538, 0.09538, 0.09538, 0.09538, 0.09538, 0.09538, 0.09538, 0.09538, 0.09538, 0.09538, 0.09538, 0.09538, 0.09538, 0.09538, 0.09538, 0.09538]",
RandomWalk,67883,300,1,10,1,1.214,,,,,,,,,,,,,0.27457,0.25874,0.20401,0.18648,0.20065,0.27457,0.24209,0.15926,0.13634,0.15798,74.21714,1.91E+10,9.54E+09,7.95E+09,6.36E+09,"[0.09538, 0.09538, 0.09538, 0.09538, 0.09538, 0.09538, 0.09538, 0.09538, 0.09538, 0.09538, 0.09538, 0.09538, 0.09538, 0.09538, 0.09538, 0.09538, 0.09538, 0.09538, 0.09538, 0.09538]",
LSTM,67883,300,1,10,1,731.416,,,,,,,,,,,,,0.10159,0.15766,0.19474,0.20585,0.18565,0.10159,0.13142,0.16782,0.18205,0.15627,27.45991,5.96E+10,2.98E+10,2.49E+10,1.99E+10,"[0.26836, 0.29822, 0.30325, 0.32136, 0.32911, 0.33413, 0.34314, 0.3457, 0.34988, 0.35459, 0.35598, 0.35783, 0.35949, 0.36068, 0.36172, 0.36257, 0.36327, 0.36386, 0.3643, 0.36467]",
Alg_c,67883,300,1,10,1,0,1.14865,1.14865,0.88636,0.4,0.49315,0.59317,0.72037,0.76113,0.36559,0.64615,0.59096,0.62648,,,,,,,,,,,,,,,,,"[0.13528, 0.29716, 0.0, 0.0, 0.06731, 0.0, 0.27942, 0.0, 0.0, 0.0, 0.22994, 0.0, 0.14057, 0.28188, 0.01946, 0.33669, 0.28115, 0.11512, 0.19224, 0.24098, 0.07139, 0.46215, 0.02819, 0.19486, 0.0, 0.12613, 0.3528, 0.365, 0.0, 0.156, 0.47158, 0.30744, 0.52973, 0.43496, 0.39728, 0.29387, 0.28288, 0.02184, 0.12482, 0.41162, 0.45091, 0.481, 0.53666, 0.28482, 0.52396, 0.78558, 0.51483, 0.45205, 0.54935, 0.48997, 0.12878, 0.79974, 0.40077, 0.6992, 0.22851, 0.67175, 0.87399, 0.6103, 0.85804, 0.71191, 0.71133, 0.33956, 0.95367, 0.1894, 0.66226, 0.54344, 0.62228, 0.59633, 0.74738, 0.72256, 0.50366, 1.04785, 0.46199, 1.02852, 0.40507, 0.81407, 0.87023, 0.85017, 0.40737, 1.05793, 0.82266, 0.56411, 0.76882, 1.05366, 0.94652, 0.77615, 0.79369, 0.66682, 0.77393, 0.82411, 1.38822, 0.96495, 0.65819, 0.93429, 0.9493, 0.93125, 0.90344, 1.09647, 1.15298, 0.96043, 0.77876, 1.45023, 0.88278, 1.23981, 0.82133, 1.00979, 0.9762, 1.19709, 1.08493, 1.1418, 1.15346, 0.86951, 1.06653, 1.25466, 1.31881, 1.06206, 1.39327, 1.50331, 1.13572, 1.02889, 1.06712, 1.20568, 0.88387, 1.1516, 1.47857, 1.33566, 0.9949, 1.16162, 1.18059, 0.92885, 1.36352, 1.2381, 1.19003, 1.48879, 1.33966, 1.24642, 1.47503, 1.42624, 1.23791, 1.39218, 1.55885, 1.35278, 1.35919, 1.23288, 1.68185, 1.25094, 1.39288, 1.74312, 1.29267, 1.67971, 1.33868, 1.31508, 2.08549, 1.36689, 1.08202, 1.86344, 1.83787, 1.25318, 1.65322, 1.24957, 1.84496, 1.2152, 1.92476, 1.39385, 1.86174, 1.81922, 1.67484, 0.16445, 2.80384, 1.70378, 1.94346, 0.7886, 2.44944, 2.01584, 0.9025, 1.52088, 2.21637, 2.06566, 1.10617, 2.19154, 1.45417, 1.97909, 2.27178, 1.8372, 0.4528, 2.18334, 1.1029, 0.93182, 2.70292, 1.72825, 1.7914, 2.70042, 1.78746, 2.42025, 1.05804, 2.3005, 2.32501, 4.7972, 0.0, 3.55658, 0.0, 8.90651, 0.0, 0.77182, 1.8337, 0.08042, 3.37415, NaN, 0.0, 0.0, 2.50776, 0.83161, 5.59075, NaN, 2.6205, 0.0, 0.0, 2.98956, 2.65883, 1.10011, 1.76816, 2.26078, 2.50647, 0.0, 2.63497, 3.54292, 0.0, 2.85764, 3.133, 1.28474, 2.78676, 1.9222, 2.1428, 1.57064, 2.50577, 2.53772, 3.0523, 1.29564, 1.41974, 2.91161, 2.91871, 1.80247, 1.25378, 2.51672, 2.93049, 3.50992, 1.11321, 4.09668, 0.0, 2.40796, 3.20454, 0.42003, 2.95434, 1.14499, 2.24129, 3.17992, 0.0, 3.13721, 2.38471, 3.36396, 5.05884, 0.50696, 0.0, 1.50544, 2.78609, 3.9828, 0.0, 2.71405, 3.15578, 3.73109, 0.0, 1.89939, 1.38118, 3.3795, 1.74985, 4.85807, 0.0, 2.49991, 0.9209, 2.1549, 4.01666, 0.0, 2.72374, 2.01784, 4.48146, NaN, 2.23142, 4.29493, 0.0, 4.29074, 0.0, 1.27142, 3.56086, 13.21433, NaN, 3.90259, NaN, 0.0, 4.15624]"
UDE-NN,26058,300,1,10,1,231.302,0.12443,1.88413,0.99712,0.82474,0.32653,0.71613,0.85717,0.74545,0,0.11189,0.28578,0.2932,0.13197,0.11164,0.08679,0.11859,0.15228,0.13197,0.08799,0.06728,0.09128,0.11727,41.28291,30.9258,21.80341,33.93152,62.54891,"[0.45163, 0.43864, 0.43354, 0.43064, 0.42838, 0.42634, 0.42437, 0.42244, 0.42054, 0.41866, 0.41681, 0.41498, 0.41317, 0.41139, 0.40962, 0.40788, 0.40615, 0.40445, 0.40276, 0.4011]","[0.13401, 0.12088, 0.10743, 0.10223, 0.05301, 0.06313, -0.0024, -0.0844, -0.02012, -0.00904, 0.00768, 0.10163, 0.14694, 0.24939, 0.20473, 0.2375, 0.25417, 0.23337, 0.27338, 0.26568, 0.25518, 0.322, 0.28803, 0.23763, 0.22413, 0.24293, 0.27076, 0.26403, 0.30458, 0.30904, 0.31323, 0.29326, 0.31698, 0.37081, 0.46543, 0.53229, 0.49785, 0.53891, 0.47945, 0.41247, 0.45163, 0.48212, 0.52622, 0.48594, 0.46443, 0.46394, 0.48724, 0.4774, 0.53892, 0.57516, 0.5813, 0.56102, 0.60792, 0.61602, 0.67003, 0.62049, 0.62533, 0.60983, 0.5805, 0.61523, 0.57309, 0.63777, 0.65622, 0.72847, 0.72799, 0.71961, 0.64926, 0.6192, 0.73816, 0.80811, 0.80913, 0.75435, 0.75446, 0.71726, 0.69812, 0.65767, 0.64611, 0.65645, 0.68168, 0.71261, 0.70831, 0.74774, 0.76673, 0.80126, 0.82332, 0.86231, 0.89203, 0.86619, 0.91263, 0.96076, 0.91576, 0.94241, 0.95918, 0.94045, 0.87534, 0.95898, 1.0246, 1.04261, 1.06687, 1.03272, 1.05171, 1.01702, 1.11377, 1.22113, 1.25203, 1.0962, 1.092, 1.19289, 1.2367, 1.31957, 1.20824, 1.17638, 1.15939, 1.19282, 1.19384, 1.22493, 1.20603, 1.18935, 1.20472, 1.1923, 1.22441, 1.26707, 1.23016, 1.25884, 1.2943, 1.2546, 1.21991, 1.2522, 1.2397, 1.20701, 1.23409, 1.28465, 1.29805, 1.31741, 1.31174, 1.31514, 1.31858, 1.3785, 1.41966, 1.44991, 1.3953, 1.39646, 1.42702, 1.4632, 1.41818, 1.38441, 1.39403, 1.45733, 1.52189, 1.56408, 1.54939, 1.49222, 1.47161, 1.49135, 1.51018, 1.53088, 1.5497, 1.56393, 1.61324, 1.66332, 1.69206, 1.72332, 1.73109, 1.75476, 1.7504, 1.749, 1.74826, 1.75006, 1.74844, 1.74915, 1.74918, 1.74843, 1.743, 1.73881, 1.72723, 1.72031, 1.72963, 1.7595, 1.79806, 1.82667, 1.86373, 1.88574, 1.90283, 1.9264, 1.94483, 1.95327, 1.96614, 2.00214, 1.98915, 1.985, 1.99537, 2.01392, 1.98799, 1.95341, 1.93698, 1.91121, 1.9305, 1.93804, 1.96327, 1.97059, 1.96587, 1.98875, 2.01038, 2.01084, 2.01669, 2.04538, 2.06388, 2.06156, 2.08046, 2.10466, 2.13166, 2.1471, 2.16128, 2.19358, 2.20925, 2.21583, 2.21841, 2.19802, 2.18341, 2.18839, 2.21283, 2.19182, 2.2077, 2.21867, 2.2454, 2.26504, 2.25759, 2.26691, 2.27843, 2.2787, 2.27114, 2.29046, 2.3286, 2.34202, 2.34642, 2.33104, 2.32854, 2.3532, 2.41936, 2.4144, 2.40448, 2.39646, 2.39176, 2.39714, 2.40136, 2.40665, 2.42056, 2.42771, 2.42493, 2.42241, 2.4255, 2.45734, 2.47128, 2.48747, 2.49555, 2.49351, 2.49905, 2.49091, 2.48444, 2.47693, 2.46621, 2.45561, 2.44788, 2.43386, 2.4234, 2.41329, 2.40788, 2.40884, 2.42177, 2.42977, 2.43685, 2.44307, 2.44837, 2.45282, 2.45705, 2.46113, 2.4649, 2.46922, 2.47547, 2.483, 2.49016, 2.49866, 2.51025, 2.52114, 2.5317, 2.54181, 2.55378, 2.56152, 2.56918, 2.57715, 2.58568, 2.59592, 2.61138, 2.61367, 2.61542, 2.61597, 2.61747, 2.62071, 2.62659, 2.63527]"
GP,26058,300,1,10,1,1287.104,0.69674,1.88413,0.74633,0,0,0.24878,0.4443,0.47953,0,0,0.15984,0.15124,0.42744,1.30142,4.15082,5.05543,5.89106,0.42744,1.12677,3.29219,4.10949,4.97615,133.71364,365.39033,898.2513,1298.93782,2180.70619,"[0.7471, 1.03453, 1.37961, 1.83079, 2.45937, 3.34737, 4.53871, 5.93873, 7.24555, 8.1182, 8.50775, 8.62489, 8.64432, 8.63551, 8.61904, 8.60048, 8.58131, 8.56192, 8.54241, 8.52281]","[0.01532, 0.02519, 0.03513, 0.04481, 0.05653, 0.06757, 0.07827, 0.08842, 0.09532, 0.10253, 0.11041, 0.11713, 0.12313, 0.13348, 0.14175, 0.15124, 0.15831, 0.16574, 0.17742, 0.18799, 0.19789, 0.20895, 0.22039, 0.23161, 0.24216, 0.25386, 0.26674, 0.27976, 0.29376, 0.3084, 0.32315, 0.33777, 0.35161, 0.36471, 0.37713, 0.38596, 0.39321, 0.39898, 0.4055, 0.41095, 0.41654, 0.42181, 0.42724, 0.43305, 0.44145, 0.45178, 0.46007, 0.47018, 0.48163, 0.4918, 0.50575, 0.51898, 0.53278, 0.54607, 0.55796, 0.56774, 0.57756, 0.59069, 0.60495, 0.61838, 0.63069, 0.64279, 0.65499, 0.66754, 0.68022, 0.69191, 0.70541, 0.71894, 0.7312, 0.74264, 0.75551, 0.76752, 0.78002, 0.79161, 0.80083, 0.80973, 0.81881, 0.82859, 0.83653, 0.84614, 0.85713, 0.86897, 0.8808, 0.89291, 0.90615, 0.92051, 0.93534, 0.95009, 0.96489, 0.97973, 0.99456, 1.0094, 1.02419, 1.03903, 1.05386, 1.06862, 1.0834, 1.09823, 1.11288, 1.12727, 1.14032, 1.15121, 1.15999, 1.16767, 1.17638, 1.18333, 1.18905, 1.19357, 1.20022, 1.2049, 1.21394, 1.22429, 1.23461, 1.24816, 1.26236, 1.27693, 1.2914, 1.30606, 1.32057, 1.33532, 1.34946, 1.36338, 1.37714, 1.3906, 1.40384, 1.4175, 1.43172, 1.44629, 1.46092, 1.47573, 1.49051, 1.50537, 1.52013, 1.53466, 1.54936, 1.56339, 1.5769, 1.59085, 1.60393, 1.61621, 1.62776, 1.63912, 1.65031, 1.66016, 1.6685, 1.67422, 1.67873, 1.68246, 1.68532, 1.68724, 1.68844, 1.68788, 1.68552, 1.68355, 1.68187, 1.6799, 1.67756, 1.67516, 1.67266, 1.67151, 1.67013, 1.6683, 1.66639, 1.66386, 1.66148, 1.65811, 1.65464, 1.6508, 1.6473, 1.64361, 1.63999, 1.63621, 1.6324, 1.62824, 1.62441, 1.62016, 1.61665, 1.61392, 1.61133, 1.60817, 1.60462, 1.60147, 1.59756, 1.59353, 1.59022, 1.58685, 1.58347, 1.58057, 1.57832, 1.57502, 1.57231, 1.57012, 1.56792, 1.56496, 1.56224, 1.56066, 1.55942, 1.55895, 1.55815, 1.55688, 1.55476, 1.55231, 1.55039, 1.54813, 1.54543, 1.54261, 1.54012, 1.53761, 1.53542, 1.53358, 1.53153, 1.52923, 1.52642, 1.52341, 1.52084, 1.51738, 1.51371, 1.51016, 1.50646, 1.50362, 1.50163, 1.50043, 1.49887, 1.49809, 1.49796, 1.4979, 1.49711, 1.49556, 1.49361, 1.4912, 1.48798, 1.48466, 1.48194, 1.47952, 1.47647, 1.47304, 1.46946, 1.46632, 1.46335, 1.46023, 1.45529, 1.45002, 1.44507, 1.44043, 1.4361, 1.43165, 1.42713, 1.42285, 1.4182, 1.41333, 1.40874, 1.40455, 1.40068, 1.39596, 1.39108, 1.38592, 1.38043, 1.37552, 1.37004, 1.36463, 1.35921, 1.35375, 1.34832, 1.34296, 1.33733, 1.33212, 1.32686, 1.32184, 1.31705, 1.31226, 1.3067, 1.30088, 1.29491, 1.28879, 1.28243, 1.27607, 1.27006, 1.26411, 1.25851, 1.25313, 1.24773, 1.24218, 1.23675, 1.23161, 1.22614, 1.22052, 1.21477, 1.20945, 1.20367, 1.19774, 1.19198, 1.18654, 1.18147, 1.17661, 1.17112, 1.16568, 1.16029, 1.15542, 1.15115, 1.14759]"
ARIMA,26058,300,1,10,1,22.935,,,,,,,,,,,,,0.18633,0.20635,0.23792,0.26313,0.31199,0.18633,0.17973,0.22206,0.23417,0.27595,58.29059,60.43738,65.33788,82.08954,131.61919,"[0.506, 0.52049, 0.53996, 0.56277, 0.58701, 0.61075, 0.63215, 0.64961, 0.66187, 0.66813, 0.66807, 0.6619, 0.65027, 0.63425, 0.61523, 0.59478, 0.57455, 0.55611, 0.54086, 0.52988]",
RandomWalk,26058,300,1,10,1,1.272,,,,,,,,,,,,,0.17816,0.1588,0.14111,0.16334,0.20584,0.17816,0.13432,0.12602,0.14008,0.17359,55.73406,45.86496,38.73731,51.0755,87.80893,"[0.49783, 0.49783, 0.49783, 0.49783, 0.49783, 0.49783, 0.49783, 0.49783, 0.49783, 0.49783, 0.49783, 0.49783, 0.49783, 0.49783, 0.49783, 0.49783, 0.49783, 0.49783, 0.49783, 0.49783]",
LSTM,26058,300,1,10,1,588.735,,,,,,,,,,,,,0.11923,0.11098,0.09029,0.12252,0.16431,0.11923,0.08796,0.07278,0.09564,0.12731,37.29738,30.98433,23.33557,36.13038,68.62217,"[0.43889, 0.44677, 0.44312, 0.43804, 0.43216, 0.43115, 0.43537, 0.43888, 0.44139, 0.44178, 0.44228, 0.44322, 0.44384, 0.44419, 0.44445, 0.44482, 0.44525, 0.44565, 0.44598, 0.44626]",
Alg_c,26058,300,1,10,1,0,1.88413,1.88413,0.89855,0.55462,0.5,0.65106,0.76521,0.72566,0.11628,0.53947,0.46047,0.53232,,,,,,,,,,,,,,,,,"[0.17784, 0.12002, 0.08432, 0.19893, 0.0, 0.21979, 0.0, 0.0, 0.06642, 0.0, 0.0, 0.1877, 0.0344, 0.55304, 0.03004, 0.27088, 0.34618, 0.09594, 0.3769, 0.27641, 0.08339, 0.53701, 0.30733, 0.16339, 0.16074, 0.22544, 0.35116, 0.14753, 0.39786, 0.28343, 0.38232, 0.19832, 0.27805, 0.29108, 0.52335, 0.72695, 0.36005, 0.74133, 0.49403, 0.19769, 0.44991, 0.4721, 0.69651, 0.45724, 0.42177, 0.41327, 0.56799, 0.3262, 0.56938, 0.62666, 0.65266, 0.39251, 0.72822, 0.49976, 0.87965, 0.51555, 0.66899, 0.65384, 0.42044, 0.80564, 0.33108, 0.76018, 0.51346, 0.89831, 0.72172, 0.86512, 0.56951, 0.31217, 0.82514, 0.93145, 0.92778, 0.61137, 0.85, 0.67767, 0.74175, 0.60173, 0.60343, 0.6239, 0.66711, 0.79234, 0.60854, 0.79808, 0.73065, 0.83395, 0.77914, 0.86822, 1.04325, 0.68123, 0.90553, 1.21003, 0.69403, 0.99025, 1.01393, 1.11256, 0.481, 1.05407, 1.13771, 0.97115, 1.23104, 0.87586, 1.18829, 0.74381, 1.07511, 1.36891, 1.62141, 0.76977, 0.83742, 1.30245, 1.15748, 1.73089, 1.00974, 1.15634, 1.0446, 1.29492, 1.08887, 1.34975, 1.18395, 1.1073, 1.3158, 1.06549, 1.16825, 1.53925, 0.99433, 1.22831, 1.5244, 1.2246, 1.01907, 1.40511, 1.30236, 1.05222, 1.18792, 1.39077, 1.24206, 1.38619, 1.2716, 1.35944, 1.15991, 1.46365, 1.34827, 1.76692, 1.1544, 1.36479, 1.35147, 1.76143, 1.32552, 1.28047, 1.19184, 1.50017, 1.55761, 1.82139, 2.05648, 0.0, 0.86721, 1.70787, 1.45446, 1.55974, 2.13051, 0.0, 1.74548, 2.03655, 1.33786, 2.37935, 0.09591, 2.65145, 0.0, 1.86924, 0.69722, 2.42974, 0.76299, 1.9419, 1.62179, 3.23904, 0.0, 4.15526, 0.0, 0.0, 1.18929, 1.46686, 2.72911, 0.0, 2.65686, 4.74536, 0.0, 2.30657, 3.1742, 1.05437, 0.0, 3.20231, 0.0, 1.51656, 1.64406, 2.94058, 2.56365, 0.2475, 2.44202, 0.93519, 2.27148, 1.6068, 2.21437, 2.46417, 0.43042, 2.07952, 2.57686, 1.80449, 0.85133, 2.30695, 2.70727, 1.30377, 2.10573, 2.02475, 2.40277, 2.33835, 1.02868, 2.54212, 2.68151, 1.96002, 3.3226, 1.06628, 1.9035, 1.84641, 2.85926, 1.3981, 2.45263, 2.04869, 2.27687, 2.53523, 1.95796, 2.25769, 2.43815, 2.77913, 1.01269, 2.05874, 2.70489, 2.33703, 3.0801, 1.47506, 1.83317, 1.40057, 3.47186, 6.02519, 0.0, 2.1811, 1.38596, 2.54808, 2.44257, 1.5507, 2.62733, 3.31783, 2.03624, 2.1279, 0.81285, 2.9459, 1.1154, 3.05134, 5.54669, 0.0, 3.24609, 0.0, 2.74757, 3.45151, 2.29697, 0.38926, 4.44618, 0.0, 2.66312, 0.0, 0.9972, 0.47945, 2.72991, 3.41336, 3.88908, 3.74774, 12.09886, NaN, NaN, 7.62371, 0.0, 0.32724, 1.80223, 3.43074, 0.0, 0.0, 2.68461, 3.34767, 9.67831, NaN, 3.66411, 27.68536, NaN, 0.0, 0.0, 0.0, 4.20911, 0.0, 7.7625, 0.0, 2.30959, 2.41699, 2.48138]"
UDE-NN,91328,300,1,10,1,195.523,0.20577,0.71921,0.98567,0.81967,0.48148,0.76228,0.8698,0.82521,0.46358,0,0.4296,0.73623,0.00703,0.40132,0.34681,0.35428,0.32687,0.00703,0.32656,0.29473,0.29173,0.26319,1.173,385.11435,221.7983,318.23267,263.35246,"[0.59262, 0.62309, 0.63363, 0.63405, 0.62954, 0.62281, 0.61521, 0.60742, 0.59975, 0.59233, 0.58522, 0.57841, 0.57189, 0.56565, 0.55967, 0.55392, 0.54841, 0.5431, 0.53798, 0.53305]","[0.04754, -0.02369, -0.07422, 0.09926, 0.08991, 0.0109, 0.10681, 0.15467, 0.18835, 0.22834, 0.13376, 0.11143, 0.11164, 0.15586, 0.15717, 0.09996, -0.03203, 0.11402, 0.03972, -0.06161, -0.11307, -0.03858, 0.2568, 0.26905, 0.19859, 0.22621, 0.23169, 0.17697, 0.18339, 0.23119, 0.31224, 0.20396, 0.13776, 0.19971, 0.1681, 0.13377, 0.28386, 0.3674, 0.35717, 0.28077, 0.38739, 0.54675, 0.52181, 0.44964, 0.54508, 0.47858, 0.42995, 0.49978, 0.52946, 0.51861, 0.58807, 0.54957, 0.53605, 0.49146, 0.50514, 0.55775, 0.6061, 0.65881, 0.70071, 0.66758, 0.51609, 0.45119, 0.56043, 0.57158, 0.48359, 0.48395, 0.43901, 0.48085, 0.51495, 0.70713, 0.81295, 0.73682, 0.66317, 0.7179, 0.68093, 0.78772, 0.85072, 0.82501, 0.81979, 0.82653, 0.79882, 0.97668, 1.03496, 0.98745, 1.0658, 0.95283, 0.97123, 0.94937, 0.90159, 0.81087, 0.84833, 0.80955, 0.90909, 0.88289, 0.94519, 0.9743, 1.13329, 0.99862, 1.05797, 1.13946, 1.06916, 1.04606, 1.01278, 1.04794, 1.06826, 1.20594, 1.21303, 1.11478, 1.12154, 1.25914, 1.1913, 1.06228, 1.15994, 1.15867, 1.32284, 1.28594, 1.10401, 1.03961, 1.03103, 1.06884, 1.16151, 1.26375, 1.19078, 1.1885, 1.15043, 1.11139, 1.16058, 1.36144, 1.47164, 1.49928, 1.40712, 1.42424, 1.32822, 1.3777, 1.36774, 1.33922, 1.27002, 1.369, 1.35153, 1.41919, 1.3414, 1.30466, 1.36334, 1.4136, 1.44597, 1.49781, 1.43529, 1.4201, 1.48256, 1.62914, 1.73078, 1.75141, 1.76301, 1.7036, 1.65923, 1.64506, 1.72475, 1.69215, 1.69065, 1.62698, 1.51648, 1.58524, 1.66141, 1.68267, 1.67458, 1.70393, 1.62746, 1.68155, 1.7315, 1.76582, 1.73983, 1.68035, 1.65784, 1.7036, 1.64129, 1.58739, 1.66407, 1.70678, 1.7245, 1.75054, 1.72285, 1.73948, 1.81947, 1.8602, 1.74305, 1.79891, 1.9455, 2.00373, 1.90684, 1.81224, 1.83267, 1.82213, 1.86955, 1.89355, 1.96656, 1.933, 2.07369, 2.05257, 2.00153, 2.0143, 1.9831, 1.88595, 1.90828, 2.02784, 1.99148, 2.05489, 2.13618, 2.18337, 2.18074, 2.27132, 2.2667, 2.1969, 2.13216, 1.98703, 1.802, 1.79175, 1.90125, 1.96769, 1.95437, 1.96651, 2.14085, 2.24595, 2.35549, 2.41747, 2.32429, 2.36173, 2.4659, 2.36351, 2.3065, 2.28963, 2.34983, 2.26379, 2.39245, 2.40106, 2.32836, 2.31564, 2.24201, 2.1438, 2.14524, 2.21887, 2.17991, 2.11079, 2.35149, 2.46436, 2.4127, 2.40946, 2.47323, 2.4452, 2.24679, 2.24872, 2.30901, 2.24873, 2.26854, 2.21868, 2.36343, 2.52749, 2.59337, 2.56592, 2.59177, 2.59223, 2.61327, 2.63824, 2.56689, 2.67388, 2.83901, 2.80416, 2.81214, 2.74065, 2.67224, 2.67721, 2.67268, 2.7115, 2.7082, 2.60995, 2.49212, 2.42392, 2.3863, 2.32456, 2.26803, 2.24347, 2.28717, 2.29287, 2.29694, 2.29572, 2.29223, 2.29426, 2.29878, 2.28745, 2.26302, 2.23829, 2.20928, 2.18797, 2.21188, 2.23187, 2.28908, 2.28472, 2.29582, 2.29269, 2.30582, 2.31303]"
GP,91328,300,1,10,1,1280.7,0.18654,0.71921,0.99435,0.78818,0,0.59418,0.80284,0.80117,0.5614,0,0.45419,0.73534,0.01381,0.44892,0.3807,0.40867,0.40032,0.01381,0.35204,0.30482,0.32924,0.33387,2.30223,424.74847,246.85127,383.28918,325.69249,"[0.61345, 0.66514, 0.69566, 0.7144, 0.72645, 0.73467, 0.7407, 0.74549, 0.74962, 0.75345, 0.75718, 0.76097, 0.76489, 0.76901, 0.77337, 0.77798, 0.78288, 0.78808, 0.79359, 0.79944]","[0.04011, 0.05258, 0.06471, 0.07489, 0.08598, 0.09686, 0.10873, 0.11994, 0.13233, 0.1444, 0.15668, 0.16913, 0.18074, 0.19303, 0.2058, 0.21866, 0.23139, 0.24404, 0.25655, 0.26911, 0.282, 0.29482, 0.30766, 0.32018, 0.33307, 0.34596, 0.35854, 0.37111, 0.38376, 0.39647, 0.40842, 0.41982, 0.43131, 0.44362, 0.45608, 0.46823, 0.48089, 0.49377, 0.50583, 0.51674, 0.52825, 0.53939, 0.54891, 0.5548, 0.55811, 0.56071, 0.56052, 0.55809, 0.5546, 0.5495, 0.54251, 0.53493, 0.52521, 0.51523, 0.50507, 0.49654, 0.48889, 0.48238, 0.47792, 0.47526, 0.4742, 0.47488, 0.47908, 0.48718, 0.49826, 0.51007, 0.52218, 0.53494, 0.54763, 0.55991, 0.57257, 0.58516, 0.59805, 0.61094, 0.62384, 0.63672, 0.64915, 0.66191, 0.67481, 0.68765, 0.70053, 0.71322, 0.7247, 0.73748, 0.7499, 0.76266, 0.77506, 0.78772, 0.80043, 0.81316, 0.82557, 0.83732, 0.84917, 0.86172, 0.87407, 0.88591, 0.89725, 0.90915, 0.9198, 0.92956, 0.93887, 0.94648, 0.95528, 0.9641, 0.97277, 0.98253, 0.99327, 1.00382, 1.01407, 1.02493, 1.03686, 1.04833, 1.05998, 1.07261, 1.08545, 1.09805, 1.10916, 1.11961, 1.1309, 1.1414, 1.15168, 1.16255, 1.17347, 1.18394, 1.19518, 1.20688, 1.21952, 1.23238, 1.24514, 1.25759, 1.26986, 1.28166, 1.29352, 1.30604, 1.31788, 1.3307, 1.34346, 1.35598, 1.36813, 1.38021, 1.39276, 1.4051, 1.41733, 1.42983, 1.44246, 1.45522, 1.46794, 1.4807, 1.49353, 1.50634, 1.51897, 1.53169, 1.54449, 1.55706, 1.56988, 1.58264, 1.59554, 1.608, 1.61975, 1.63132, 1.64303, 1.65467, 1.66665, 1.67776, 1.68846, 1.69883, 1.70867, 1.71664, 1.72461, 1.73239, 1.73822, 1.74363, 1.74971, 1.75855, 1.76987, 1.78189, 1.79413, 1.80633, 1.81803, 1.8295, 1.84009, 1.85096, 1.86177, 1.87294, 1.88417, 1.89536, 1.90716, 1.91934, 1.93199, 1.94453, 1.95736, 1.97024, 1.98308, 1.99591, 2.00875, 2.0213, 2.03347, 2.04584, 2.05793, 2.07046, 2.08328, 2.09618, 2.10841, 2.11959, 2.13054, 2.13987, 2.14786, 2.15305, 2.15691, 2.15079, 2.14814, 2.1421, 2.14437, 2.14234, 2.14, 2.13154, 2.12402, 2.11687, 2.09979, 2.09249, 2.08173, 2.07667, 2.07435, 2.07365, 2.07501, 2.08504, 2.09345, 2.10303, 2.11586, 2.12872, 2.14155, 2.15428, 2.16643, 2.1767, 2.18584, 2.19349, 2.1994, 2.20665, 2.21359, 2.224, 2.23252, 2.24308, 2.25244, 2.2611, 2.27251, 2.28442, 2.29377, 2.30174, 2.30919, 2.31791, 2.3243, 2.33414, 2.34481, 2.35457, 2.3615, 2.364, 2.36937, 2.3727, 2.38004, 2.39, 2.39489, 2.39992, 2.40932, 2.42085, 2.43074, 2.44059, 2.45156, 2.46245, 2.47476, 2.48765, 2.50027, 2.51209, 2.5214, 2.52421, 2.52006, 2.50926, 2.49702, 2.48512, 2.4716, 2.45886, 2.44736, 2.43624, 2.423, 2.40983, 2.39634, 2.3828, 2.37044, 2.35809, 2.34502, 2.33137, 2.31814, 2.3051, 2.29318, 2.2826, 2.27154, 2.26119, 2.24962, 2.23888, 2.22763, 2.21667]"
ARIMA,91328,300,1,10,1,18.965,,,,,,,,,,,,,0.06335,0.68097,0.82551,1.01092,1.20877,0.06335,0.58938,0.75758,0.90399,1.08149,10.56408,593.59824,401.21585,803.794,734.86477,"[0.663, 0.79775, 0.92966, 1.05878, 1.18517, 1.30889, 1.43, 1.54854, 1.66458, 1.77816, 1.88934, 1.99818, 2.10471, 2.20899, 2.31107, 2.41098, 2.50879, 2.60453, 2.69824, 2.78998]",
RandomWalk,91328,300,1,10,1,1.686,,,,,,,,,,,,,0.07432,0.33447,0.31317,0.31948,0.29309,0.07432,0.29971,0.28492,0.28299,0.24962,12.39391,317.28474,184.37795,273.30978,225.62119,"[0.52533, 0.52533, 0.52533, 0.52533, 0.52533, 0.52533, 0.52533, 0.52533, 0.52533, 0.52533, 0.52533, 0.52533, 0.52533, 0.52533, 0.52533, 0.52533, 0.52533, 0.52533, 0.52533, 0.52533]",
LSTM,91328,300,1,10,1,711.258,,,,,,,,,,,,,0.14925,1.01755,2.36704,3.36979,4.59038,0.14925,0.89664,1.97487,2.70109,3.70814,24.88882,794.97751,689.66266,2164.72575,2125.1333,"[0.74889, 0.94836, 1.18372, 1.45301, 1.83668, 2.28932, 2.86149, 3.55342, 4.37495, 5.28764, 6.2174, 7.06243, 7.73901, 8.21497, 8.50513, 8.64207, 8.65789, 8.58375, 8.45285, 8.29742]",
Alg_c,91328,300,1,10,1,0,0.71921,0.71921,0.90303,0.70588,0.62295,0.74395,0.8121,0.80702,0.2807,0.11765,0.40179,0.70487,,,,,,,,,,,,,,,,,"[0.21256, 0.0, 0.0, 0.4669, 0.25648, 0.0, 0.17697, 0.17924, 0.1682, 0.51435, 0.0, 0.05781, 0.01696, 0.24591, 0.25829, 0.29367, 0.0, 0.64648, 0.0253, 0.0, 0.0, 0.0, 0.80698, 0.39031, 0.0, 0.28071, 0.37111, 0.03516, 0.11394, 0.08947, 0.77498, 0.04922, 0.0, 0.42637, 0.19195, 0.0, 0.40106, 0.51748, 0.52512, 0.0, 0.26062, 0.94727, 0.65861, 0.0, 1.12114, 0.40407, 0.0, 0.73353, 0.78961, 0.0, 1.43552, 0.0, 1.56797, 0.0, 0.39246, 0.73584, 0.5377, 0.599, 0.84957, 1.18014, 0.19113, 0.0, 0.95418, 0.7923, 0.21495, 0.67004, 0.22141, 0.51509, 0.17816, 0.8902, 1.1788, 0.71161, 0.37075, 0.98728, 0.33767, 0.87482, 1.03285, 0.76508, 0.79048, 0.9637, 0.35774, 1.17223, 1.23793, 0.65857, 1.52468, 0.64776, 1.07591, 0.98757, 1.02424, 0.48384, 1.15601, 0.39654, 1.25889, 0.63232, 1.12711, 0.52517, 1.93, 0.40141, 1.0273, 1.56422, 0.7919, 1.15233, 0.8177, 1.22599, 0.67406, 1.52586, 1.46328, 0.86157, 0.76162, 1.75495, 1.36132, 0.4117, 1.52628, 0.72347, 1.71503, 1.60194, 0.72327, 0.99039, 0.98571, 0.96674, 1.07033, 1.7374, 0.86378, 1.31775, 1.16874, 0.97489, 0.83255, 1.57759, 1.59369, 1.74472, 1.15522, 1.70246, 0.98735, 1.4956, 1.38266, 1.48119, 0.82883, 1.76156, 1.01968, 1.7968, 1.22853, 1.09981, 1.41718, 1.45768, 1.34588, 1.78371, 1.30581, 1.29548, 1.30485, 1.72064, 1.89629, 1.72543, 1.91489, 1.65369, 1.62019, 1.40698, 2.03117, 1.51432, 1.83555, 1.80927, 1.05483, 1.61217, 1.78076, 1.74459, 1.4962, 2.09582, 1.16505, 1.78875, 1.7127, 1.89799, 1.8333, 1.57553, 1.40661, 2.03303, 1.6215, 1.27489, 1.78466, 1.75199, 1.6535, 1.92478, 1.61979, 1.58324, 1.85253, 2.35022, 1.24192, 1.62623, 2.14398, 2.31848, 1.86454, 1.53723, 1.95831, 1.68285, 1.94795, 1.72913, 2.32986, 1.36648, 2.51533, 2.05586, 1.80834, 2.10982, 2.14943, 1.62318, 1.69146, 2.3728, 1.77863, 2.02489, 2.20289, 2.23382, 2.02422, 2.48188, 2.47694, 2.225, 2.31405, 1.9874, 1.34023, 1.42029, 2.01885, 2.2206, 1.81784, 1.57113, 2.21251, 2.281, 2.52566, 2.8023, 2.02716, 2.24492, 2.89812, 2.19827, 2.26659, 2.06965, 2.79168, 1.71574, 2.66271, 2.55372, 2.21143, 2.43394, 2.2734, 1.95555, 2.02187, 2.43608, 2.23219, 1.49501, 2.54007, 2.80039, 2.24627, 2.27598, 2.66965, 2.81231, 1.80819, 2.07697, 2.56866, 2.05073, 2.42935, 1.81526, 2.26496, 2.74935, 2.80756, 2.45928, 2.65827, 2.55366, 2.60208, 2.88879, 2.16136, 2.55421, 3.26217, 2.65842, 2.98175, 2.74636, 2.50572, 2.75869, 2.54231, 2.75023, 2.94687, 2.57503, 1.48753, 0.92633, 3.37868, NaN, 0.0, 1.13594, 2.91656, 0.0, 3.69553, 9.40195, NaN, 2.18111, 2.90482, 6.60558, NaN, 5.57616, 0.0, 0.0, 2.68283, 0.74909, 3.30909, 0.0, 2.73137, 1.47112, 2.53098]"
UDE-NN,93050,300,1,10,1,201.61,0.19474,15.58144,0.96317,0.72906,0,0.56408,0.76846,0.74834,0.47668,0,0.40834,0.60613,0.29354,0.19527,0.26902,0.27541,0.26184,0.29354,0.16535,0.23587,0.24362,0.23223,2.94E+11,5.87E+10,2.94E+10,5.77E+10,4.61E+10,"[0.29354, 0.34136, 0.36809, 0.38108, 0.38738, 0.39081, 0.39304, 0.39474, 0.39618, 0.39745, 0.3986, 0.39965, 0.40059, 0.40145, 0.40221, 0.40289, 0.40349, 0.40401, 0.40446, 0.40483]","[0.00565, 0.04789, 0.04914, 0.017, 0.06766, 0.08263, 0.08886, 0.11507, 0.1292, 0.22789, 0.36465, 0.1784, 0.10171, 0.12929, 0.00167, 0.07064, 0.15152, 0.08009, 0.0458, 0.17901, 0.21066, 0.31114, 0.30858, 0.29225, 0.42194, 0.4652, 0.40406, 0.26853, 0.10862, 0.13057, 0.17607, 0.16237, 0.29689, 0.32598, 0.34255, 0.30601, 0.32582, 0.34235, 0.48079, 0.63264, 0.65315, 0.71077, 0.55963, 0.44115, 0.54533, 0.46238, 0.44092, 0.50297, 0.51665, 0.49053, 0.48287, 0.53987, 0.55779, 0.43961, 0.51072, 0.44684, 0.58606, 0.46272, 0.39449, 0.4797, 0.54418, 0.55282, 0.60489, 0.6202, 0.69913, 0.67385, 0.61295, 0.58149, 0.66816, 0.61649, 0.60237, 0.65102, 0.77296, 0.67242, 0.68347, 0.70071, 0.78919, 0.81548, 0.78921, 0.8807, 1.04794, 1.01752, 0.94155, 0.89554, 0.93437, 1.07896, 1.0702, 0.86368, 0.71741, 0.70777, 0.71115, 0.77096, 0.92109, 0.94461, 0.95903, 0.91294, 0.9458, 0.84857, 0.75572, 0.91489, 1.09581, 1.096, 0.9644, 0.99932, 0.96666, 0.91465, 0.99469, 1.08714, 1.13305, 1.15302, 1.16761, 1.1878, 1.10642, 1.13665, 1.11844, 1.20955, 1.21877, 1.22106, 1.23355, 1.26671, 1.29227, 1.23488, 1.18886, 1.22926, 1.3642, 1.40027, 1.32982, 1.25258, 1.33391, 1.40239, 1.42867, 1.33344, 1.34356, 1.36682, 1.39043, 1.36112, 1.37641, 1.38525, 1.37794, 1.37604, 1.42346, 1.35437, 1.43, 1.46413, 1.52993, 1.4812, 1.39707, 1.31491, 1.39891, 1.42129, 1.43735, 1.43878, 1.49197, 1.43548, 1.51829, 1.52268, 1.48538, 1.55471, 1.63749, 1.62733, 1.67718, 1.68929, 1.7109, 1.64927, 1.70046, 1.74727, 1.76211, 1.62523, 1.57191, 1.6559, 1.74432, 1.86935, 1.89649, 1.86914, 1.92873, 2.02143, 1.94908, 1.92442, 1.86188, 1.86313, 1.82429, 1.67265, 1.71073, 1.7018, 1.80491, 1.99307, 1.96695, 1.84711, 1.79011, 1.85658, 1.89908, 1.87656, 1.79168, 1.89175, 2.04885, 2.08051, 2.01947, 1.9776, 1.96796, 1.92781, 1.99813, 2.12132, 2.04884, 2.02504, 2.08505, 2.11798, 2.11389, 2.09376, 2.01524, 2.00974, 2.02663, 2.00348, 1.9836, 2.04729, 2.05432, 2.15216, 2.1573, 2.18486, 2.17856, 2.12057, 1.93239, 2.00049, 2.02572, 2.0368, 2.1078, 2.13607, 2.17118, 2.2026, 2.2112, 2.1824, 2.18737, 2.1722, 2.27188, 2.40439, 2.27215, 2.30616, 2.29035, 2.26796, 2.41301, 2.35802, 2.32622, 2.4355, 2.37425, 2.473, 2.41352, 2.4002, 2.48231, 2.51679, 2.50332, 2.5311, 2.60896, 2.54301, 2.57972, 2.54479, 2.38495, 2.32349, 2.35414, 2.36699, 2.3786, 2.39433, 2.41219, 2.44718, 2.45992, 2.47235, 2.4887, 2.49612, 2.50408, 2.51151, 2.52855, 2.52331, 2.52067, 2.51012, 2.49888, 2.48363, 2.46815, 2.45311, 2.44064, 2.42646, 2.40661, 2.39023, 2.36597, 2.34622, 2.33191, 2.31174, 2.29157, 2.2708, 2.25062, 2.23422, 2.23383, 2.24456, 2.24822, 2.25406, 2.26379, 2.27876, 2.29055, 2.29974, 2.30999, 2.3215, 2.33027, 2.33824]"
GP,93050,300,1,10,1,1308.412,0.67818,15.58144,0.89744,0.89441,0,0.59728,0.77231,0.71884,0.51656,0,0.4118,0.59802,0.40753,1.98154,5.63973,6.27755,6.80113,0.40753,1.55514,4.58327,5.2857,5.94452,4.08E+11,8.15E+10,4.08E+10,7.76E+11,6.21E+11,"[0.40753, 0.73375, 1.32418, 2.35017, 3.93471, 5.91972, 7.67502, 8.57373, 8.81194, 8.86885, 8.90063, 8.92861, 8.95503, 8.98015, 9.00404, 9.02674, 9.04827, 9.06869, 9.08802, 9.1063]","[-0.04398, -0.03173, -0.01936, -0.00617, 0.00655, 0.01949, 0.03257, 0.04562, 0.05823, 0.07137, 0.0841, 0.09639, 0.10841, 0.11952, 0.12981, 0.14165, 0.15311, 0.16523, 0.17827, 0.19062, 0.20284, 0.21498, 0.22757, 0.23993, 0.25272, 0.26509, 0.27816, 0.29143, 0.30315, 0.31513, 0.32721, 0.34023, 0.35271, 0.36571, 0.37791, 0.38882, 0.39646, 0.40697, 0.41592, 0.42747, 0.44014, 0.45291, 0.46617, 0.47942, 0.49252, 0.50521, 0.518, 0.53068, 0.54365, 0.55662, 0.56911, 0.58169, 0.59298, 0.60282, 0.61257, 0.62211, 0.63208, 0.64204, 0.65153, 0.66053, 0.67012, 0.68048, 0.68966, 0.69941, 0.70885, 0.71854, 0.72768, 0.73683, 0.74521, 0.75368, 0.76171, 0.77088, 0.78016, 0.78985, 0.80057, 0.81095, 0.82232, 0.83229, 0.8431, 0.85398, 0.86441, 0.87483, 0.885, 0.89482, 0.90546, 0.91557, 0.92664, 0.93825, 0.95104, 0.9622, 0.97317, 0.98435, 0.99519, 1.0059, 1.01626, 1.02767, 1.04007, 1.05245, 1.06409, 1.07701, 1.0899, 1.1031, 1.11626, 1.12848, 1.14124, 1.15332, 1.16523, 1.17775, 1.18975, 1.20205, 1.21296, 1.22447, 1.23673, 1.24976, 1.26211, 1.27531, 1.28777, 1.29862, 1.30651, 1.31051, 1.31435, 1.31825, 1.3223, 1.32729, 1.33414, 1.34396, 1.35218, 1.35992, 1.36448, 1.36777, 1.37075, 1.37489, 1.37872, 1.38183, 1.38326, 1.38405, 1.3793, 1.36975, 1.3548, 1.33768, 1.32044, 1.30279, 1.28679, 1.27863, 1.27648, 1.28409, 1.29529, 1.3083, 1.32148, 1.33371, 1.34608, 1.35887, 1.37105, 1.38297, 1.39474, 1.4067, 1.41938, 1.43216, 1.44471, 1.45751, 1.47074, 1.48401, 1.49669, 1.50859, 1.52057, 1.53284, 1.54406, 1.55649, 1.56942, 1.58266, 1.59583, 1.6084, 1.62059, 1.63343, 1.64553, 1.6576, 1.67085, 1.68405, 1.69695, 1.71022, 1.72346, 1.73657, 1.74849, 1.76014, 1.77125, 1.78277, 1.79205, 1.79593, 1.79889, 1.80386, 1.81044, 1.81506, 1.82001, 1.82509, 1.83267, 1.84074, 1.84797, 1.85662, 1.86766, 1.87933, 1.88959, 1.90222, 1.91547, 1.92873, 1.94182, 1.95484, 1.96808, 1.98131, 1.99405, 2.00714, 2.02036, 2.03358, 2.0463, 2.05856, 2.07006, 2.08086, 2.09242, 2.10442, 2.11599, 2.12769, 2.14002, 2.15258, 2.16528, 2.17791, 2.19069, 2.20343, 2.21627, 2.22885, 2.24162, 2.25415, 2.26702, 2.27972, 2.29205, 2.30438, 2.31658, 2.32919, 2.34135, 2.35327, 2.36565, 2.37844, 2.3917, 2.40493, 2.41814, 2.4314, 2.44397, 2.45685, 2.47011, 2.4832, 2.49642, 2.50905, 2.52091, 2.53024, 2.53221, 2.52823, 2.51577, 2.492, 2.46148, 2.42007, 2.36688, 2.31041, 2.25385, 2.19706, 2.14203, 2.08284, 2.02369, 1.96685, 1.90866, 1.85092, 1.79312, 1.73711, 1.67869, 1.62133, 1.56277, 1.50421, 1.44469, 1.38513, 1.32598, 1.26884, 1.21133, 1.15298, 1.09638, 1.03862, 0.98279, 0.92624, 0.86789, 0.80953, 0.75071, 0.69291, 0.63708, 0.58275, 0.5273, 0.47018, 0.41367, 0.35768, 0.30127, 0.2439, 0.18566, 0.12819, 0.07099, 0.01379]"
ARIMA,93050,300,1,10,1,19.583,,,,,,,,,,,,,0.22708,0.13691,0.26541,0.25101,0.25358,0.22708,0.11376,0.19322,0.18047,0.19344,2.27E+11,4.54E+10,2.27E+10,3.78E+10,3.03E+10,"[0.22708, 0.22708, 0.22708, 0.22708, 0.22708, 0.22708, 0.22708, 0.22708, 0.22708, 0.22708, 0.22708, 0.22708, 0.22708, 0.22708, 0.22708, 0.22708, 0.22708, 0.22708, 0.22708, 0.22708]",
RandomWalk,93050,300,1,10,1,1.159,,,,,,,,,,,,,0.22708,0.13691,0.26541,0.25101,0.25358,0.22708,0.11376,0.19322,0.18047,0.19344,2.27E+11,4.54E+10,2.27E+10,3.78E+10,3.03E+10,"[0.22708, 0.22708, 0.22708, 0.22708, 0.22708, 0.22708, 0.22708, 0.22708, 0.22708, 0.22708, 0.22708, 0.22708, 0.22708, 0.22708, 0.22708, 0.22708, 0.22708, 0.22708, 0.22708, 0.22708]",
LSTM,93050,300,1,10,1,832.131,,,,,,,,,,,,,1.34446,3.89148,7.64918,8.47909,9.06768,1.34446,3.49426,6.73342,7.57471,8.28166,1.34E+12,2.69E+11,1.34E+11,1.11E+12,8.86E+11,"[1.34446, 2.38703, 3.49019, 4.84046, 6.3838, 8.01672, 9.53967, 10.73931, 11.50047, 11.85904, 11.93843, 11.85739, 11.69468, 11.50529, 11.32817, 11.18321, 11.07237, 10.98686, 10.91548, 10.84979]",
Alg_c,93050,300,1,10,1,0,15.58144,15.58144,0.91988,0.77419,0.65385,0.78264,0.85258,0.73203,0.30435,0.38095,0.47244,0.59948,,,,,,,,,,,,,,,,,"[0.0, 0.12081, 0.11012, 0.0, 0.14316, 0.0999, 0.04656, 0.15377, 0.0, 0.13191, 1.03607, 0.0, 0.0, 0.41792, 0.0, 0.02734, 0.46971, 0.0, 0.0, 0.37749, 0.06778, 0.52761, 0.35536, 0.0, 0.5794, 0.6701, 0.54404, 0.35092, 0.0, 0.13837, 0.35349, 0.0, 0.53854, 0.31049, 0.48879, 0.13119, 0.42296, 0.04983, 0.45844, 0.94256, 0.44029, 1.18078, 0.47359, 0.0, 0.94831, 0.31343, 0.26516, 0.60456, 0.59089, 0.46354, 0.34964, 0.65235, 0.80121, 0.11993, 0.68617, 0.09897, 1.07583, 0.33628, 0.03811, 0.47224, 0.64229, 0.48766, 0.65187, 0.51624, 0.9123, 0.77233, 0.5068, 0.35276, 0.89849, 0.59255, 0.43115, 0.54064, 1.21081, 0.46092, 0.64637, 0.57333, 0.9056, 0.9216, 0.54158, 0.72397, 1.44836, 1.12011, 0.88525, 0.69344, 0.7033, 1.39823, 1.50402, 0.65544, 0.4336, 0.65905, 0.58529, 0.58951, 1.17316, 0.99846, 1.08997, 0.72466, 1.22607, 0.8849, 0.23926, 0.85639, 1.4403, 1.40671, 0.49545, 1.18828, 1.04335, 0.60638, 0.98979, 1.19053, 1.17058, 1.15446, 1.09482, 1.463, 0.8097, 1.33585, 0.84999, 1.41951, 1.20557, 1.20867, 1.17984, 1.23689, 1.52356, 1.20438, 1.03681, 0.98609, 1.57889, 1.60097, 1.39316, 0.82302, 1.45502, 1.41247, 1.81151, 0.96103, 1.3877, 1.33767, 1.5713, 1.17727, 1.42028, 1.4445, 1.40159, 1.00543, 2.22658, 0.41939, 1.82983, 1.17678, 1.86409, 1.48788, 1.43846, 0.94217, 1.53838, 1.42471, 1.4736, 1.31826, 1.72702, 1.14445, 1.67109, 1.61792, 1.25463, 1.52724, 1.84755, 1.46358, 1.7752, 1.60406, 1.97886, 1.32929, 1.73907, 1.73421, 2.16006, 1.37473, 1.30479, 1.70618, 1.65992, 2.05348, 1.99302, 1.68049, 1.80689, 2.40541, 1.7519, 2.06801, 1.69267, 1.93598, 2.1537, 1.14111, 1.986, 1.43833, 1.54108, 2.46977, 2.10919, 1.6716, 1.47441, 1.95125, 2.01038, 2.16254, 1.23935, 1.78591, 2.33951, 2.2512, 1.90506, 1.89249, 2.14792, 1.63154, 1.84288, 2.61335, 1.87604, 1.85352, 2.15017, 2.18307, 2.10083, 2.26108, 1.82648, 1.96567, 2.13873, 2.00432, 1.80059, 2.16837, 1.86623, 2.35044, 2.08739, 2.25171, 2.25648, 2.42556, 1.36432, 2.14052, 2.06084, 1.89741, 2.21254, 2.10772, 2.17333, 2.24277, 2.29488, 2.09285, 2.26161, 1.93758, 2.17958, 3.00635, 1.81826, 2.44272, 2.32286, 1.88778, 2.86173, 2.27463, 1.93122, 2.95075, 1.86721, 2.98656, 2.24995, 2.18497, 2.60368, 2.62795, 2.40729, 2.3489, 3.07824, 2.04268, 2.76262, 3.0477, 1.88178, 2.01655, 2.57575, 2.42763, 1.65453, 2.48777, 0.0, 3.21692, 260.81594, NaN, 3.22959, 0.0, 3.83919, 0.0, 3.80324, NaN, 3.84575, 0.0, 6.29964, 26.44765, 63.67984, NaN, 2.50028, 6.22032, NaN, 3.91144, 0.0, 1.61348, 3.8288, 0.0, 8.95283, NaN, 0.0, 0.0, 1.64276, 3.55165, 0.0, 0.99536, 1.13837, 2.77975, 7.66374, NaN, 1.4896, 3.54822, 2.47681]"
UDE-NN,6871,300,1,10,1,225.205,0.12581,1.73289,0.98006,0.77273,0.53521,0.76267,0.86359,0.91176,0.62893,0.60674,0.71581,0.77402,0.23498,0.22601,0.17127,0.22073,0.20829,0.23498,0.21258,0.14648,0.17669,0.17019,39.98952,47.33603,39.86173,43.47347,49.25051,"[0.35263, 0.34535, 0.34359, 0.34322, 0.34319, 0.34322, 0.34323, 0.3432, 0.34314, 0.34303, 0.34289, 0.34271, 0.34249, 0.34224, 0.34196, 0.34165, 0.34131, 0.34094, 0.34054, 0.34012]","[0.15974, 0.09377, 0.00967, 0.11533, 0.11712, 0.14268, 0.1738, 0.12509, 0.09937, 0.16175, 0.17798, 0.09037, 0.06388, 0.07042, 0.10341, 0.17337, 0.16058, 0.1778, 0.16457, 0.2128, 0.18652, 0.25152, 0.27864, 0.22051, 0.16293, 0.18362, 0.22908, 0.36622, 0.31656, 0.33082, 0.3481, 0.36615, 0.2833, 0.28581, 0.3185, 0.33547, 0.36219, 0.33285, 0.32814, 0.32775, 0.33055, 0.35231, 0.3235, 0.40338, 0.46227, 0.6134, 0.5969, 0.50141, 0.38403, 0.37572, 0.39402, 0.40643, 0.58271, 0.5893, 0.54254, 0.6271, 0.61337, 0.66056, 0.65966, 0.68099, 0.68351, 0.60117, 0.66922, 0.65454, 0.57846, 0.61907, 0.61297, 0.62127, 0.71709, 0.72114, 0.71358, 0.69985, 0.68438, 0.71238, 0.70038, 0.70848, 0.66487, 0.75403, 0.78866, 0.79877, 0.77008, 0.89023, 0.94722, 0.94689, 0.94257, 0.87791, 0.95301, 0.9415, 0.91077, 0.96708, 1.05718, 1.05443, 1.03744, 1.00596, 0.89848, 0.87156, 0.83857, 0.91113, 0.95667, 1.02713, 0.96945, 0.92391, 0.91131, 0.92871, 0.96974, 1.09704, 1.14559, 1.26743, 1.22274, 1.29849, 1.18747, 1.20725, 1.27277, 1.24274, 1.18099, 1.19451, 1.26843, 1.20034, 1.23975, 1.27181, 1.29974, 1.33418, 1.27462, 1.27393, 1.33329, 1.33806, 1.4327, 1.31502, 1.3073, 1.36296, 1.4106, 1.37703, 1.43984, 1.44759, 1.43721, 1.33607, 1.2783, 1.24978, 1.36787, 1.35378, 1.43281, 1.35061, 1.49928, 1.49252, 1.39396, 1.42844, 1.44544, 1.51356, 1.56972, 1.63499, 1.5616, 1.48108, 1.52466, 1.47334, 1.3782, 1.42762, 1.44161, 1.46465, 1.47732, 1.43122, 1.49484, 1.54638, 1.57516, 1.59246, 1.67164, 1.6438, 1.55536, 1.54399, 1.57402, 1.63213, 1.66189, 1.81372, 1.87029, 1.82341, 1.81764, 1.90362, 1.83703, 1.7569, 1.71308, 1.76169, 1.81428, 1.87123, 1.89548, 1.95186, 1.94602, 2.00044, 1.93247, 1.9611, 1.96072, 1.95325, 1.8783, 1.92527, 1.92287, 1.88684, 1.92629, 1.96858, 2.05619, 2.02876, 1.91991, 1.89593, 1.99494, 2.06611, 2.11266, 2.2274, 2.15573, 2.07052, 2.01785, 1.94345, 2.08664, 2.21627, 2.13531, 2.14135, 2.1995, 2.16376, 2.21672, 2.13437, 2.06299, 2.15195, 2.26791, 2.2527, 2.22905, 2.20888, 2.20668, 2.23247, 2.26749, 2.28954, 2.30107, 2.30611, 2.31142, 2.30163, 2.29807, 2.29454, 2.30475, 2.36867, 2.40188, 2.46646, 2.5321, 2.56602, 2.59689, 2.63411, 2.6436, 2.63952, 2.63988, 2.62376, 2.61474, 2.63889, 2.62209, 2.60629, 2.6138, 2.58945, 2.56725, 2.55976, 2.53228, 2.51917, 2.49379, 2.47944, 2.45408, 2.4458, 2.45145, 2.44059, 2.43021, 2.41377, 2.38268, 2.35114, 2.3159, 2.28737, 2.27751, 2.26174, 2.24572, 2.25365, 2.30971, 2.32147, 2.34348, 2.36199, 2.38109, 2.40913, 2.43727, 2.47381, 2.52633, 2.55182, 2.57871, 2.61145, 2.64839, 2.67886, 2.70539, 2.73285, 2.75658, 2.78069, 2.7911, 2.80196, 2.80825, 2.81565, 2.81847, 2.82091, 2.8252, 2.83251, 2.82961, 2.82557, 2.82211, 2.83109]"
GP,6871,300,1,10,1,1311.84,0.7142,1.73289,0.83538,0.82667,0,0.55402,0.7185,0.7378,0.79699,0,0.5116,0.58472,0.63356,3.01433,5.967,6.37089,6.82246,0.63356,2.56948,5.21473,5.69345,6.23237,107.81996,662.30807,1819.61374,1923.43209,2316.97874,"[1.22117, 1.83396, 2.73295, 3.99453, 5.54287, 7.03147, 8.02083, 8.44022, 8.5657, 8.60315, 8.61977, 8.63129, 8.64111, 8.64995, 8.65798, 8.66525, 8.67178, 8.67761, 8.68276, 8.68725]","[0.05289, 0.06507, 0.07732, 0.08959, 0.10186, 0.11294, 0.1237, 0.13546, 0.14738, 0.15952, 0.17136, 0.18335, 0.19541, 0.20757, 0.21987, 0.23192, 0.24421, 0.25599, 0.2671, 0.27533, 0.27868, 0.28077, 0.28035, 0.28034, 0.28013, 0.28292, 0.28857, 0.29616, 0.3049, 0.31395, 0.32343, 0.33406, 0.34465, 0.35524, 0.36586, 0.37658, 0.38817, 0.40035, 0.41258, 0.42401, 0.43485, 0.44519, 0.45558, 0.46641, 0.47575, 0.48409, 0.48968, 0.49129, 0.49149, 0.49274, 0.49667, 0.50181, 0.50803, 0.51598, 0.52453, 0.53399, 0.54431, 0.555, 0.56582, 0.57581, 0.58574, 0.59543, 0.60434, 0.61117, 0.61696, 0.62291, 0.63098, 0.63836, 0.64768, 0.6569, 0.66622, 0.67563, 0.68483, 0.69455, 0.70478, 0.71408, 0.72308, 0.73156, 0.74058, 0.75118, 0.76136, 0.7723, 0.78315, 0.79406, 0.80516, 0.8169, 0.82831, 0.84015, 0.85214, 0.86404, 0.87611, 0.88844, 0.90071, 0.91301, 0.92455, 0.93599, 0.94803, 0.95998, 0.97118, 0.98244, 0.99414, 1.00615, 1.01744, 1.0285, 1.03994, 1.05178, 1.0641, 1.07639, 1.0887, 1.101, 1.11311, 1.12543, 1.13774, 1.14976, 1.16039, 1.17051, 1.18004, 1.18852, 1.19384, 1.20043, 1.20931, 1.2193, 1.22993, 1.24113, 1.25181, 1.26299, 1.27506, 1.28737, 1.29866, 1.30958, 1.31998, 1.33184, 1.34342, 1.35516, 1.36689, 1.37804, 1.38998, 1.40139, 1.41307, 1.42483, 1.43713, 1.44903, 1.45806, 1.46826, 1.47974, 1.49197, 1.50423, 1.51638, 1.5285, 1.54047, 1.55275, 1.56503, 1.5773, 1.58958, 1.60178, 1.6137, 1.62579, 1.63804, 1.64941, 1.66172, 1.67388, 1.68552, 1.69686, 1.70826, 1.72021, 1.73247, 1.74466, 1.75659, 1.7682, 1.78036, 1.79185, 1.80298, 1.8133, 1.82369, 1.83356, 1.84387, 1.85434, 1.86595, 1.87773, 1.88743, 1.89891, 1.9112, 1.92331, 1.9349, 1.94658, 1.95813, 1.96947, 1.97966, 1.98886, 1.99656, 2.00037, 2.00074, 2.00028, 1.99897, 1.99803, 1.99746, 1.99695, 1.9974, 1.99945, 2.00318, 2.00908, 2.01649, 2.02459, 2.03462, 2.04573, 2.05538, 2.06478, 2.07509, 2.0863, 2.09832, 2.11017, 2.12187, 2.13391, 2.14545, 2.15685, 2.16695, 2.17467, 2.18185, 2.1869, 2.18729, 2.18256, 2.17487, 2.16228, 2.14568, 2.12679, 2.10738, 2.08707, 2.06642, 2.04573, 2.02555, 2.0053, 1.98563, 1.96614, 1.9471, 1.92905, 1.9105, 1.89246, 1.87327, 1.85295, 1.83276, 1.81294, 1.79249, 1.77167, 1.75148, 1.73124, 1.71189, 1.69255, 1.67219, 1.65185, 1.63217, 1.61105, 1.59046, 1.57062, 1.55041, 1.53052, 1.51005, 1.49005, 1.46963, 1.44992, 1.43008, 1.40966, 1.38891, 1.36779, 1.34606, 1.32452, 1.30305, 1.2828, 1.26302, 1.24306, 1.22288, 1.20356, 1.18454, 1.16402, 1.14382, 1.12319, 1.10263, 1.08225, 1.06166, 1.04131, 1.02078, 0.99948, 0.97837, 0.95754, 0.93665, 0.9153, 0.89389, 0.87264, 0.85139, 0.83012, 0.80831, 0.7866, 0.76464, 0.74298, 0.72102, 0.69907, 0.67764, 0.6563, 0.63453, 0.61283, 0.59194]"
ARIMA,6871,300,1,10,1,19.79,,,,,,,,,,,,,0.20844,0.34525,0.44501,0.44043,0.46413,0.20844,0.30043,0.41209,0.39801,0.42529,35.47195,98.66254,149.87482,148.70052,172.40352,"[0.79605, 0.79605, 0.79605, 0.79605, 0.79605, 0.79605, 0.79605, 0.79605, 0.79605, 0.79605, 0.79605, 0.79605, 0.79605, 0.79605, 0.79605, 0.79605, 0.79605, 0.79605, 0.79605, 0.79605]",
RandomWalk,6871,300,1,10,1,1.169,,,,,,,,,,,,,0.20844,0.34525,0.44501,0.44043,0.46413,0.20844,0.30043,0.41209,0.39801,0.42529,35.47195,98.66254,149.87482,148.70052,172.40352,"[0.79605, 0.79605, 0.79605, 0.79605, 0.79605, 0.79605, 0.79605, 0.79605, 0.79605, 0.79605, 0.79605, 0.79605, 0.79605, 0.79605, 0.79605, 0.79605, 0.79605, 0.79605, 0.79605, 0.79605]",
LSTM,6871,300,1,10,1,718.706,,,,,,,,,,,,,0.07098,0.16233,0.20394,0.2294,0.24058,0.07098,0.13712,0.18493,0.20864,0.21719,12.07897,43.64284,67.36186,71.40433,84.47051,"[0.51663, 0.48505, 0.46984, 0.48552, 0.49697, 0.50317, 0.5049, 0.50325, 0.50401, 0.50987, 0.51089, 0.51175, 0.51232, 0.51304, 0.51366, 0.51417, 0.51456, 0.51482, 0.51504, 0.51524]",
Alg_c,6871,300,1,10,1,0,1.73289,1.73289,0.90503,0.59504,0.52308,0.67438,0.77971,0.84746,0.54054,0.63158,0.67319,0.7305,,,,,,,,,,,,,,,,,"[0.3135, 0.153, 0.0, 0.32145, 0.04296, 0.12031, 0.34948, 0.06496, 0.0, 0.25643, 0.40747, 0.0, 0.0, 0.01393, 0.02234, 0.34707, 0.08411, 0.2534, 0.0, 0.47186, 0.0, 0.36185, 0.48548, 0.20071, 0.0, 0.21887, 0.0, 0.86438, 0.0859, 0.3546, 0.31236, 0.61485, 0.07307, 0.24065, 0.36901, 0.29829, 0.48189, 0.28074, 0.32484, 0.32851, 0.27069, 0.49182, 0.07759, 0.51192, 0.18367, 0.98176, 0.67189, 0.5948, 0.05958, 0.37867, 0.52877, 0.0, 1.04277, 0.68429, 0.17009, 0.92431, 0.4267, 0.79114, 0.58215, 0.69838, 0.9157, 0.19692, 0.90057, 0.83965, 0.20522, 0.79003, 0.58246, 0.38556, 0.96323, 0.70139, 0.72164, 0.72118, 0.56993, 0.82338, 0.61387, 0.9031, 0.29189, 0.95536, 0.80383, 0.92728, 0.40608, 1.06147, 1.04746, 0.91245, 1.12408, 0.51605, 1.17853, 0.98528, 0.72932, 0.91009, 1.24962, 1.0517, 1.06209, 1.15307, 0.73991, 0.90011, 0.62331, 0.95661, 0.90968, 1.28927, 0.92321, 0.85371, 0.84506, 0.86881, 0.77107, 1.29206, 0.94989, 1.65552, 0.91986, 1.70788, 0.8831, 1.11265, 1.46653, 1.30607, 1.02289, 1.02853, 1.70009, 0.7849, 1.34451, 1.28095, 1.23265, 1.5785, 1.13946, 1.13469, 1.53008, 1.02971, 1.93653, 1.07885, 1.17813, 1.35716, 1.57789, 1.17495, 1.55566, 1.48388, 1.62965, 1.23203, 1.21914, 0.95749, 1.65338, 1.06695, 1.74177, 0.9362, 1.77979, 1.70221, 1.10368, 1.4957, 1.33845, 1.53928, 1.50489, 1.92956, 1.54527, 1.20249, 1.73765, 1.54948, 1.07905, 1.51091, 1.41388, 1.46572, 1.62206, 1.19049, 1.52577, 1.59285, 1.60094, 1.44216, 1.89496, 1.75649, 1.38721, 1.46321, 1.52312, 1.69817, 1.41795, 1.99803, 2.07387, 1.74398, 1.64369, 2.20376, 1.86128, 1.65518, 1.51136, 1.74722, 1.79628, 1.95668, 1.78105, 2.13054, 1.73363, 2.34306, 1.6264, 2.07949, 1.90971, 2.25256, 1.36465, 2.17882, 2.07446, 1.58268, 2.06004, 1.66357, 2.43311, 2.26289, 1.66736, 1.59527, 2.14529, 2.15706, 1.83921, 2.6674, 2.09017, 1.96205, 2.21924, 1.40292, 2.0977, 2.72596, 1.83877, 2.01077, 2.47211, 1.86358, 2.57762, 2.10973, 1.68212, 2.07008, 2.67144, 2.12393, 2.23035, 2.15726, 2.00578, 2.02618, 2.63887, 3.20118, 3.52989, 0.83412, 3.63111, 0.05787, 2.48836, 2.06554, 0.44846, 3.11095, 1.31436, 2.45799, 3.47483, 2.32142, 1.58752, 3.49261, 4.88808, 0.0, 3.63139, 0.90011, 1.3698, 3.65102, 0.1227, 0.0, 3.48302, 0.0, 0.0, 3.34905, 0.0, 3.23979, 0.0, 3.29223, 0.0, 2.03697, 3.16858, 1.64647, 2.62126, 5.72519, 0.0, 7.12781, 0.0, 1.46936, 2.56718, 2.73339, 0.0, 1.13417, 3.24249, 0.0, 2.61219, 2.4011, 0.91595, 2.59804, 0.98017, 1.21758, 3.94861, 0.0, 0.80163, 2.21794, 3.11649, 4.12603, 1.24496, 3.31587, 2.27179, 5.17061, 0.0, 6.31244, NaN, 4.88205, 23.35023, 0.0, 1.88868, 4.53437, 18.05184, 0.0, 0.0]"
