lr,rmseC,rmseX,seed,time
0.03,0.33084818090069484,1.4177554907759737,54133,568658 milliseconds
