lr,rmseC,rmseX,seed,time
0.03,0.3770931358725982,1.20933071626445,54133,562795 milliseconds
