lr,rmseC,rmseX,seed,time
0.03,0.33838759362116233,1.4030505465263186,54133,572803 milliseconds
