lr,rmseC,rmseX,seed,time
0.03,0.32614246403486113,3.857459386327635,54133,509882 milliseconds
