lr,rmseC,rmseX,seed,time
0.03,0.3560788372501672,1.0814390653680843,54133,572816 milliseconds
