lr,rmseC,rmseX,seed,time
0.03,0.3231478076597039,3.7617647945841197,54133,572945 milliseconds
