lr,rmseC,rmseX,seed,time
0.03,0.3480730936901265,0.8416474890397866,54133,570286 milliseconds
