lr,rmseC,rmseX,seed,time
0.03,1.8272848212150579,6.2291637641527595,54133,564158 milliseconds
