lr,rmseC,rmseX,seed,time
0.03,0.35636064765225756,0.6554616577313614,54133,563409 milliseconds
