lr,rmseC,rmseX,seed,time
0.03,0.3259411576117206,3.8581138937830888,54133,560950 milliseconds
