lr,rmseC,rmseX,seed,time
0.03,0.33766284076478803,2.1061512760913237,54133,569616 milliseconds
