lr,rmseC,rmseX,seed,time
0.03,0.32332665935291255,2.2742840537369027,54133,552258 milliseconds
