lr,rmseC,rmseX,seed,time
0.03,0.3648377636706825,2.514354583536863,54133,563938 milliseconds
