lr,rmseC,rmseX,seed,time
0.03,0.373029907882835,3.5540382746844736,54133,535553 milliseconds
