lr,rmseC,rmseX,seed,time
0.03,0.34121045459017324,2.347299525778984,54133,548130 milliseconds
